Workbook

Sheet Read me
B1: Think Like a Scientist: science requisition, Weeks 1 to 10
B2: Years 7, 8 and 9. Quantities come from the kit card in every lesson file (Section 5), checked against the Teacher Guide prep calendar.
B4: Inputs (yellow cells: change these)
B5: Year 7 classes | C5: 1 | D5: Number of Year 7 classes taking the programme. Used-up items are multiplied by this.
B6: Year 8 classes | C6: 1 | D6: Number of Year 8 classes. Used-up items are multiplied by this.
B7: Year 9 classes | C7: 1 | D7: Number of Year 9 classes. Type 0 if Year 9 is not running this term.
B9: Freezer plan | C9: A and B | D9: Type A (freezer available), B (no freezer) or "A and B". Decide by Week 4. Leave "A and B" until then so both are costed; no Plan A or Plan B item is needed before Week 5.
B10: Other cells to fill in | D10: "Already have" on the Prep room check sheet (for example, type 6 if the prep room has 6 stopwatches; the shortfall updates), and the "Ordered" and "Received" columns on the Order list.
B12: How the quantities work
B13: • Quantities are for one class of up to 24 students in 6 groups, including the teacher demonstration and the spares the kit cards name.
B14: • Used-up items (salt, filter paper, card, tape) are added up across all ten weeks and multiplied by the number of classes, then rounded up.
B15: • Reusable items (stopwatches, measuring cylinders, goggles) show the most any one class needs at once. The year groups are taught at different times, so they share them. If two classes are ever taught at the same time, add their columns together.
B16: • Kept by class items (name cards, group folders, Year 9 role cards, Year 7 spinner envelopes) belong to one class for the series, so they are multiplied by the number of classes.
B17: • Weeks, not dates. "First needed" is the week an item must be in school; order it at least a week earlier.
B18: • Print jobs are not on the order list: worksheets, the Scientist's Logbook and the My Science Dictionary booklets go to reprographics (they are listed on the By week sheet). Card, laminating pouches, A3 and colour prints are included because they are stock to buy.
B19: • Weeks 7 and 8 depend on what each group chooses (Year 7 test plans, Year 8 test options, Year 9 claims). The list costs the maximum the kit cards allow; trim it once the choices are made in Week 7.
B20: • Chinese names are drafts for the purchasing team. Ask a colleague to check them before sending.
B22: The sheets
B23: • Order list: everything to buy (consumables, reusable items a science prep room would not usually have, stationery and card). This is the requisition.
B24: • Prep room check: standard school science equipment. Ask the technician to fill in "Already have"; add any shortfall to the requisition.
... B38: • Not on the kit cards but likely useful: reusable adhesive (Blu Tack) for posters, permanent markers and labels, a guillotine for cutting card sets, badge holders for the Year 8 expert witnesses.

Sheet Order list
A1: Item | B1: 中文名称（草稿） | C1: Specification | D1: Category | E1: Type | F1: Year 7 per class | G1: Year 8 per class | H1: Year 9 per class | I1: Quantity to order | J1: Unit | K1: First needed | L1: Weeks used | M1: Plan | N1: Safety and notes | O1: Ordered | P1: Received
A2: Plain bar soap | B2: 普通块状肥皂 | C2: Plain bar soap, not washing-up liquid (which is often close to neutral); 1 bar. | D2: Buy: used up | E2: Used up | F2: =ROUND('Data by week'!$AW$2*'Data by week'!$H$2,2) | G2: =ROUND('Data by week'!$AX$2*'Data by week'!$H$2,2) | H2: =ROUND('Data by week'!$AY$2*'Data by week'!$H$2,2) | I2: =ROUNDUP(F2*'Read me'!$C$5+G2*'Read me'!$C$6+H2*'Read me'!$C$7,0) | J2: teaspoon, grated | K2: Week 1 | L2: Year 8: W1, W5 | M2: Both plans | N2: Soap solution stings eyes: goggles when using it.
A3: White coffee filters (for chromatography strips) | B3: 白色咖啡滤纸（用于色谱滤纸条） | C3: White coffee-filter paper, cut into strips 2 cm x 10 cm. | D3: Buy: used up | E3: Used up | F3: =ROUND('Data by week'!$AW$3*'Data by week'!$H$3,2) | G3: =ROUND('Data by week'!$AX$3*'Data by week'!$H$3,2) | H3: =ROUND('Data by week'!$AY$3*'Data by week'!$H$3,2) | I3: =ROUNDUP(F3*'Read me'!$C$5+G3*'Read me'!$C$6+H3*'Read me'!$C$7,0) | J3: strips (2 cm x 10 cm) | K3: Week 1 | L3: Year 8: W1, W3, W7, W8 | M3: Both plans
A4: Cotton wool | B4: 棉花（脱脂棉） | C4: Sheet form for insulation squares; loose cotton wool or a cotton ball for the mystery cup and fibre. | D4: Buy: used up | E4: Used up | F4: =ROUND('Data by week'!$AW$4*'Data by week'!$H$4,2) | G4: =ROUND('Data by week'!$AX$4*'Data by week'!$H$4,2) | H4: =ROUND('Data by week'!$AY$4*'Data by week'!$H$4,2) | I4: =ROUNDUP(F4*'Read me'!$C$5+G4*'Read me'!$C$6+H4*'Read me'!$C$7,0) | J4: cotton ball | K4: Week 2 | L4: Year 7: W2 | M4: Both plans
A5: Paper cups, opaque | B5: 纸杯（不透明） | C5: Opaque paper cups for the mystery cups; small paper cups also hold pre-portioned fibre. | D5: Buy: used up | E5: Used up | F5: =ROUND('Data by week'!$AW$5*'Data by week'!$H$5,2) | G5: =ROUND('Data by week'!$AX$5*'Data by week'!$H$5,2) | H5: =ROUND('Data by week'!$AY$5*'Data by week'!$H$5,2) | I5: =ROUNDUP(F5*'Read me'!$C$5+G5*'Read me'!$C$6+H5*'Read me'!$C$7,0) | J5: cups | K5: Week 2 | L5: Year 7: W2, W7 | M5: Both plans
A6: Stirring sticks | B6: 搅拌棒（一次性） | C6: Disposable stirring sticks. | D6: Buy: used up | E6: Used up | F6: =ROUND('Data by week'!$AW$6*'Data by week'!$H$6,2) | G6: =ROUND('Data by week'!$AX$6*'Data by week'!$H$6,2) | H6: =ROUND('Data by week'!$AY$6*'Data by week'!$H$6,2) | I6: =ROUNDUP(F6*'Read me'!$C$5+G6*'Read me'!$C$6+H6*'Read me'!$C$7,0) | J6: sticks | K6: Week 4 | L6: Year 8: W4, W8 | M6: Both plans
A7: Zip-lock bags, small (sandwich size) | B7: 小号自封袋（三明治袋大小） | C7: Small resealable bags, sandwich size, that seal watertight; used for ice cubes, dough balls, spare fibre and as evidence bags. | D7: Buy: used up | E7: Used up | F7: =ROUND('Data by week'!$AW$7*'Data by week'!$H$7,2) | G7: =ROUND('Data by week'!$AX$7*'Data by week'!$H$7,2) | H7: =ROUND('Data by week'!$AY$7*'Data by week'!$H$7,2) | I7: =ROUNDUP(F7*'Read me'!$C$5+G7*'Read me'!$C$6+H7*'Read me'!$C$7,0) | J7: bags | K7: Week 4 | L7: Year 7: W6, W7; Year 8: W4, W7 | M7: Both plans | N7: Evidence bags stay sealed in Week 7: do not open, smell or taste. Plan B: knead dough inside the closed bag so flour dust stays in.
A8: Aluminium foil, kitchen roll | B8: 铝箔纸（厨房用） | C8: Kitchen foil roll; each trough uses a piece about 20 x 10 cm folded to double thickness. | D8: Buy: used up | E8: Used up | F8: =ROUND('Data by week'!$AW$8*'Data by week'!$H$8,2) | G8: =ROUND('Data by week'!$AX$8*'Data by week'!$H$8,2) | H8: =ROUND('Data by week'!$AY$8*'Data by week'!$H$8,2) | I8: =ROUNDUP(F8*'Read me'!$C$5+G8*'Read me'!$C$6+H8*'Read me'!$C$7,0) | J8: pieces | K8: Week 5 | L8: Year 7: W5, W6, W7 | M8: Both plans
A9: Bottled or purified water | B9: 纯净水（瓶装） | C9: Bottled or purified, not tap (tap water can be slightly alkaline). | D9: Buy: used up | E9: Used up | F9: =ROUND('Data by week'!$AW$9*'Data by week'!$H$9,2) | G9: =ROUND('Data by week'!$AX$9*'Data by week'!$H$9,2) | H9: =ROUND('Data by week'!$AY$9*'Data by week'!$H$9,2) | I9: =ROUNDUP(F9*'Read me'!$C$5+G9*'Read me'!$C$6+H9*'Read me'!$C$7,0) | J9: ml | K9: Week 5 | L9: Year 8: W5 | M9: Both plans | N9: No drinking any liquid in the practical.
A10: Cotton wool | B10: 棉花（脱脂棉） | C10: Sheet form for insulation squares; loose cotton wool or a cotton ball for the mystery cup and fibre. | D10: Buy: used up | E10: Used up | F10: =ROUND('Data by week'!$AW$10*'Data by week'!$H$10,2) | G10: =ROUND('Data by week'!$AX$10*'Data by week'!$H$10,2) | H10: =ROUND('Data by week'!$AY$10*'Data by week'!$H$10,2) | I10: =ROUNDUP(F10*'Read me'!$C$5+G10*'Read me'!$C$6+H10*'Read me'!$C$7,0) | J10: pieces | K10: Week 6 | L10: Year 7: W6 | M10: Both plans
A11: Disposable gloves | B11: 一次性手套 | C11: Disposable gloves, boxed (latex-free nitrile suggested); for handling ice, ice and salt mixture, and soil. | D11: Buy: used up | E11: Used up | F11: =ROUND('Data by week'!$AW$11*'Data by week'!$H$11+'Data by week'!$AW$18*'Data by week'!$H$18,2) | G11: =ROUND('Data by week'!$AX$11*'Data by week'!$H$11+'Data by week'!$AX$18*'Data by week'!$H$18,2) | H11: =ROUND('Data by week'!$AY$11*'Data by week'!$H$11+'Data by week'!$AY$18*'Data by week'!$H$18,2) | I11: =ROUNDUP(F11*'Read me'!$C$5+G11*'Read me'!$C$6+H11*'Read me'!$C$7,0) | J11: pairs | K11: Week 6 | L11: Year 7: W6, W8; Year 8: W8; Year 9: W6, W8 | M11: Both plans, Plan A (freezer) | N11: Soil can carry germs: cover cuts or wear gloves; do not touch face or mouth; wash hands with soap after. Wear gloves if you hold ice for more than a minute; peel strips with gloves on. Gloves go in the bin. Wear gloves whenever you handle the ice and salt mixture or salted ice. They are cold enough to hurt skin
A12: Freezer bags, strong | B12: 冷冻袋（加厚） | C12: Strong, clean freezer bags; one holds the notebook prop in the freezer, one is used to crush ice with a rolling pin. | D12: Buy: used up | E12: Used up | F12: =ROUND('Data by week'!$AW$12*'Data by week'!$H$12+'Data by week'!$AW$23*'Data by week'!$H$23,2) | G12: =ROUND('Data by week'!$AX$12*'Data by week'!$H$12+'Data by week'!$AX$23*'Data by week'!$H$23,2) | H12: =ROUND('Data by week'!$AY$12*'Data by week'!$H$12+'Data by week'!$AY$23*'Data by week'!$H$23,2) | I12: =ROUNDUP(F12*'Read me'!$C$5+G12*'Read me'!$C$6+H12*'Read me'!$C$7,0) | J12: bag | K12: Week 6 | L12: Year 8: W10; Year 9: W6, W8 | M12: Both plans, Plan A (freezer)
A13: Kitchen roll (shop-bought paper towels) | B13: 厨房纸（卷筒） | C13: Shop-bought kitchen roll, not the lab dispenser towels; for spills, and one sheet is Y8 paper reference P4. | D13: Buy: used up | E13: Used up | F13: =ROUND('Data by week'!$AW$13*'Data by week'!$H$13,2) | G13: =ROUND('Data by week'!$AX$13*'Data by week'!$H$13,2) | H13: =ROUND('Data by week'!$AY$13*'Data by week'!$H$13,2) | I13: =ROUNDUP(F13*'Read me'!$C$5+G13*'Read me'!$C$6+H13*'Read me'!$C$7,0) | J13: rolls | K13: Week 6 | L13: Year 7: W6, W7, W8; Year 8: W8; Year 9: W6, W8 | M13: Both plans | N13: Mop up spills straight away so no one slips. Wipe up spills at once: a wet floor is slippery
A14: Cotton wool | B14: 棉花（脱脂棉） | C14: Sheet form for insulation squares; loose cotton wool or a cotton ball for the mystery cup and fibre. | D14: Buy: used up | E14: Used up | F14: =ROUND('Data by week'!$AW$14*'Data by week'!$H$14,2) | G14: =ROUND('Data by week'!$AX$14*'Data by week'!$H$14,2) | H14: =ROUND('Data by week'!$AY$14*'Data by week'!$H$14,2) | I14: =ROUNDUP(F14*'Read me'!$C$5+G14*'Read me'!$C$6+H14*'Read me'!$C$7,0) | J14: g | K14: Week 7 | L14: Year 7: W7 | M14: Both plans
A15: Paper tissues (facial tissues) | B15: 面巾纸 | C15: Plain facial tissues; Y7 fibre (torn into 5 mm pieces) and Y8 paper reference P3. | D15: Buy: used up | E15: Used up | F15: =ROUND('Data by week'!$AW$15*'Data by week'!$H$15,2) | G15: =ROUND('Data by week'!$AX$15*'Data by week'!$H$15,2) | H15: =ROUND('Data by week'!$AY$15*'Data by week'!$H$15,2) | I15: =ROUNDUP(F15*'Read me'!$C$5+G15*'Read me'!$C$6+H15*'Read me'!$C$7,0) | J15: g | K15: Week 7 | L15: Year 7: W7 | M15: Both plans
A16: Sawdust, untreated natural wood | B16: 未经处理的木屑 | C16: Untreated natural wood sawdust or pet-bedding wood shavings only; never MDF dust (resin glues). One small bag. | D16: Buy: used up | E16: Used up | F16: =ROUND('Data by week'!$AW$16*'Data by week'!$H$16,2) | G16: =ROUND('Data by week'!$AX$16*'Data by week'!$H$16,2) | H16: =ROUND('Data by week'!$AY$16*'Data by week'!$H$16,2) | I16: =ROUNDUP(F16*'Read me'!$C$5+G16*'Read me'!$C$6+H16*'Read me'!$C$7,0) | J16: g | K16: Week 7 | L16: Year 7: W7 | M16: Both plans | N16: Untreated natural wood sawdust or pet-bedding shavings only, never MDF dust (contains resin glues). Keep it damp in a sealed bag; do not blow it or tip it from a height. Broken ice and sawdust go in the bin, not the sink (blocks drains). Store leftovers sealed and labelled 'untreated, not MDF'.
A17: Bags for soil samples, about 1 litre (holds about 2 cups of soil) | B17: 土壤采样袋（约1升） | C17: Labelled bags, each holding about 2 cups (about 500 ml) of soil with room to close the top. | D17: Buy: used up | E17: Used up | F17: =ROUND('Data by week'!$AW$17*'Data by week'!$H$17,2) | G17: =ROUND('Data by week'!$AX$17*'Data by week'!$H$17,2) | H17: =ROUND('Data by week'!$AY$17*'Data by week'!$H$17,2) | I17: =ROUNDUP(F17*'Read me'!$C$5+G17*'Read me'!$C$6+H17*'Read me'!$C$7,0) | J17: bags | K17: Week 8 | L17: Year 8: W8 | M17: Both plans
A18: Fizzy drink, small bottles | B18: 碳酸饮料（小瓶装） | C18: 4 identical small bottles of the same drink; bring to room temperature; never drunk. | D18: Buy: used up | E18: Used up | F18: =ROUND('Data by week'!$AW$19*'Data by week'!$H$19,2) | G18: =ROUND('Data by week'!$AX$19*'Data by week'!$H$19,2) | H18: =ROUND('Data by week'!$AY$19*'Data by week'!$H$19,2) | I18: =ROUNDUP(F18*'Read me'!$C$5+G18*'Read me'!$C$6+H18*'Read me'!$C$7,0) | J18: bottles | K18: Week 8 | L18: Year 9: W8 | M18: Both plans | N18: Never drink it and do not shake it. The teacher pours it away; the bottles go into recycling
A19: Flat sticks for levelling spoonfuls | B19: 刮平用扁木棒 | C19: Any flat stick that levels a tablespoon of soil. | D19: Buy: used up | E19: Used up | F19: =ROUND('Data by week'!$AW$20*'Data by week'!$H$20,2) | G19: =ROUND('Data by week'!$AX$20*'Data by week'!$H$20,2) | H19: =ROUND('Data by week'!$AY$20*'Data by week'!$H$20,2) | I19: =ROUNDUP(F19*'Read me'!$C$5+G19*'Read me'!$C$6+H19*'Read me'!$C$7,0) | J19: sticks | K19: Week 8 | L19: Year 8: W8 | M19: Both plans
A20: Paper tissues (facial tissues) | B20: 面巾纸 | C20: Plain facial tissues; Y7 fibre (torn into 5 mm pieces) and Y8 paper reference P3. | D20: Buy: used up | E20: Used up | F20: =ROUND('Data by week'!$AW$21*'Data by week'!$H$21,2) | G20: =ROUND('Data by week'!$AX$21*'Data by week'!$H$21,2) | H20: =ROUND('Data by week'!$AY$21*'Data by week'!$H$21,2) | I20: =ROUNDUP(F20*'Read me'!$C$5+G20*'Read me'!$C$6+H20*'Read me'!$C$7,0) | J20: tissues | K20: Week 8 | L20: Year 8: W8 | M20: Both plans
A21: Paper towels, three different brands | B21: 纸巾（3个不同品牌，各1卷或1包） | C21: One roll or pack of each of 3 brands; the teacher relabels them A, B and C and keeps the key. | D21: Buy: used up | E21: Used up | F21: =ROUND('Data by week'!$AW$22*'Data by week'!$H$22,2) | G21: =ROUND('Data by week'!$AX$22*'Data by week'!$H$22,2) | H21: =ROUND('Data by week'!$AY$22*'Data by week'!$H$22,2) | I21: =ROUNDUP(F21*'Read me'!$C$5+G21*'Read me'!$C$6+H21*'Read me'!$C$7,0) | J21: rolls (1 per brand) | K21: Week 8 | L21: Year 9: W8 | M21: Both plans | N21: Wipe up drips at once
A22: Black washable felt-tip pens, four different brands | B22: 黑色可水洗水彩笔（水性墨水，4个不同品牌） | C22: Black, washable (water-based) felt-tip pens from four different brands; not permanent markers. Cover brand names with masking tape and label A to D after the pre-test. | D22: Buy: reusable | E22: Reusable | F22: =ROUND(MAX(N('Data by week'!$I$24)*'Data by week'!$H$24,N('Data by week'!$J$24)*'Data by week'!$H$24,N('Data by week'!$K$24)*'Data by week'!$H$24,N('Data by week'!$L$24)*'Data by week'!$H$24,N('Data by week'!$M$24)*'Data by week'!$H$24,N('Data by week'!$N$24)*'Data by week'!$H$24,N('Data by week'!$O$24)*'Data by week'!$H$24,N('Data by week'!$P$24)*'Data by week'!$H$24,N('Data by week'!$Q$24)*'Data by week'!$H$24,N('Data by week'!$R$24)*'Data by week'!$H$24),2) | G22: =ROUND(MAX(N('Data by week'!$S$24)*'Data by week'!$H$24,N('Data by week'!$T$24)*'Data by week'!$H$24,N('Data by week'!$U$24)*'Data by week'!$H$24,N('Data by week'!$V$24)*'Data by week'!$H$24,N('Data by week'!$W$24)*'Data by week'!$H$24,N('Data by week'!$X$24)*'Data by week'!$H$24,N('Data by week'!$Y$24)*'Data by week'!$H$24,N('Data by week'!$Z$24)*'Data by week'!$H$24,N('Data by week'!$AA$24)*'Data by week'!$H$24,N('Data by week'!$AB$24)*'Data by week'!$H$24),2) | H22: =ROUND(MAX(N('Data by week'!$AC$24)*'Data by week'!$H$24,N('Data by week'!$AD$24)*'Data by week'!$H$24,N('Data by week'!$AE$24)*'Data by week'!$H$24,N('Data by week'!$AF$24)*'Data by week'!$H$24,N('Data by week'!$AG$24)*'Data by week'!$H$24,N('Data by week'!$AH$24)*'Data by week'!$H$24,N('Data by week'!$AI$24)*'Data by week'!$H$24,N('Data by week'!$AJ$24)*'Data by week'!$H$24,N('Data by week'!$AK$24)*'Data by week'!$H$24,N('Data by week'!$AL$24)*'Data by week'!$H$24),2) | I22: =MAX(F22:H22) | J22: pens | K22: Week 1 | L22: Year 8: W1, W3, W8 | M22: Both plans | N22: Ink stains clothes: keep caps on. Pen B never sits on a student table except as a labelled reference pen. Permanent markers will not work (ink does not move with water).
A23: Storage boxes, plastic with lid | B23: 带盖塑料收纳箱 | C23: Lidded storage boxes big enough for 24 A4 case files or logbooks; also the Y7 mystery-cup box and Ice Engineers kit box. | D23: Buy: reusable | E23: Reusable | F23: =ROUND(MAX(N('Data by week'!$I$25)*'Data by week'!$H$25,N('Data by week'!$J$25)*'Data by week'!$H$25,N('Data by week'!$K$25)*'Data by week'!$H$25,N('Data by week'!$L$25)*'Data by week'!$H$25,N('Data by week'!$M$25)*'Data by week'!$H$25,N('Data by week'!$N$25)*'Data by week'!$H$25,N('Data by week'!$O$25)*'Data by week'!$H$25,N('Data by week'!$P$25)*'Data by week'!$H$25,N('Data by week'!$Q$25)*'Data by week'!$H$25,N('Data by week'!$R$25)*'Data by week'!$H$25),2) | G23: =ROUND(MAX(N('Data by week'!$S$25)*'Data by week'!$H$25,N('Data by week'!$T$25)*'Data by week'!$H$25,N('Data by week'!$U$25)*'Data by week'!$H$25,N('Data by week'!$V$25)*'Data by week'!$H$25,N('Data by week'!$W$25)*'Data by week'!$H$25,N('Data by week'!$X$25)*'Data by week'!$H$25,N('Data by week'!$Y$25)*'Data by week'!$H$25,N('Data by week'!$Z$25)*'Data by week'!$H$25,N('Data by week'!$AA$25)*'Data by week'!$H$25,N('Data by week'!$AB$25)*'Data by week'!$H$25),2) | H23: =ROUND(MAX(N('Data by week'!$AC$25)*'Data by week'!$H$25,N('Data by week'!$AD$25)*'Data by week'!$H$25,N('Data by week'!$AE$25)*'Data by week'!$H$25,N('Data by week'!$AF$25)*'Data by week'!$H$25,N('Data by week'!$AG$25)*'Data by week'!$H$25,N('Data by week'!$AH$25)*'Data by week'!$H$25,N('Data by week'!$AI$25)*'Data by week'!$H$25,N('Data by week'!$AJ$25)*'Data by week'!$H$25,N('Data by week'!$AK$25)*'Data by week'!$H$25,N('Data by week'!$AL$25)*'Data by week'!$H$25),2) | I23: =MAX(F23:H23) | J23: boxes | K23: Week 1 | L23: Year 7: W1, W2, W10; Year 8: W1 | M23: Both plans
A24: Small lidded pots | B24: 带盖小样品盒 | C24: Small pots with lids, labelled. | D24: Buy: reusable | E24: Reusable | F24: =ROUND(MAX(N('Data by week'!$I$26)*'Data by week'!$H$26,N('Data by week'!$J$26)*'Data by week'!$H$26,N('Data by week'!$K$26)*'Data by week'!$H$26,N('Data by week'!$L$26)*'Data by week'!$H$26,N('Data by week'!$M$26)*'Data by week'!$H$26,N('Data by week'!$N$26)*'Data by week'!$H$26,N('Data by week'!$O$26)*'Data by week'!$H$26,N('Data by week'!$P$26)*'Data by week'!$H$26,N('Data by week'!$Q$26)*'Data by week'!$H$26,N('Data by week'!$R$26)*'Data by week'!$H$26),2) | G24: =ROUND(MAX(N('Data by week'!$S$26)*'Data by week'!$H$26,N('Data by week'!$T$26)*'Data by week'!$H$26,N('Data by week'!$U$26)*'Data by week'!$H$26,N('Data by week'!$V$26)*'Data by week'!$H$26,N('Data by week'!$W$26)*'Data by week'!$H$26,N('Data by week'!$X$26)*'Data by week'!$H$26,N('Data by week'!$Y$26)*'Data by week'!$H$26,N('Data by week'!$Z$26)*'Data by week'!$H$26,N('Data by week'!$AA$26)*'Data by week'!$H$26,N('Data by week'!$AB$26)*'Data by week'!$H$26),2) | H24: =ROUND(MAX(N('Data by week'!$AC$26)*'Data by week'!$H$26,N('Data by week'!$AD$26)*'Data by week'!$H$26,N('Data by week'!$AE$26)*'Data by week'!$H$26,N('Data by week'!$AF$26)*'Data by week'!$H$26,N('Data by week'!$AG$26)*'Data by week'!$H$26,N('Data by week'!$AH$26)*'Data by week'!$H$26,N('Data by week'!$AI$26)*'Data by week'!$H$26,N('Data by week'!$AJ$26)*'Data by week'!$H$26,N('Data by week'!$AK$26)*'Data by week'!$H$26,N('Data by week'!$AL$26)*'Data by week'!$H$26),2) | I24: =MAX(F24:H24) | J24: pots | K24: Week 4 | L24: Year 8: W4, W8 | M24: Both plans
A25: Ballpoint pens, identical | B25: 圆珠笔（同款同色） | C25: 24 identical pens: same model and colour, ideally new; check every one writes. Reused for raw data in later weeks. | D25: Buy: reusable | E25: Reusable | F25: =ROUND(MAX(N('Data by week'!$I$27)*'Data by week'!$H$27,N('Data by week'!$J$27)*'Data by week'!$H$27,N('Data by week'!$K$27)*'Data by week'!$H$27,N('Data by week'!$L$27)*'Data by week'!$H$27,N('Data by week'!$M$27)*'Data by week'!$H$27,N('Data by week'!$N$27)*'Data by week'!$H$27,N('Data by week'!$O$27)*'Data by week'!$H$27,N('Data by week'!$P$27)*'Data by week'!$H$27,N('Data by week'!$Q$27)*'Data by week'!$H$27,N('Data by week'!$R$27)*'Data by week'!$H$27),2) | G25: =ROUND(MAX(N('Data by week'!$S$27)*'Data by week'!$H$27,N('Data by week'!$T$27)*'Data by week'!$H$27,N('Data by week'!$U$27)*'Data by week'!$H$27,N('Data by week'!$V$27)*'Data by week'!$H$27,N('Data by week'!$W$27)*'Data by week'!$H$27,N('Data by week'!$X$27)*'Data by week'!$H$27,N('Data by week'!$Y$27)*'Data by week'!$H$27,N('Data by week'!$Z$27)*'Data by week'!$H$27,N('Data by week'!$AA$27)*'Data by week'!$H$27,N('Data by week'!$AB$27)*'Data by week'!$H$27),2) | H25: =ROUND(MAX(N('Data by week'!$AC$27)*'Data by week'!$H$27,N('Data by week'!$AD$27)*'Data by week'!$H$27,N('Data by week'!$AE$27)*'Data by week'!$H$27,N('Data by week'!$AF$27)*'Data by week'!$H$27,N('Data by week'!$AG$27)*'Data by week'!$H$27,N('Data by week'!$AH$27)*'Data by week'!$H$27,N('Data by week'!$AI$27)*'Data by week'!$H$27,N('Data by week'!$AJ$27)*'Data by week'!$H$27,N('Data by week'!$AK$27)*'Data by week'!$H$27,N('Data by week'!$AL$27)*'Data by week'!$H$27),2) | I25: =MAX(F25:H25) | J25: pens | K25: Week 5 | L25: Year 9: W5, W8, W9 | M25: Both plans | N25: Week 5 involves mild deception, so: explain the secret in the same lesson straight after the test; taking part is voluntary; any student may withdraw their score
A26: Cool box, insulated, with lid | B26: 保温箱（带盖） | C26: Insulated cool box with lid; big enough for 2 to 3 kg of ice or a group's flat tray of ice strips. | D26: Buy: reusable | E26: Reusable | F26: =ROUND(MAX(N('Data by week'!$I$28)*'Data by week'!$H$28,N('Data by week'!$J$28)*'Data by week'!$H$28,N('Data by week'!$K$28)*'Data by week'!$H$28,N('Data by week'!$L$28)*'Data by week'!$H$28,N('Data by week'!$M$28)*'Data by week'!$H$28,N('Data by week'!$N$28)*'Data by week'!$H$28,N('Data by week'!$O$28)*'Data by week'!$H$28,N('Data by week'!$P$28)*'Data by week'!$H$28,N('Data by week'!$Q$28)*'Data by week'!$H$28,N('Data by week'!$R$28)*'Data by week'!$H$28),2) | G26: =ROUND(MAX(N('Data by week'!$S$28)*'Data by week'!$H$28,N('Data by week'!$T$28)*'Data by week'!$H$28,N('Data by week'!$U$28)*'Data by week'!$H$28,N('Data by week'!$V$28)*'Data by week'!$H$28,N('Data by week'!$W$28)*'Data by week'!$H$28,N('Data by week'!$X$28)*'Data by week'!$H$28,N('Data by week'!$Y$28)*'Data by week'!$H$28,N('Data by week'!$Z$28)*'Data by week'!$H$28,N('Data by week'!$AA$28)*'Data by week'!$H$28,N('Data by week'!$AB$28)*'Data by week'!$H$28),2) | H26: =ROUND(MAX(N('Data by week'!$AC$28)*'Data by week'!$H$28,N('Data by week'!$AD$28)*'Data by week'!$H$28,N('Data by week'!$AE$28)*'Data by week'!$H$28,N('Data by week'!$AF$28)*'Data by week'!$H$28,N('Data by week'!$AG$28)*'Data by week'!$H$28,N('Data by week'!$AH$28)*'Data by week'!$H$28,N('Data by week'!$AI$28)*'Data by week'!$H$28,N('Data by week'!$AJ$28)*'Data by week'!$H$28,N('Data by week'!$AK$28)*'Data by week'!$H$28,N('Data by week'!$AL$28)*'Data by week'!$H$28),2) | I26: =MAX(F26:H26) | J26: boxes | K26: Week 6 | L26: Year 7: W6, W8; Year 9: W6, W8 | M26: Plan A (freezer)
A27: Height charts, paper, for the wall, 130 to 190 cm | B27: 纸质身高表（墙贴，130至190厘米） | C27: Wall height chart covering 130 to 190 cm. | D27: Buy: reusable | E27: Reusable | F27: =ROUND(MAX(N('Data by week'!$I$29)*'Data by week'!$H$29,N('Data by week'!$J$29)*'Data by week'!$H$29,N('Data by week'!$K$29)*'Data by week'!$H$29,N('Data by week'!$L$29)*'Data by week'!$H$29,N('Data by week'!$M$29)*'Data by week'!$H$29,N('Data by week'!$N$29)*'Data by week'!$H$29,N('Data by week'!$O$29)*'Data by week'!$H$29,N('Data by week'!$P$29)*'Data by week'!$H$29,N('Data by week'!$Q$29)*'Data by week'!$H$29,N('Data by week'!$R$29)*'Data by week'!$H$29),2) | G27: =ROUND(MAX(N('Data by week'!$S$29)*'Data by week'!$H$29,N('Data by week'!$T$29)*'Data by week'!$H$29,N('Data by week'!$U$29)*'Data by week'!$H$29,N('Data by week'!$V$29)*'Data by week'!$H$29,N('Data by week'!$W$29)*'Data by week'!$H$29,N('Data by week'!$X$29)*'Data by week'!$H$29,N('Data by week'!$Y$29)*'Data by week'!$H$29,N('Data by week'!$Z$29)*'Data by week'!$H$29,N('Data by week'!$AA$29)*'Data by week'!$H$29,N('Data by week'!$AB$29)*'Data by week'!$H$29),2) | H27: =ROUND(MAX(N('Data by week'!$AC$29)*'Data by week'!$H$29,N('Data by week'!$AD$29)*'Data by week'!$H$29,N('Data by week'!$AE$29)*'Data by week'!$H$29,N('Data by week'!$AF$29)*'Data by week'!$H$29,N('Data by week'!$AG$29)*'Data by week'!$H$29,N('Data by week'!$AH$29)*'Data by week'!$H$29,N('Data by week'!$AI$29)*'Data by week'!$H$29,N('Data by week'!$AJ$29)*'Data by week'!$H$29,N('Data by week'!$AK$29)*'Data by week'!$H$29,N('Data by week'!$AL$29)*'Data by week'!$H$29),2) | I27: =MAX(F27:H27) | J27: charts | K27: Week 6 | L27: Year 8: W6 | M27: Both plans | N27: Shoes off for measuring and under desks, not in walkways; no standing on chairs or tables; measuring is voluntary and data have numbers, not names.
A28: Ice-cube trays | B28: 冰格 | C28: Two of the same tray type. | D28: Buy: reusable | E28: Reusable | F28: =ROUND(MAX(N('Data by week'!$I$30)*'Data by week'!$H$30,N('Data by week'!$J$30)*'Data by week'!$H$30,N('Data by week'!$K$30)*'Data by week'!$H$30,N('Data by week'!$L$30)*'Data by week'!$H$30,N('Data by week'!$M$30)*'Data by week'!$H$30,N('Data by week'!$N$30)*'Data by week'!$H$30,N('Data by week'!$O$30)*'Data by week'!$H$30,N('Data by week'!$P$30)*'Data by week'!$H$30,N('Data by week'!$Q$30)*'Data by week'!$H$30,N('Data by week'!$R$30)*'Data by week'!$H$30),2) | G28: =ROUND(MAX(N('Data by week'!$S$30)*'Data by week'!$H$30,N('Data by week'!$T$30)*'Data by week'!$H$30,N('Data by week'!$U$30)*'Data by week'!$H$30,N('Data by week'!$V$30)*'Data by week'!$H$30,N('Data by week'!$W$30)*'Data by week'!$H$30,N('Data by week'!$X$30)*'Data by week'!$H$30,N('Data by week'!$Y$30)*'Data by week'!$H$30,N('Data by week'!$Z$30)*'Data by week'!$H$30,N('Data by week'!$AA$30)*'Data by week'!$H$30,N('Data by week'!$AB$30)*'Data by week'!$H$30),2) | H28: =ROUND(MAX(N('Data by week'!$AC$30)*'Data by week'!$H$30,N('Data by week'!$AD$30)*'Data by week'!$H$30,N('Data by week'!$AE$30)*'Data by week'!$H$30,N('Data by week'!$AF$30)*'Data by week'!$H$30,N('Data by week'!$AG$30)*'Data by week'!$H$30,N('Data by week'!$AH$30)*'Data by week'!$H$30,N('Data by week'!$AI$30)*'Data by week'!$H$30,N('Data by week'!$AJ$30)*'Data by week'!$H$30,N('Data by week'!$AK$30)*'Data by week'!$H$30,N('Data by week'!$AL$30)*'Data by week'!$H$30),2) | I28: =MAX(F28:H28) | J28: trays | K28: Week 6 | L28: Year 7: W6 | M28: Plan A (freezer)
A29: Polystyrene cups (insulated foam cups) | B29: 泡沫杯（聚苯乙烯，隔热） | C29: Insulated cup for the freezing mixture; two nested plastic cups will do instead. | D29: Buy: reusable | E29: Reusable | F29: =ROUND(MAX(N('Data by week'!$I$31)*'Data by week'!$H$31,N('Data by week'!$J$31)*'Data by week'!$H$31,N('Data by week'!$K$31)*'Data by week'!$H$31,N('Data by week'!$L$31)*'Data by week'!$H$31,N('Data by week'!$M$31)*'Data by week'!$H$31,N('Data by week'!$N$31)*'Data by week'!$H$31,N('Data by week'!$O$31)*'Data by week'!$H$31,N('Data by week'!$P$31)*'Data by week'!$H$31,N('Data by week'!$Q$31)*'Data by week'!$H$31,N('Data by week'!$R$31)*'Data by week'!$H$31),2) | G29: =ROUND(MAX(N('Data by week'!$S$31)*'Data by week'!$H$31,N('Data by week'!$T$31)*'Data by week'!$H$31,N('Data by week'!$U$31)*'Data by week'!$H$31,N('Data by week'!$V$31)*'Data by week'!$H$31,N('Data by week'!$W$31)*'Data by week'!$H$31,N('Data by week'!$X$31)*'Data by week'!$H$31,N('Data by week'!$Y$31)*'Data by week'!$H$31,N('Data by week'!$Z$31)*'Data by week'!$H$31,N('Data by week'!$AA$31)*'Data by week'!$H$31,N('Data by week'!$AB$31)*'Data by week'!$H$31),2) | H29: =ROUND(MAX(N('Data by week'!$AC$31)*'Data by week'!$H$31,N('Data by week'!$AD$31)*'Data by week'!$H$31,N('Data by week'!$AE$31)*'Data by week'!$H$31,N('Data by week'!$AF$31)*'Data by week'!$H$31,N('Data by week'!$AG$31)*'Data by week'!$H$31,N('Data by week'!$AH$31)*'Data by week'!$H$31,N('Data by week'!$AI$31)*'Data by week'!$H$31,N('Data by week'!$AJ$31)*'Data by week'!$H$31,N('Data by week'!$AK$31)*'Data by week'!$H$31,N('Data by week'!$AL$31)*'Data by week'!$H$31),2) | I29: =MAX(F29:H29) | J29: cups | K29: Week 6 | L29: Year 9: W6, W8 | M29: Plan A (freezer)
A30: Mini whiteboards | B30: 小白板（学生用） | C30: Mini whiteboards, 4 per group. | D30: Buy: reusable | E30: Reusable | F30: =ROUND(MAX(N('Data by week'!$I$32)*'Data by week'!$H$32,N('Data by week'!$J$32)*'Data by week'!$H$32,N('Data by week'!$K$32)*'Data by week'!$H$32,N('Data by week'!$L$32)*'Data by week'!$H$32,N('Data by week'!$M$32)*'Data by week'!$H$32,N('Data by week'!$N$32)*'Data by week'!$H$32,N('Data by week'!$O$32)*'Data by week'!$H$32,N('Data by week'!$P$32)*'Data by week'!$H$32,N('Data by week'!$Q$32)*'Data by week'!$H$32,N('Data by week'!$R$32)*'Data by week'!$H$32),2) | G30: =ROUND(MAX(N('Data by week'!$S$32)*'Data by week'!$H$32,N('Data by week'!$T$32)*'Data by week'!$H$32,N('Data by week'!$U$32)*'Data by week'!$H$32,N('Data by week'!$V$32)*'Data by week'!$H$32,N('Data by week'!$W$32)*'Data by week'!$H$32,N('Data by week'!$X$32)*'Data by week'!$H$32,N('Data by week'!$Y$32)*'Data by week'!$H$32,N('Data by week'!$Z$32)*'Data by week'!$H$32,N('Data by week'!$AA$32)*'Data by week'!$H$32,N('Data by week'!$AB$32)*'Data by week'!$H$32),2) | H30: =ROUND(MAX(N('Data by week'!$AC$32)*'Data by week'!$H$32,N('Data by week'!$AD$32)*'Data by week'!$H$32,N('Data by week'!$AE$32)*'Data by week'!$H$32,N('Data by week'!$AF$32)*'Data by week'!$H$32,N('Data by week'!$AG$32)*'Data by week'!$H$32,N('Data by week'!$AH$32)*'Data by week'!$H$32,N('Data by week'!$AI$32)*'Data by week'!$H$32,N('Data by week'!$AJ$32)*'Data by week'!$H$32,N('Data by week'!$AK$32)*'Data by week'!$H$32,N('Data by week'!$AL$32)*'Data by week'!$H$32),2) | I30: =MAX(F30:H30) | J30: boards | K30: Week 7 | L30: Year 8: W7 | M30: Both plans
A31: Waste bowl | B31: 废料盆 | C31: Plastic bowl, 1 per group. | D31: Buy: reusable | E31: Reusable | F31: =ROUND(MAX(N('Data by week'!$I$33)*'Data by week'!$H$33,N('Data by week'!$J$33)*'Data by week'!$H$33,N('Data by week'!$K$33)*'Data by week'!$H$33,N('Data by week'!$L$33)*'Data by week'!$H$33,N('Data by week'!$M$33)*'Data by week'!$H$33,N('Data by week'!$N$33)*'Data by week'!$H$33,N('Data by week'!$O$33)*'Data by week'!$H$33,N('Data by week'!$P$33)*'Data by week'!$H$33,N('Data by week'!$Q$33)*'Data by week'!$H$33,N('Data by week'!$R$33)*'Data by week'!$H$33),2) | G31: =ROUND(MAX(N('Data by week'!$S$33)*'Data by week'!$H$33,N('Data by week'!$T$33)*'Data by week'!$H$33,N('Data by week'!$U$33)*'Data by week'!$H$33,N('Data by week'!$V$33)*'Data by week'!$H$33,N('Data by week'!$W$33)*'Data by week'!$H$33,N('Data by week'!$X$33)*'Data by week'!$H$33,N('Data by week'!$Y$33)*'Data by week'!$H$33,N('Data by week'!$Z$33)*'Data by week'!$H$33,N('Data by week'!$AA$33)*'Data by week'!$H$33,N('Data by week'!$AB$33)*'Data by week'!$H$33),2) | H31: =ROUND(MAX(N('Data by week'!$AC$33)*'Data by week'!$H$33,N('Data by week'!$AD$33)*'Data by week'!$H$33,N('Data by week'!$AE$33)*'Data by week'!$H$33,N('Data by week'!$AF$33)*'Data by week'!$H$33,N('Data by week'!$AG$33)*'Data by week'!$H$33,N('Data by week'!$AH$33)*'Data by week'!$H$33,N('Data by week'!$AI$33)*'Data by week'!$H$33,N('Data by week'!$AJ$33)*'Data by week'!$H$33,N('Data by week'!$AK$33)*'Data by week'!$H$33,N('Data by week'!$AL$33)*'Data by week'!$H$33),2) | I31: =MAX(F31:H31) | J31: bowls | K31: Week 8 | L31: Year 7: W8 | M31: Both plans
A32: Bell, hand bell or desk bell (timing signal) | B32: 手摇铃或桌铃（计时提示用） | C32: Rung at 1 min 45 s in each 2-minute talk; a phone alarm will do instead. | D32: Buy: reusable | E32: Reusable | F32: =ROUND(MAX(N('Data by week'!$I$34)*'Data by week'!$H$34,N('Data by week'!$J$34)*'Data by week'!$H$34,N('Data by week'!$K$34)*'Data by week'!$H$34,N('Data by week'!$L$34)*'Data by week'!$H$34,N('Data by week'!$M$34)*'Data by week'!$H$34,N('Data by week'!$N$34)*'Data by week'!$H$34,N('Data by week'!$O$34)*'Data by week'!$H$34,N('Data by week'!$P$34)*'Data by week'!$H$34,N('Data by week'!$Q$34)*'Data by week'!$H$34,N('Data by week'!$R$34)*'Data by week'!$H$34),2) | G32: =ROUND(MAX(N('Data by week'!$S$34)*'Data by week'!$H$34,N('Data by week'!$T$34)*'Data by week'!$H$34,N('Data by week'!$U$34)*'Data by week'!$H$34,N('Data by week'!$V$34)*'Data by week'!$H$34,N('Data by week'!$W$34)*'Data by week'!$H$34,N('Data by week'!$X$34)*'Data by week'!$H$34,N('Data by week'!$Y$34)*'Data by week'!$H$34,N('Data by week'!$Z$34)*'Data by week'!$H$34,N('Data by week'!$AA$34)*'Data by week'!$H$34,N('Data by week'!$AB$34)*'Data by week'!$H$34),2) | H32: =ROUND(MAX(N('Data by week'!$AC$34)*'Data by week'!$H$34,N('Data by week'!$AD$34)*'Data by week'!$H$34,N('Data by week'!$AE$34)*'Data by week'!$H$34,N('Data by week'!$AF$34)*'Data by week'!$H$34,N('Data by week'!$AG$34)*'Data by week'!$H$34,N('Data by week'!$AH$34)*'Data by week'!$H$34,N('Data by week'!$AI$34)*'Data by week'!$H$34,N('Data by week'!$AJ$34)*'Data by week'!$H$34,N('Data by week'!$AK$34)*'Data by week'!$H$34,N('Data by week'!$AL$34)*'Data by week'!$H$34),2) | I32: =MAX(F32:H32) | J32: bell | K32: Week 10 | L32: Year 9: W10 | M32: Both plans
A33: A3 paper, white, 80 gsm | B33: A3复印纸（白色，80克） | C33: A3 white paper for black-and-white (greyscale) printing; some sheets printed on both sides (Y9 Week 9 report template). | D33: Stationery and card | E33: Used up | F33: =ROUND('Data by week'!$AW$35*'Data by week'!$H$35,2) | G33: =ROUND('Data by week'!$AX$35*'Data by week'!$H$35,2) | H33: =ROUND('Data by week'!$AY$35*'Data by week'!$H$35,2) | I33: =ROUNDUP(F33*'Read me'!$C$5+G33*'Read me'!$C$6+H33*'Read me'!$C$7,0) | J33: sheets | K33: Week 1 | L33: Year 7: W1, W2, W6, W7, W8, W9; Year 8: W1, W4, W5, W8, W9; Year 9: W1, W4, W6, W7, W9, W10 | M33: Both plans
A34: A4 folders for case files | B34: A4文件夹（案件档案用） | C34: A4 folder, 1 per student, to hold the case file pages. | D34: Stationery and card | E34: Used up | F34: =ROUND('Data by week'!$AW$36*'Data by week'!$H$36,2) | G34: =ROUND('Data by week'!$AX$36*'Data by week'!$H$36,2) | H34: =ROUND('Data by week'!$AY$36*'Data by week'!$H$36,2) | I34: =ROUNDUP(F34*'Read me'!$C$5+G34*'Read me'!$C$6+H34*'Read me'!$C$7,0) | J34: folders | K34: Week 1 | L34: Year 8: W1 | M34: Both plans
A35: Envelopes, C4 (for A4) | B35: C4信封（可平放A4纸） | C35: C4 or similar, large enough to hold A4 landscape cards or A4 papers flat. Also covers the 2 A4-size envelopes Y9 needs in Week 10. | D35: Stationery and card | E35: Reusable | F35: =ROUND(MAX(N('Data by week'!$I$37)*'Data by week'!$H$37,N('Data by week'!$J$37)*'Data by week'!$H$37,N('Data by week'!$K$37)*'Data by week'!$H$37,N('Data by week'!$L$37)*'Data by week'!$H$37,N('Data by week'!$M$37)*'Data by week'!$H$37,N('Data by week'!$N$37)*'Data by week'!$H$37,N('Data by week'!$O$37)*'Data by week'!$H$37,N('Data by week'!$P$37)*'Data by week'!$H$37,N('Data by week'!$Q$37)*'Data by week'!$H$37,N('Data by week'!$R$37)*'Data by week'!$H$37),2) | G35: =ROUND(MAX(N('Data by week'!$S$37)*'Data by week'!$H$37,N('Data by week'!$T$37)*'Data by week'!$H$37,N('Data by week'!$U$37)*'Data by week'!$H$37,N('Data by week'!$V$37)*'Data by week'!$H$37,N('Data by week'!$W$37)*'Data by week'!$H$37,N('Data by week'!$X$37)*'Data by week'!$H$37,N('Data by week'!$Y$37)*'Data by week'!$H$37,N('Data by week'!$Z$37)*'Data by week'!$H$37,N('Data by week'!$AA$37)*'Data by week'!$H$37,N('Data by week'!$AB$37)*'Data by week'!$H$37),2) | H35: =ROUND(MAX(N('Data by week'!$AC$37)*'Data by week'!$H$37,N('Data by week'!$AD$37)*'Data by week'!$H$37,N('Data by week'!$AE$37)*'Data by week'!$H$37,N('Data by week'!$AF$37)*'Data by week'!$H$37,N('Data by week'!$AG$37)*'Data by week'!$H$37,N('Data by week'!$AH$37)*'Data by week'!$H$37,N('Data by week'!$AI$37)*'Data by week'!$H$37,N('Data by week'!$AJ$37)*'Data by week'!$H$37,N('Data by week'!$AK$37)*'Data by week'!$H$37,N('Data by week'!$AL$37)*'Data by week'!$H$37),2) | I35: =MAX(F35:H35) | J35: envelopes | K35: Week 1 | L35: Year 7: W1 | M35: Both plans
A36: Envelopes, C6 (for small card sets) | B36: C6信封（可装A6及名片大小卡片） | C36: C6 (114 x 162 mm), big enough for a set of cards up to A6 or business-card size (8.5 x 5.5 cm). Write the group number or contents on each. Y9's 2 A4-size envelopes for Week 10 come from the C4 line. | D36: Stationery and card | E36: Reusable | F36: =ROUND(MAX(N('Data by week'!$I$38)*'Data by week'!$H$38,N('Data by week'!$J$38)*'Data by week'!$H$38,N('Data by week'!$K$38)*'Data by week'!$H$38,N('Data by week'!$L$38)*'Data by week'!$H$38,N('Data by week'!$M$38)*'Data by week'!$H$38,N('Data by week'!$N$38)*'Data by week'!$H$38,N('Data by week'!$O$38)*'Data by week'!$H$38,N('Data by week'!$P$38)*'Data by week'!$H$38,N('Data by week'!$Q$38)*'Data by week'!$H$38,N('Data by week'!$R$38)*'Data by week'!$H$38),2) | G36: =ROUND(MAX(N('Data by week'!$S$38)*'Data by week'!$H$38,N('Data by week'!$T$38)*'Data by week'!$H$38,N('Data by week'!$U$38)*'Data by week'!$H$38,N('Data by week'!$V$38)*'Data by week'!$H$38,N('Data by week'!$W$38)*'Data by week'!$H$38,N('Data by week'!$X$38)*'Data by week'!$H$38,N('Data by week'!$Y$38)*'Data by week'!$H$38,N('Data by week'!$Z$38)*'Data by week'!$H$38,N('Data by week'!$AA$38)*'Data by week'!$H$38,N('Data by week'!$AB$38)*'Data by week'!$H$38),2) | H36: =ROUND(MAX(N('Data by week'!$AC$38)*'Data by week'!$H$38,N('Data by week'!$AD$38)*'Data by week'!$H$38,N('Data by week'!$AE$38)*'Data by week'!$H$38,N('Data by week'!$AF$38)*'Data by week'!$H$38,N('Data by week'!$AG$38)*'Data by week'!$H$38,N('Data by week'!$AH$38)*'Data by week'!$H$38,N('Data by week'!$AI$38)*'Data by week'!$H$38,N('Data by week'!$AJ$38)*'Data by week'!$H$38,N('Data by week'!$AK$38)*'Data by week'!$H$38,N('Data by week'!$AL$38)*'Data by week'!$H$38),2) | I36: =MAX(F36:H36) | J36: envelopes | K36: Week 1 | L36: Year 7: W2; Year 9: W1, W2, W4, W7, W10 | M36: Both plans
A37: Group role cards (Year 9) | B37: 小组角色卡（九年级） | C37: Business-card size, one card per role (Lead Scientist, Measurer, Recorder, Safety Officer, Reporter); 1 set of 5 per group, stay on the tables all series. | D37: Stationery and card | E37: Kept by class | F37: =ROUND(MAX(N('Data by week'!$I$39)*'Data by week'!$H$39,N('Data by week'!$J$39)*'Data by week'!$H$39,N('Data by week'!$K$39)*'Data by week'!$H$39,N('Data by week'!$L$39)*'Data by week'!$H$39,N('Data by week'!$M$39)*'Data by week'!$H$39,N('Data by week'!$N$39)*'Data by week'!$H$39,N('Data by week'!$O$39)*'Data by week'!$H$39,N('Data by week'!$P$39)*'Data by week'!$H$39,N('Data by week'!$Q$39)*'Data by week'!$H$39,N('Data by week'!$R$39)*'Data by week'!$H$39),2) | G37: =ROUND(MAX(N('Data by week'!$S$39)*'Data by week'!$H$39,N('Data by week'!$T$39)*'Data by week'!$H$39,N('Data by week'!$U$39)*'Data by week'!$H$39,N('Data by week'!$V$39)*'Data by week'!$H$39,N('Data by week'!$W$39)*'Data by week'!$H$39,N('Data by week'!$X$39)*'Data by week'!$H$39,N('Data by week'!$Y$39)*'Data by week'!$H$39,N('Data by week'!$Z$39)*'Data by week'!$H$39,N('Data by week'!$AA$39)*'Data by week'!$H$39,N('Data by week'!$AB$39)*'Data by week'!$H$39),2) | H37: =ROUND(MAX(N('Data by week'!$AC$39)*'Data by week'!$H$39,N('Data by week'!$AD$39)*'Data by week'!$H$39,N('Data by week'!$AE$39)*'Data by week'!$H$39,N('Data by week'!$AF$39)*'Data by week'!$H$39,N('Data by week'!$AG$39)*'Data by week'!$H$39,N('Data by week'!$AH$39)*'Data by week'!$H$39,N('Data by week'!$AI$39)*'Data by week'!$H$39,N('Data by week'!$AJ$39)*'Data by week'!$H$39,N('Data by week'!$AK$39)*'Data by week'!$H$39,N('Data by week'!$AL$39)*'Data by week'!$H$39),2) | I37: =ROUNDUP(F37*'Read me'!$C$5+G37*'Read me'!$C$6+H37*'Read me'!$C$7,0) | J37: sets of 5 | K37: Week 1 | L37: Year 9: W1 | M37: Both plans
A38: Laminating pouches, A3 | B38: 塑封膜 A3 | C38: A3 laminating pouches for the school laminator (laminate 'if possible'). | D38: Stationery and card | E38: Used up | F38: =ROUND('Data by week'!$AW$40*'Data by week'!$H$40,2) | G38: =ROUND('Data by week'!$AX$40*'Data by week'!$H$40,2) | H38: =ROUND('Data by week'!$AY$40*'Data by week'!$H$40,2) | I38: =ROUNDUP(F38*'Read me'!$C$5+G38*'Read me'!$C$6+H38*'Read me'!$C$7,0) | J38: pouches | K38: Week 1 | L38: Year 7: W6, W7; Year 9: W1 | M38: Both plans
A39: Laminating pouches, A4 | B39: 塑封膜 A4 | C39: A4 laminating pouches for the school laminator. | D39: Stationery and card | E39: Used up | F39: =ROUND('Data by week'!$AW$41*'Data by week'!$H$41,2) | G39: =ROUND('Data by week'!$AX$41*'Data by week'!$H$41,2) | H39: =ROUND('Data by week'!$AY$41*'Data by week'!$H$41,2) | I39: =ROUNDUP(F39*'Read me'!$C$5+G39*'Read me'!$C$6+H39*'Read me'!$C$7,0) | J39: pouches | K39: Week 1 | L39: Year 7: W1, W8, W9; Year 8: W1, W7; Year 9: W8 | M39: Both plans
A40: Laminating pouches, A5 | B40: 塑封膜 A5 | C40: A5 laminating pouches for the school laminator. | D40: Stationery and card | E40: Used up | F40: =ROUND('Data by week'!$AW$42*'Data by week'!$H$42,2) | G40: =ROUND('Data by week'!$AX$42*'Data by week'!$H$42,2) | H40: =ROUND('Data by week'!$AY$42*'Data by week'!$H$42,2) | I40: =ROUNDUP(F40*'Read me'!$C$5+G40*'Read me'!$C$6+H40*'Read me'!$C$7,0) | J40: pouches | K40: Week 1 | L40: Year 7: W1, W4, W8; Year 8: W1, W3, W4, W5, W6; Year 9: W3, W5, W6, W8, W9 | M40: Both plans
A41: Masking tape | B41: 美纹纸胶带 | C41: Masking tape rolls; writable, for labels, wall marks and taping the mystery cups shut. | D41: Stationery and card | E41: Used up | F41: =ROUND('Data by week'!$AW$43*'Data by week'!$H$43,2) | G41: =ROUND('Data by week'!$AX$43*'Data by week'!$H$43,2) | H41: =ROUND('Data by week'!$AY$43*'Data by week'!$H$43,2) | I41: =ROUNDUP(F41*'Read me'!$C$5+G41*'Read me'!$C$6+H41*'Read me'!$C$7,0) | J41: rolls | K41: Week 1 | L41: Year 7: W2, W3, W4, W7; Year 8: W1, W6 | M41: Both plans
A42: Name cards, one per student | B42: 姓名卡（每人一张） | C42: Name cards for the group seating plan, 1 per student. | D42: Stationery and card | E42: Kept by class | F42: =ROUND(MAX(N('Data by week'!$I$44)*'Data by week'!$H$44,N('Data by week'!$J$44)*'Data by week'!$H$44,N('Data by week'!$K$44)*'Data by week'!$H$44,N('Data by week'!$L$44)*'Data by week'!$H$44,N('Data by week'!$M$44)*'Data by week'!$H$44,N('Data by week'!$N$44)*'Data by week'!$H$44,N('Data by week'!$O$44)*'Data by week'!$H$44,N('Data by week'!$P$44)*'Data by week'!$H$44,N('Data by week'!$Q$44)*'Data by week'!$H$44,N('Data by week'!$R$44)*'Data by week'!$H$44),2) | G42: =ROUND(MAX(N('Data by week'!$S$44)*'Data by week'!$H$44,N('Data by week'!$T$44)*'Data by week'!$H$44,N('Data by week'!$U$44)*'Data by week'!$H$44,N('Data by week'!$V$44)*'Data by week'!$H$44,N('Data by week'!$W$44)*'Data by week'!$H$44,N('Data by week'!$X$44)*'Data by week'!$H$44,N('Data by week'!$Y$44)*'Data by week'!$H$44,N('Data by week'!$Z$44)*'Data by week'!$H$44,N('Data by week'!$AA$44)*'Data by week'!$H$44,N('Data by week'!$AB$44)*'Data by week'!$H$44),2) | H42: =ROUND(MAX(N('Data by week'!$AC$44)*'Data by week'!$H$44,N('Data by week'!$AD$44)*'Data by week'!$H$44,N('Data by week'!$AE$44)*'Data by week'!$H$44,N('Data by week'!$AF$44)*'Data by week'!$H$44,N('Data by week'!$AG$44)*'Data by week'!$H$44,N('Data by week'!$AH$44)*'Data by week'!$H$44,N('Data by week'!$AI$44)*'Data by week'!$H$44,N('Data by week'!$AJ$44)*'Data by week'!$H$44,N('Data by week'!$AK$44)*'Data by week'!$H$44,N('Data by week'!$AL$44)*'Data by week'!$H$44),2) | I42: =ROUNDUP(F42*'Read me'!$C$5+G42*'Read me'!$C$6+H42*'Read me'!$C$7,0) | J42: cards | K42: Week 1 | L42: Year 7: W1; Year 8: W1 | M42: Both plans
A43: Pencils, HB | B43: 铅笔（HB） | C43: Ordinary HB pencils, sharpened. | D43: Stationery and card | E43: Reusable | F43: =ROUND(MAX(N('Data by week'!$I$45)*'Data by week'!$H$45,N('Data by week'!$J$45)*'Data by week'!$H$45,N('Data by week'!$K$45)*'Data by week'!$H$45,N('Data by week'!$L$45)*'Data by week'!$H$45,N('Data by week'!$M$45)*'Data by week'!$H$45,N('Data by week'!$N$45)*'Data by week'!$H$45,N('Data by week'!$O$45)*'Data by week'!$H$45,N('Data by week'!$P$45)*'Data by week'!$H$45,N('Data by week'!$Q$45)*'Data by week'!$H$45,N('Data by week'!$R$45)*'Data by week'!$H$45),2) | G43: =ROUND(MAX(N('Data by week'!$S$45)*'Data by week'!$H$45,N('Data by week'!$T$45)*'Data by week'!$H$45,N('Data by week'!$U$45)*'Data by week'!$H$45,N('Data by week'!$V$45)*'Data by week'!$H$45,N('Data by week'!$W$45)*'Data by week'!$H$45,N('Data by week'!$X$45)*'Data by week'!$H$45,N('Data by week'!$Y$45)*'Data by week'!$H$45,N('Data by week'!$Z$45)*'Data by week'!$H$45,N('Data by week'!$AA$45)*'Data by week'!$H$45,N('Data by week'!$AB$45)*'Data by week'!$H$45),2) | H43: =ROUND(MAX(N('Data by week'!$AC$45)*'Data by week'!$H$45,N('Data by week'!$AD$45)*'Data by week'!$H$45,N('Data by week'!$AE$45)*'Data by week'!$H$45,N('Data by week'!$AF$45)*'Data by week'!$H$45,N('Data by week'!$AG$45)*'Data by week'!$H$45,N('Data by week'!$AH$45)*'Data by week'!$H$45,N('Data by week'!$AI$45)*'Data by week'!$H$45,N('Data by week'!$AJ$45)*'Data by week'!$H$45,N('Data by week'!$AK$45)*'Data by week'!$H$45,N('Data by week'!$AL$45)*'Data by week'!$H$45),2) | I43: =MAX(F43:H43) | J43: pencils | K43: Week 1 | L43: Year 7: W1, W2, W5, W7, W10; Year 8: W1, W3, W6, W8, W10; Year 9: W1, W4, W7, W8, W9 | M43: Both plans | N43: Carry rulers and pencils safely; do not wave them near faces (Week 5).
A44: Scene footprint print, true size (24 cm), A4 | B44: 现场脚印打印图（实际尺寸，24厘米）A4 | C44: A4 portrait, printed at 100% (actual size), never 'fit to page'; check with a ruler that the footprint measures exactly 24 cm. | D44: Stationery and card | E44: Used up | F44: =ROUND('Data by week'!$AW$46*'Data by week'!$H$46,2) | G44: =ROUND('Data by week'!$AX$46*'Data by week'!$H$46,2) | H44: =ROUND('Data by week'!$AY$46*'Data by week'!$H$46,2) | I44: =ROUNDUP(F44*'Read me'!$C$5+G44*'Read me'!$C$6+H44*'Read me'!$C$7,0) | J44: prints | K44: Week 1 | L44: Year 8: W1, W6 | M44: Both plans
A45: White card, A4, 160 gsm | B45: 160克白卡纸 A4 | C45: A4 white card, 160 gsm, that feeds through the school printer (greyscale printing). 160 gsm is required for the Y7 spinner templates and assumed for all other card prints (cards, certificates, case file covers, fingerprint record cards, PRIZE strip). | D45: Stationery and card | E45: Used up | F45: =ROUND('Data by week'!$AW$47*'Data by week'!$H$47,2) | G45: =ROUND('Data by week'!$AX$47*'Data by week'!$H$47,2) | H45: =ROUND('Data by week'!$AY$47*'Data by week'!$H$47,2) | I45: =ROUNDUP(F45*'Read me'!$C$5+G45*'Read me'!$C$6+H45*'Read me'!$C$7,0) | J45: sheets | K45: Week 1 | L45: Year 7: W1, W2, W3, W4, W5, W10; Year 8: W1, W2, W9, W10; Year 9: W1, W3, W4, W7, W10 | M45: Both plans
A46: A4 paper, plain white, 80 gsm | B46: A4复印纸（白色，80克） | C46: Plain, unprinted A4 white paper. Y7 demo sheets must be smaller than the hardback book cover. | D46: Stationery and card | E46: Used up | F46: =ROUND('Data by week'!$AW$48*'Data by week'!$H$48,2) | G46: =ROUND('Data by week'!$AX$48*'Data by week'!$H$48,2) | H46: =ROUND('Data by week'!$AY$48*'Data by week'!$H$48,2) | I46: =ROUNDUP(F46*'Read me'!$C$5+G46*'Read me'!$C$6+H46*'Read me'!$C$7,0) | J46: sheets | K46: Week 2 | L46: Year 7: W2; Year 8: W5, W8; Year 9: W8 | M46: Both plans | N46: Measuring is voluntary. Use codes, not names. No comments on size
A47: Clear sticky tape | B47: 透明胶带 | C47: Clear sticky tape rolls; 1 roll per group in Y8 for lifting fingerprints. | D47: Stationery and card | E47: Used up | F47: =ROUND('Data by week'!$AW$49*'Data by week'!$H$49,2) | G47: =ROUND('Data by week'!$AX$49*'Data by week'!$H$49,2) | H47: =ROUND('Data by week'!$AY$49*'Data by week'!$H$49,2) | I47: =ROUNDUP(F47*'Read me'!$C$5+G47*'Read me'!$C$6+H47*'Read me'!$C$7,0) | J47: rolls | K47: Week 2 | L47: Year 8: W2, W3, W4, W8; Year 9: W10 | M47: Both plans | N47: Do not put tape in your mouth.
A48: Paper clips, standard 28 mm | B48: 回形针（标准28毫米） | C48: Standard 28 mm metal paper clips, all the same size (they set the spinner mass). | D48: Stationery and card | E48: Used up | F48: =ROUND('Data by week'!$AW$50*'Data by week'!$H$50,2) | G48: =ROUND('Data by week'!$AX$50*'Data by week'!$H$50,2) | H48: =ROUND('Data by week'!$AY$50*'Data by week'!$H$50,2) | I48: =ROUNDUP(F48*'Read me'!$C$5+G48*'Read me'!$C$6+H48*'Read me'!$C$7,0) | J48: clips | K48: Week 2 | L48: Year 7: W2, W3, W4; Year 8: W3 | M48: Both plans | N48: Do not unbend paper clips or point them at anyone.
A49: Permanent marker pens, black | B49: 黑色油性记号笔 | C49: Black permanent marker that writes on plastic cups, paper cups, bottles and laminated boards. | D49: Stationery and card | E49: Reusable | F49: =ROUND(MAX(N('Data by week'!$I$51)*'Data by week'!$H$51,N('Data by week'!$J$51)*'Data by week'!$H$51,N('Data by week'!$K$51)*'Data by week'!$H$51,N('Data by week'!$L$51)*'Data by week'!$H$51,N('Data by week'!$M$51)*'Data by week'!$H$51,N('Data by week'!$N$51)*'Data by week'!$H$51,N('Data by week'!$O$51)*'Data by week'!$H$51,N('Data by week'!$P$51)*'Data by week'!$H$51,N('Data by week'!$Q$51)*'Data by week'!$H$51,N('Data by week'!$R$51)*'Data by week'!$H$51),2) | G49: =ROUND(MAX(N('Data by week'!$S$51)*'Data by week'!$H$51,N('Data by week'!$T$51)*'Data by week'!$H$51,N('Data by week'!$U$51)*'Data by week'!$H$51,N('Data by week'!$V$51)*'Data by week'!$H$51,N('Data by week'!$W$51)*'Data by week'!$H$51,N('Data by week'!$X$51)*'Data by week'!$H$51,N('Data by week'!$Y$51)*'Data by week'!$H$51,N('Data by week'!$Z$51)*'Data by week'!$H$51,N('Data by week'!$AA$51)*'Data by week'!$H$51,N('Data by week'!$AB$51)*'Data by week'!$H$51),2) | H49: =ROUND(MAX(N('Data by week'!$AC$51)*'Data by week'!$H$51,N('Data by week'!$AD$51)*'Data by week'!$H$51,N('Data by week'!$AE$51)*'Data by week'!$H$51,N('Data by week'!$AF$51)*'Data by week'!$H$51,N('Data by week'!$AG$51)*'Data by week'!$H$51,N('Data by week'!$AH$51)*'Data by week'!$H$51,N('Data by week'!$AI$51)*'Data by week'!$H$51,N('Data by week'!$AJ$51)*'Data by week'!$H$51,N('Data by week'!$AK$51)*'Data by week'!$H$51,N('Data by week'!$AL$51)*'Data by week'!$H$51),2) | I49: =MAX(F49:H49) | J49: markers | K49: Week 2 | L49: Year 7: W2, W5, W6, W7, W8; Year 8: W8 | M49: Both plans
A50: Soft pencils, 2B to 4B | B50: 2B至4B铅笔（软芯） | C50: 2B to 4B soft pencils for shading graphite patches to take fingerprints. | D50: Stationery and card | E50: Reusable | F50: =ROUND(MAX(N('Data by week'!$I$52)*'Data by week'!$H$52,N('Data by week'!$J$52)*'Data by week'!$H$52,N('Data by week'!$K$52)*'Data by week'!$H$52,N('Data by week'!$L$52)*'Data by week'!$H$52,N('Data by week'!$M$52)*'Data by week'!$H$52,N('Data by week'!$N$52)*'Data by week'!$H$52,N('Data by week'!$O$52)*'Data by week'!$H$52,N('Data by week'!$P$52)*'Data by week'!$H$52,N('Data by week'!$Q$52)*'Data by week'!$H$52,N('Data by week'!$R$52)*'Data by week'!$H$52),2) | G50: =ROUND(MAX(N('Data by week'!$S$52)*'Data by week'!$H$52,N('Data by week'!$T$52)*'Data by week'!$H$52,N('Data by week'!$U$52)*'Data by week'!$H$52,N('Data by week'!$V$52)*'Data by week'!$H$52,N('Data by week'!$W$52)*'Data by week'!$H$52,N('Data by week'!$X$52)*'Data by week'!$H$52,N('Data by week'!$Y$52)*'Data by week'!$H$52,N('Data by week'!$Z$52)*'Data by week'!$H$52,N('Data by week'!$AA$52)*'Data by week'!$H$52,N('Data by week'!$AB$52)*'Data by week'!$H$52),2) | H50: =ROUND(MAX(N('Data by week'!$AC$52)*'Data by week'!$H$52,N('Data by week'!$AD$52)*'Data by week'!$H$52,N('Data by week'!$AE$52)*'Data by week'!$H$52,N('Data by week'!$AF$52)*'Data by week'!$H$52,N('Data by week'!$AG$52)*'Data by week'!$H$52,N('Data by week'!$AH$52)*'Data by week'!$H$52,N('Data by week'!$AI$52)*'Data by week'!$H$52,N('Data by week'!$AJ$52)*'Data by week'!$H$52,N('Data by week'!$AK$52)*'Data by week'!$H$52,N('Data by week'!$AL$52)*'Data by week'!$H$52),2) | I50: =MAX(F50:H50) | J50: pencils | K50: Week 2 | L50: Year 8: W2 | M50: Both plans | N50: Graphite makes fingers dirty: wash hands after taking fingerprints. Do not put pencils in your mouth.
A51: Whiteboard marker (board pen) | B51: 白板笔（教师用） | C51: Whiteboard marker for the class board. | D51: Stationery and card | E51: Reusable | F51: =ROUND(MAX(N('Data by week'!$I$53)*'Data by week'!$H$53,N('Data by week'!$J$53)*'Data by week'!$H$53,N('Data by week'!$K$53)*'Data by week'!$H$53,N('Data by week'!$L$53)*'Data by week'!$H$53,N('Data by week'!$M$53)*'Data by week'!$H$53,N('Data by week'!$N$53)*'Data by week'!$H$53,N('Data by week'!$O$53)*'Data by week'!$H$53,N('Data by week'!$P$53)*'Data by week'!$H$53,N('Data by week'!$Q$53)*'Data by week'!$H$53,N('Data by week'!$R$53)*'Data by week'!$H$53),2) | G51: =ROUND(MAX(N('Data by week'!$S$53)*'Data by week'!$H$53,N('Data by week'!$T$53)*'Data by week'!$H$53,N('Data by week'!$U$53)*'Data by week'!$H$53,N('Data by week'!$V$53)*'Data by week'!$H$53,N('Data by week'!$W$53)*'Data by week'!$H$53,N('Data by week'!$X$53)*'Data by week'!$H$53,N('Data by week'!$Y$53)*'Data by week'!$H$53,N('Data by week'!$Z$53)*'Data by week'!$H$53,N('Data by week'!$AA$53)*'Data by week'!$H$53,N('Data by week'!$AB$53)*'Data by week'!$H$53),2) | H51: =ROUND(MAX(N('Data by week'!$AC$53)*'Data by week'!$H$53,N('Data by week'!$AD$53)*'Data by week'!$H$53,N('Data by week'!$AE$53)*'Data by week'!$H$53,N('Data by week'!$AF$53)*'Data by week'!$H$53,N('Data by week'!$AG$53)*'Data by week'!$H$53,N('Data by week'!$AH$53)*'Data by week'!$H$53,N('Data by week'!$AI$53)*'Data by week'!$H$53,N('Data by week'!$AJ$53)*'Data by week'!$H$53,N('Data by week'!$AK$53)*'Data by week'!$H$53,N('Data by week'!$AL$53)*'Data by week'!$H$53),2) | I51: =MAX(F51:H51) | J51: pens | K51: Week 2 | L51: Year 9: W2 | M51: Both plans
A52: Envelopes, C5 (for A5) | B52: C5信封（可放A5纸） | C52: C5, holds A5 cards or a results table flat (Y7 group spinner envelopes; Y8 envelope to hide six A5 cleaning log cards). Label with the group name. | D52: Stationery and card | E52: Kept by class | F52: =ROUND(MAX(N('Data by week'!$I$54)*'Data by week'!$H$54,N('Data by week'!$J$54)*'Data by week'!$H$54,N('Data by week'!$K$54)*'Data by week'!$H$54,N('Data by week'!$L$54)*'Data by week'!$H$54,N('Data by week'!$M$54)*'Data by week'!$H$54,N('Data by week'!$N$54)*'Data by week'!$H$54,N('Data by week'!$O$54)*'Data by week'!$H$54,N('Data by week'!$P$54)*'Data by week'!$H$54,N('Data by week'!$Q$54)*'Data by week'!$H$54,N('Data by week'!$R$54)*'Data by week'!$H$54),2) | G52: =ROUND(MAX(N('Data by week'!$S$54)*'Data by week'!$H$54,N('Data by week'!$T$54)*'Data by week'!$H$54,N('Data by week'!$U$54)*'Data by week'!$H$54,N('Data by week'!$V$54)*'Data by week'!$H$54,N('Data by week'!$W$54)*'Data by week'!$H$54,N('Data by week'!$X$54)*'Data by week'!$H$54,N('Data by week'!$Y$54)*'Data by week'!$H$54,N('Data by week'!$Z$54)*'Data by week'!$H$54,N('Data by week'!$AA$54)*'Data by week'!$H$54,N('Data by week'!$AB$54)*'Data by week'!$H$54),2) | H52: =ROUND(MAX(N('Data by week'!$AC$54)*'Data by week'!$H$54,N('Data by week'!$AD$54)*'Data by week'!$H$54,N('Data by week'!$AE$54)*'Data by week'!$H$54,N('Data by week'!$AF$54)*'Data by week'!$H$54,N('Data by week'!$AG$54)*'Data by week'!$H$54,N('Data by week'!$AH$54)*'Data by week'!$H$54,N('Data by week'!$AI$54)*'Data by week'!$H$54,N('Data by week'!$AJ$54)*'Data by week'!$H$54,N('Data by week'!$AK$54)*'Data by week'!$H$54,N('Data by week'!$AL$54)*'Data by week'!$H$54),2) | I52: =ROUNDUP(F52*'Read me'!$C$5+G52*'Read me'!$C$6+H52*'Read me'!$C$7,0) | J52: envelopes | K52: Week 3 | L52: Year 7: W3, W4, W5; Year 8: W9 | M52: Both plans
A53: Black card, small pieces | B53: 黑色卡纸（小张） | C53: Small pieces of black card to view white powders on (with a magnifying glass). | D53: Stationery and card | E53: Reusable | F53: =ROUND(MAX(N('Data by week'!$I$55)*'Data by week'!$H$55,N('Data by week'!$J$55)*'Data by week'!$H$55,N('Data by week'!$K$55)*'Data by week'!$H$55,N('Data by week'!$L$55)*'Data by week'!$H$55,N('Data by week'!$M$55)*'Data by week'!$H$55,N('Data by week'!$N$55)*'Data by week'!$H$55,N('Data by week'!$O$55)*'Data by week'!$H$55,N('Data by week'!$P$55)*'Data by week'!$H$55,N('Data by week'!$Q$55)*'Data by week'!$H$55,N('Data by week'!$R$55)*'Data by week'!$H$55),2) | G53: =ROUND(MAX(N('Data by week'!$S$55)*'Data by week'!$H$55,N('Data by week'!$T$55)*'Data by week'!$H$55,N('Data by week'!$U$55)*'Data by week'!$H$55,N('Data by week'!$V$55)*'Data by week'!$H$55,N('Data by week'!$W$55)*'Data by week'!$H$55,N('Data by week'!$X$55)*'Data by week'!$H$55,N('Data by week'!$Y$55)*'Data by week'!$H$55,N('Data by week'!$Z$55)*'Data by week'!$H$55,N('Data by week'!$AA$55)*'Data by week'!$H$55,N('Data by week'!$AB$55)*'Data by week'!$H$55),2) | H53: =ROUND(MAX(N('Data by week'!$AC$55)*'Data by week'!$H$55,N('Data by week'!$AD$55)*'Data by week'!$H$55,N('Data by week'!$AE$55)*'Data by week'!$H$55,N('Data by week'!$AF$55)*'Data by week'!$H$55,N('Data by week'!$AG$55)*'Data by week'!$H$55,N('Data by week'!$AH$55)*'Data by week'!$H$55,N('Data by week'!$AI$55)*'Data by week'!$H$55,N('Data by week'!$AJ$55)*'Data by week'!$H$55,N('Data by week'!$AK$55)*'Data by week'!$H$55,N('Data by week'!$AL$55)*'Data by week'!$H$55),2) | I53: =MAX(F53:H53) | J53: pieces | K53: Week 4 | L53: Year 8: W4, W8 | M53: Both plans
A54: Sticky labels | B54: 不干胶标签 | C54: Sticky labels for pots, cups, bottles and bags (or write on them with a permanent marker). | D54: Stationery and card | E54: Used up | F54: =ROUND('Data by week'!$AW$56*'Data by week'!$H$56,2) | G54: =ROUND('Data by week'!$AX$56*'Data by week'!$H$56,2) | H54: =ROUND('Data by week'!$AY$56*'Data by week'!$H$56,2) | I54: =ROUNDUP(F54*'Read me'!$C$5+G54*'Read me'!$C$6+H54*'Read me'!$C$7,0) | J54: labels | K54: Week 4 | L54: Year 8: W4, W5, W7, W8 | M54: Both plans
A55: Sticky notes | B55: 便利贴 | C55: Sticky note pads. | D55: Stationery and card | E55: Used up | F55: =ROUND('Data by week'!$AW$57*'Data by week'!$H$57,2) | G55: =ROUND('Data by week'!$AX$57*'Data by week'!$H$57,2) | H55: =ROUND('Data by week'!$AY$57*'Data by week'!$H$57,2) | I55: =ROUNDUP(F55*'Read me'!$C$5+G55*'Read me'!$C$6+H55*'Read me'!$C$7,0) | J55: notes | K55: Week 4 | L55: Year 7: W10; Year 8: W5; Year 9: W4, W8 | M55: Both plans | N55: Take the sticky notes off the walls at clean-up
A56: Colour printing: red cabbage pH colour chart | B56: 彩色打印：紫甘蓝pH比色卡 | C56: Colour prints of the red cabbage pH colour chart with the colour name written in every box: 6 A5 group copies (then laminated) plus 1 A3 wall copy. | D56: Stationery and card | E56: Used up | F56: =ROUND('Data by week'!$AW$58*'Data by week'!$H$58,2) | G56: =ROUND('Data by week'!$AX$58*'Data by week'!$H$58,2) | H56: =ROUND('Data by week'!$AY$58*'Data by week'!$H$58,2) | I56: =ROUNDUP(F56*'Read me'!$C$5+G56*'Read me'!$C$6+H56*'Read me'!$C$7,0) | J56: colour prints | K56: Week 5 | L56: Year 8: W5 | M56: Both plans
A57: Pencil sharpener | B57: 卷笔刀 | C57: For the teacher desk. | D57: Stationery and card | E57: Reusable | F57: =ROUND(MAX(N('Data by week'!$I$59)*'Data by week'!$H$59,N('Data by week'!$J$59)*'Data by week'!$H$59,N('Data by week'!$K$59)*'Data by week'!$H$59,N('Data by week'!$L$59)*'Data by week'!$H$59,N('Data by week'!$M$59)*'Data by week'!$H$59,N('Data by week'!$N$59)*'Data by week'!$H$59,N('Data by week'!$O$59)*'Data by week'!$H$59,N('Data by week'!$P$59)*'Data by week'!$H$59,N('Data by week'!$Q$59)*'Data by week'!$H$59,N('Data by week'!$R$59)*'Data by week'!$H$59),2) | G57: =ROUND(MAX(N('Data by week'!$S$59)*'Data by week'!$H$59,N('Data by week'!$T$59)*'Data by week'!$H$59,N('Data by week'!$U$59)*'Data by week'!$H$59,N('Data by week'!$V$59)*'Data by week'!$H$59,N('Data by week'!$W$59)*'Data by week'!$H$59,N('Data by week'!$X$59)*'Data by week'!$H$59,N('Data by week'!$Y$59)*'Data by week'!$H$59,N('Data by week'!$Z$59)*'Data by week'!$H$59,N('Data by week'!$AA$59)*'Data by week'!$H$59,N('Data by week'!$AB$59)*'Data by week'!$H$59),2) | H57: =ROUND(MAX(N('Data by week'!$AC$59)*'Data by week'!$H$59,N('Data by week'!$AD$59)*'Data by week'!$H$59,N('Data by week'!$AE$59)*'Data by week'!$H$59,N('Data by week'!$AF$59)*'Data by week'!$H$59,N('Data by week'!$AG$59)*'Data by week'!$H$59,N('Data by week'!$AH$59)*'Data by week'!$H$59,N('Data by week'!$AI$59)*'Data by week'!$H$59,N('Data by week'!$AJ$59)*'Data by week'!$H$59,N('Data by week'!$AK$59)*'Data by week'!$H$59,N('Data by week'!$AL$59)*'Data by week'!$H$59),2) | I57: =MAX(F57:H57) | J57: sharpeners | K57: Week 5 | L57: Year 7: W5 | M57: Both plans
A58: String, strong | B58: 结实的细绳 | C58: Strong enough to hang a bag of water from a strip (plain strips should snap at about 150 to 500 ml of water). | D58: Stationery and card | E58: Used up | F58: =ROUND('Data by week'!$AW$60*'Data by week'!$H$60,2) | G58: =ROUND('Data by week'!$AX$60*'Data by week'!$H$60,2) | H58: =ROUND('Data by week'!$AY$60*'Data by week'!$H$60,2) | I58: =ROUNDUP(F58*'Read me'!$C$5+G58*'Read me'!$C$6+H58*'Read me'!$C$7,0) | J58: lengths | K58: Week 5 | L58: Year 7: W5, W8, W10 | M58: Both plans
A59: Group folders, A3 | B59: A3文件夹（小组用） | C59: 1 per group; must hold the A3 poster and planning frame flat. | D59: Stationery and card | E59: Kept by class | F59: =ROUND(MAX(N('Data by week'!$I$61)*'Data by week'!$H$61,N('Data by week'!$J$61)*'Data by week'!$H$61,N('Data by week'!$K$61)*'Data by week'!$H$61,N('Data by week'!$L$61)*'Data by week'!$H$61,N('Data by week'!$M$61)*'Data by week'!$H$61,N('Data by week'!$N$61)*'Data by week'!$H$61,N('Data by week'!$O$61)*'Data by week'!$H$61,N('Data by week'!$P$61)*'Data by week'!$H$61,N('Data by week'!$Q$61)*'Data by week'!$H$61,N('Data by week'!$R$61)*'Data by week'!$H$61),2) | G59: =ROUND(MAX(N('Data by week'!$S$61)*'Data by week'!$H$61,N('Data by week'!$T$61)*'Data by week'!$H$61,N('Data by week'!$U$61)*'Data by week'!$H$61,N('Data by week'!$V$61)*'Data by week'!$H$61,N('Data by week'!$W$61)*'Data by week'!$H$61,N('Data by week'!$X$61)*'Data by week'!$H$61,N('Data by week'!$Y$61)*'Data by week'!$H$61,N('Data by week'!$Z$61)*'Data by week'!$H$61,N('Data by week'!$AA$61)*'Data by week'!$H$61,N('Data by week'!$AB$61)*'Data by week'!$H$61),2) | H59: =ROUND(MAX(N('Data by week'!$AC$61)*'Data by week'!$H$61,N('Data by week'!$AD$61)*'Data by week'!$H$61,N('Data by week'!$AE$61)*'Data by week'!$H$61,N('Data by week'!$AF$61)*'Data by week'!$H$61,N('Data by week'!$AG$61)*'Data by week'!$H$61,N('Data by week'!$AH$61)*'Data by week'!$H$61,N('Data by week'!$AI$61)*'Data by week'!$H$61,N('Data by week'!$AJ$61)*'Data by week'!$H$61,N('Data by week'!$AK$61)*'Data by week'!$H$61,N('Data by week'!$AL$61)*'Data by week'!$H$61),2) | I59: =ROUNDUP(F59*'Read me'!$C$5+G59*'Read me'!$C$6+H59*'Read me'!$C$7,0) | J59: folders | K59: Week 6 | L59: Year 7: W6, W7, W8, W9, W10 | M59: Both plans
A60: Rubber bands (elastic bands) | B60: 橡皮筋 | C60: Rubber bands to hold insulation jackets on cups and fabric on bottles. | D60: Stationery and card | E60: Used up | F60: =ROUND('Data by week'!$AW$62*'Data by week'!$H$62,2) | G60: =ROUND('Data by week'!$AX$62*'Data by week'!$H$62,2) | H60: =ROUND('Data by week'!$AY$62*'Data by week'!$H$62,2) | I60: =ROUNDUP(F60*'Read me'!$C$5+G60*'Read me'!$C$6+H60*'Read me'!$C$7,0) | J60: bands | K60: Week 6 | L60: Year 7: W6; Year 9: W8 | M60: Both plans
A61: Clear plastic sleeves, A4 | B61: A4透明文件套 | C61: Clear plastic sleeves to show a note ink strip. | D61: Stationery and card | E61: Reusable | F61: =ROUND(MAX(N('Data by week'!$I$63)*'Data by week'!$H$63,N('Data by week'!$J$63)*'Data by week'!$H$63,N('Data by week'!$K$63)*'Data by week'!$H$63,N('Data by week'!$L$63)*'Data by week'!$H$63,N('Data by week'!$M$63)*'Data by week'!$H$63,N('Data by week'!$N$63)*'Data by week'!$H$63,N('Data by week'!$O$63)*'Data by week'!$H$63,N('Data by week'!$P$63)*'Data by week'!$H$63,N('Data by week'!$Q$63)*'Data by week'!$H$63,N('Data by week'!$R$63)*'Data by week'!$H$63),2) | G61: =ROUND(MAX(N('Data by week'!$S$63)*'Data by week'!$H$63,N('Data by week'!$T$63)*'Data by week'!$H$63,N('Data by week'!$U$63)*'Data by week'!$H$63,N('Data by week'!$V$63)*'Data by week'!$H$63,N('Data by week'!$W$63)*'Data by week'!$H$63,N('Data by week'!$X$63)*'Data by week'!$H$63,N('Data by week'!$Y$63)*'Data by week'!$H$63,N('Data by week'!$Z$63)*'Data by week'!$H$63,N('Data by week'!$AA$63)*'Data by week'!$H$63,N('Data by week'!$AB$63)*'Data by week'!$H$63),2) | H61: =ROUND(MAX(N('Data by week'!$AC$63)*'Data by week'!$H$63,N('Data by week'!$AD$63)*'Data by week'!$H$63,N('Data by week'!$AE$63)*'Data by week'!$H$63,N('Data by week'!$AF$63)*'Data by week'!$H$63,N('Data by week'!$AG$63)*'Data by week'!$H$63,N('Data by week'!$AH$63)*'Data by week'!$H$63,N('Data by week'!$AI$63)*'Data by week'!$H$63,N('Data by week'!$AJ$63)*'Data by week'!$H$63,N('Data by week'!$AK$63)*'Data by week'!$H$63,N('Data by week'!$AL$63)*'Data by week'!$H$63),2) | I61: =MAX(F61:H61) | J61: sleeves | K61: Week 7 | L61: Year 8: W7 | M61: Both plans
A62: Dry-wipe pens, fine tip | B62: 白板笔（细头） | C62: Fine-tip dry-wipe pens for mini whiteboards and laminated checklists. | D62: Stationery and card | E62: Reusable | F62: =ROUND(MAX(N('Data by week'!$I$64)*'Data by week'!$H$64,N('Data by week'!$J$64)*'Data by week'!$H$64,N('Data by week'!$K$64)*'Data by week'!$H$64,N('Data by week'!$L$64)*'Data by week'!$H$64,N('Data by week'!$M$64)*'Data by week'!$H$64,N('Data by week'!$N$64)*'Data by week'!$H$64,N('Data by week'!$O$64)*'Data by week'!$H$64,N('Data by week'!$P$64)*'Data by week'!$H$64,N('Data by week'!$Q$64)*'Data by week'!$H$64,N('Data by week'!$R$64)*'Data by week'!$H$64),2) | G62: =ROUND(MAX(N('Data by week'!$S$64)*'Data by week'!$H$64,N('Data by week'!$T$64)*'Data by week'!$H$64,N('Data by week'!$U$64)*'Data by week'!$H$64,N('Data by week'!$V$64)*'Data by week'!$H$64,N('Data by week'!$W$64)*'Data by week'!$H$64,N('Data by week'!$X$64)*'Data by week'!$H$64,N('Data by week'!$Y$64)*'Data by week'!$H$64,N('Data by week'!$Z$64)*'Data by week'!$H$64,N('Data by week'!$AA$64)*'Data by week'!$H$64,N('Data by week'!$AB$64)*'Data by week'!$H$64),2) | H62: =ROUND(MAX(N('Data by week'!$AC$64)*'Data by week'!$H$64,N('Data by week'!$AD$64)*'Data by week'!$H$64,N('Data by week'!$AE$64)*'Data by week'!$H$64,N('Data by week'!$AF$64)*'Data by week'!$H$64,N('Data by week'!$AG$64)*'Data by week'!$H$64,N('Data by week'!$AH$64)*'Data by week'!$H$64,N('Data by week'!$AI$64)*'Data by week'!$H$64,N('Data by week'!$AJ$64)*'Data by week'!$H$64,N('Data by week'!$AK$64)*'Data by week'!$H$64,N('Data by week'!$AL$64)*'Data by week'!$H$64),2) | I62: =MAX(F62:H62) | J62: pens | K62: Week 7 | L62: Year 8: W7; Year 9: W8 | M62: Both plans
A63: Clipboard, A4 | B63: A4写字板夹 | C63: A4 clipboard for the teacher's run sheet and marking grid. | D63: Stationery and card | E63: Reusable | F63: =ROUND(MAX(N('Data by week'!$I$65)*'Data by week'!$H$65,N('Data by week'!$J$65)*'Data by week'!$H$65,N('Data by week'!$K$65)*'Data by week'!$H$65,N('Data by week'!$L$65)*'Data by week'!$H$65,N('Data by week'!$M$65)*'Data by week'!$H$65,N('Data by week'!$N$65)*'Data by week'!$H$65,N('Data by week'!$O$65)*'Data by week'!$H$65,N('Data by week'!$P$65)*'Data by week'!$H$65,N('Data by week'!$Q$65)*'Data by week'!$H$65,N('Data by week'!$R$65)*'Data by week'!$H$65),2) | G63: =ROUND(MAX(N('Data by week'!$S$65)*'Data by week'!$H$65,N('Data by week'!$T$65)*'Data by week'!$H$65,N('Data by week'!$U$65)*'Data by week'!$H$65,N('Data by week'!$V$65)*'Data by week'!$H$65,N('Data by week'!$W$65)*'Data by week'!$H$65,N('Data by week'!$X$65)*'Data by week'!$H$65,N('Data by week'!$Y$65)*'Data by week'!$H$65,N('Data by week'!$Z$65)*'Data by week'!$H$65,N('Data by week'!$AA$65)*'Data by week'!$H$65,N('Data by week'!$AB$65)*'Data by week'!$H$65),2) | H63: =ROUND(MAX(N('Data by week'!$AC$65)*'Data by week'!$H$65,N('Data by week'!$AD$65)*'Data by week'!$H$65,N('Data by week'!$AE$65)*'Data by week'!$H$65,N('Data by week'!$AF$65)*'Data by week'!$H$65,N('Data by week'!$AG$65)*'Data by week'!$H$65,N('Data by week'!$AH$65)*'Data by week'!$H$65,N('Data by week'!$AI$65)*'Data by week'!$H$65,N('Data by week'!$AJ$65)*'Data by week'!$H$65,N('Data by week'!$AK$65)*'Data by week'!$H$65,N('Data by week'!$AL$65)*'Data by week'!$H$65),2) | I63: =MAX(F63:H63) | J63: clipboards | K63: Week 8 | L63: Year 7: W10; Year 9: W8, W10 | M63: Both plans
A64: Black felt-tip pens, thick tip | B64: 黑色马克笔（粗头） | C64: Black, thick (broad) tip, for posters. | D64: Stationery and card | E64: Reusable | F64: =ROUND(MAX(N('Data by week'!$I$66)*'Data by week'!$H$66,N('Data by week'!$J$66)*'Data by week'!$H$66,N('Data by week'!$K$66)*'Data by week'!$H$66,N('Data by week'!$L$66)*'Data by week'!$H$66,N('Data by week'!$M$66)*'Data by week'!$H$66,N('Data by week'!$N$66)*'Data by week'!$H$66,N('Data by week'!$O$66)*'Data by week'!$H$66,N('Data by week'!$P$66)*'Data by week'!$H$66,N('Data by week'!$Q$66)*'Data by week'!$H$66,N('Data by week'!$R$66)*'Data by week'!$H$66),2) | G64: =ROUND(MAX(N('Data by week'!$S$66)*'Data by week'!$H$66,N('Data by week'!$T$66)*'Data by week'!$H$66,N('Data by week'!$U$66)*'Data by week'!$H$66,N('Data by week'!$V$66)*'Data by week'!$H$66,N('Data by week'!$W$66)*'Data by week'!$H$66,N('Data by week'!$X$66)*'Data by week'!$H$66,N('Data by week'!$Y$66)*'Data by week'!$H$66,N('Data by week'!$Z$66)*'Data by week'!$H$66,N('Data by week'!$AA$66)*'Data by week'!$H$66,N('Data by week'!$AB$66)*'Data by week'!$H$66),2) | H64: =ROUND(MAX(N('Data by week'!$AC$66)*'Data by week'!$H$66,N('Data by week'!$AD$66)*'Data by week'!$H$66,N('Data by week'!$AE$66)*'Data by week'!$H$66,N('Data by week'!$AF$66)*'Data by week'!$H$66,N('Data by week'!$AG$66)*'Data by week'!$H$66,N('Data by week'!$AH$66)*'Data by week'!$H$66,N('Data by week'!$AI$66)*'Data by week'!$H$66,N('Data by week'!$AJ$66)*'Data by week'!$H$66,N('Data by week'!$AK$66)*'Data by week'!$H$66,N('Data by week'!$AL$66)*'Data by week'!$H$66),2) | I64: =MAX(F64:H64) | J64: pens | K64: Week 9 | L64: Year 7: W9 | M64: Both plans
A65: Black felt-tip pens, thin tip | B65: 黑色马克笔（细头） | C65: Black, thin tip, for posters. | D65: Stationery and card | E65: Reusable | F65: =ROUND(MAX(N('Data by week'!$I$67)*'Data by week'!$H$67,N('Data by week'!$J$67)*'Data by week'!$H$67,N('Data by week'!$K$67)*'Data by week'!$H$67,N('Data by week'!$L$67)*'Data by week'!$H$67,N('Data by week'!$M$67)*'Data by week'!$H$67,N('Data by week'!$N$67)*'Data by week'!$H$67,N('Data by week'!$O$67)*'Data by week'!$H$67,N('Data by week'!$P$67)*'Data by week'!$H$67,N('Data by week'!$Q$67)*'Data by week'!$H$67,N('Data by week'!$R$67)*'Data by week'!$H$67),2) | G65: =ROUND(MAX(N('Data by week'!$S$67)*'Data by week'!$H$67,N('Data by week'!$T$67)*'Data by week'!$H$67,N('Data by week'!$U$67)*'Data by week'!$H$67,N('Data by week'!$V$67)*'Data by week'!$H$67,N('Data by week'!$W$67)*'Data by week'!$H$67,N('Data by week'!$X$67)*'Data by week'!$H$67,N('Data by week'!$Y$67)*'Data by week'!$H$67,N('Data by week'!$Z$67)*'Data by week'!$H$67,N('Data by week'!$AA$67)*'Data by week'!$H$67,N('Data by week'!$AB$67)*'Data by week'!$H$67),2) | H65: =ROUND(MAX(N('Data by week'!$AC$67)*'Data by week'!$H$67,N('Data by week'!$AD$67)*'Data by week'!$H$67,N('Data by week'!$AE$67)*'Data by week'!$H$67,N('Data by week'!$AF$67)*'Data by week'!$H$67,N('Data by week'!$AG$67)*'Data by week'!$H$67,N('Data by week'!$AH$67)*'Data by week'!$H$67,N('Data by week'!$AI$67)*'Data by week'!$H$67,N('Data by week'!$AJ$67)*'Data by week'!$H$67,N('Data by week'!$AK$67)*'Data by week'!$H$67,N('Data by week'!$AL$67)*'Data by week'!$H$67),2) | I65: =MAX(F65:H65) | J65: pens | K65: Week 9 | L65: Year 7: W9 | M65: Both plans
A66: Glue sticks | B66: 固体胶 | C66: Glue sticks (Y8 Week 9 may use Blu Tack instead). | D66: Stationery and card | E66: Used up | F66: =ROUND('Data by week'!$AW$68*'Data by week'!$H$68,2) | G66: =ROUND('Data by week'!$AX$68*'Data by week'!$H$68,2) | H66: =ROUND('Data by week'!$AY$68*'Data by week'!$H$68,2) | I66: =ROUNDUP(F66*'Read me'!$C$5+G66*'Read me'!$C$6+H66*'Read me'!$C$7,0) | J66: glue sticks | K66: Week 9 | L66: Year 7: W9; Year 8: W9 | M66: Both plans
A67: Photo print: Week 5 Ideas Parking Board | B67: 照片打印：第5周想法停车场 | C67: Print of the teacher's photograph of the Ideas Parking Board, in colour if possible so the sticky notes can be read. | D67: Stationery and card | E67: Used up | F67: =ROUND('Data by week'!$AW$69*'Data by week'!$H$69,2) | G67: =ROUND('Data by week'!$AX$69*'Data by week'!$H$69,2) | H67: =ROUND('Data by week'!$AY$69*'Data by week'!$H$69,2) | I67: =ROUNDUP(F67*'Read me'!$C$5+G67*'Read me'!$C$6+H67*'Read me'!$C$7,0) | J67: print | K67: Week 9 | L67: Year 8: W9 | M67: Both plans
A68: Stapler (with staples) | B68: 订书机（含订书钉） | C68: 1 per group; paper clips will do instead. | D68: Stationery and card | E68: Reusable | F68: =ROUND(MAX(N('Data by week'!$I$70)*'Data by week'!$H$70,N('Data by week'!$J$70)*'Data by week'!$H$70,N('Data by week'!$K$70)*'Data by week'!$H$70,N('Data by week'!$L$70)*'Data by week'!$H$70,N('Data by week'!$M$70)*'Data by week'!$H$70,N('Data by week'!$N$70)*'Data by week'!$H$70,N('Data by week'!$O$70)*'Data by week'!$H$70,N('Data by week'!$P$70)*'Data by week'!$H$70,N('Data by week'!$Q$70)*'Data by week'!$H$70,N('Data by week'!$R$70)*'Data by week'!$H$70),2) | G68: =ROUND(MAX(N('Data by week'!$S$70)*'Data by week'!$H$70,N('Data by week'!$T$70)*'Data by week'!$H$70,N('Data by week'!$U$70)*'Data by week'!$H$70,N('Data by week'!$V$70)*'Data by week'!$H$70,N('Data by week'!$W$70)*'Data by week'!$H$70,N('Data by week'!$X$70)*'Data by week'!$H$70,N('Data by week'!$Y$70)*'Data by week'!$H$70,N('Data by week'!$Z$70)*'Data by week'!$H$70,N('Data by week'!$AA$70)*'Data by week'!$H$70,N('Data by week'!$AB$70)*'Data by week'!$H$70),2) | H68: =ROUND(MAX(N('Data by week'!$AC$70)*'Data by week'!$H$70,N('Data by week'!$AD$70)*'Data by week'!$H$70,N('Data by week'!$AE$70)*'Data by week'!$H$70,N('Data by week'!$AF$70)*'Data by week'!$H$70,N('Data by week'!$AG$70)*'Data by week'!$H$70,N('Data by week'!$AH$70)*'Data by week'!$H$70,N('Data by week'!$AI$70)*'Data by week'!$H$70,N('Data by week'!$AJ$70)*'Data by week'!$H$70,N('Data by week'!$AK$70)*'Data by week'!$H$70,N('Data by week'!$AL$70)*'Data by week'!$H$70),2) | I68: =MAX(F68:H68) | J68: staplers | K68: Week 9 | L68: Year 9: W9 | M68: Both plans
A69: Running order poster (Year 9, Week 10) | B69: 汇报顺序海报 | C69: No size or print spec given; filled in with each group's claim before the lesson. Not needed if slide 4 is shown. | D69: Stationery and card | E69: Used up | F69: =ROUND('Data by week'!$AW$71*'Data by week'!$H$71,2) | G69: =ROUND('Data by week'!$AX$71*'Data by week'!$H$71,2) | H69: =ROUND('Data by week'!$AY$71*'Data by week'!$H$71,2) | I69: =ROUNDUP(F69*'Read me'!$C$5+G69*'Read me'!$C$6+H69*'Read me'!$C$7,0) | J69: poster | K69: Week 10 | L69: Year 9: W10 | M69: Both plans

Sheet Prep room check
A1: Item | B1: 中文名称（草稿） | C1: Specification | D1: Type | E1: Most needed at once | F1: Unit | G1: First needed | H1: Weeks used | I1: Plan | J1: Already have | K1: Shortfall to order | L1: Safety and notes
A2: Plastic cups, small, clear | B2: 透明小塑料杯 | C2: Small clear plastic cups (or small beakers) so colour and cloudiness can be seen. | D2: Reusable | E2: =MAX(MAX(N('Data by week'!$I$72)*'Data by week'!$H$72,N('Data by week'!$J$72)*'Data by week'!$H$72,N('Data by week'!$K$72)*'Data by week'!$H$72,N('Data by week'!$L$72)*'Data by week'!$H$72,N('Data by week'!$M$72)*'Data by week'!$H$72,N('Data by week'!$N$72)*'Data by week'!$H$72,N('Data by week'!$O$72)*'Data by week'!$H$72,N('Data by week'!$P$72)*'Data by week'!$H$72,N('Data by week'!$Q$72)*'Data by week'!$H$72,N('Data by week'!$R$72)*'Data by week'!$H$72),MAX(N('Data by week'!$S$72)*'Data by week'!$H$72,N('Data by week'!$T$72)*'Data by week'!$H$72,N('Data by week'!$U$72)*'Data by week'!$H$72,N('Data by week'!$V$72)*'Data by week'!$H$72,N('Data by week'!$W$72)*'Data by week'!$H$72,N('Data by week'!$X$72)*'Data by week'!$H$72,N('Data by week'!$Y$72)*'Data by week'!$H$72,N('Data by week'!$Z$72)*'Data by week'!$H$72,N('Data by week'!$AA$72)*'Data by week'!$H$72,N('Data by week'!$AB$72)*'Data by week'!$H$72),MAX(N('Data by week'!$AC$72)*'Data by week'!$H$72,N('Data by week'!$AD$72)*'Data by week'!$H$72,N('Data by week'!$AE$72)*'Data by week'!$H$72,N('Data by week'!$AF$72)*'Data by week'!$H$72,N('Data by week'!$AG$72)*'Data by week'!$H$72,N('Data by week'!$AH$72)*'Data by week'!$H$72,N('Data by week'!$AI$72)*'Data by week'!$H$72,N('Data by week'!$AJ$72)*'Data by week'!$H$72,N('Data by week'!$AK$72)*'Data by week'!$H$72,N('Data by week'!$AL$72)*'Data by week'!$H$72)) | F2: cups | G2: Week 1 | H2: Year 8: W1, W3, W4, W5, W8 | I2: Both plans | K2: =MAX(0,E2-N(J2)) | L2: Do not drink from any cup. Rinse to reuse, or recycle.
A3: Trays, flat (kit trays) | B3: 托盘（平底） | C3: Flat kit trays, 1 per group; must hold 9 foil troughs (or cups of water) and fit flat in the freezer drawer; one dark tray for the optional Y8 scene table. | D3: Reusable | E3: =MAX(MAX(N('Data by week'!$I$73)*'Data by week'!$H$73,N('Data by week'!$J$73)*'Data by week'!$H$73,N('Data by week'!$K$73)*'Data by week'!$H$73,N('Data by week'!$L$73)*'Data by week'!$H$73,N('Data by week'!$M$73)*'Data by week'!$H$73,N('Data by week'!$N$73)*'Data by week'!$H$73,N('Data by week'!$O$73)*'Data by week'!$H$73,N('Data by week'!$P$73)*'Data by week'!$H$73,N('Data by week'!$Q$73)*'Data by week'!$H$73,N('Data by week'!$R$73)*'Data by week'!$H$73),MAX(N('Data by week'!$S$73)*'Data by week'!$H$73,N('Data by week'!$T$73)*'Data by week'!$H$73,N('Data by week'!$U$73)*'Data by week'!$H$73,N('Data by week'!$V$73)*'Data by week'!$H$73,N('Data by week'!$W$73)*'Data by week'!$H$73,N('Data by week'!$X$73)*'Data by week'!$H$73,N('Data by week'!$Y$73)*'Data by week'!$H$73,N('Data by week'!$Z$73)*'Data by week'!$H$73,N('Data by week'!$AA$73)*'Data by week'!$H$73,N('Data by week'!$AB$73)*'Data by week'!$H$73),MAX(N('Data by week'!$AC$73)*'Data by week'!$H$73,N('Data by week'!$AD$73)*'Data by week'!$H$73,N('Data by week'!$AE$73)*'Data by week'!$H$73,N('Data by week'!$AF$73)*'Data by week'!$H$73,N('Data by week'!$AG$73)*'Data by week'!$H$73,N('Data by week'!$AH$73)*'Data by week'!$H$73,N('Data by week'!$AI$73)*'Data by week'!$H$73,N('Data by week'!$AJ$73)*'Data by week'!$H$73,N('Data by week'!$AK$73)*'Data by week'!$H$73,N('Data by week'!$AL$73)*'Data by week'!$H$73)) | F3: trays | G3: Week 1 | H3: Year 7: W3, W4, W6, W7, W8; Year 8: W1, W2, W3, W4, W5, W6, W8; Year 9: W6, W8 | I3: Both plans | K3: =MAX(0,E3-N(J3)) | L3: Cups of warm water stay on the tray Only the teacher carries the sample trays and puts them in the freezer; keep them flat and level.
A4: Calculator, basic | B4: 计算器（简易型） | C4: Basic calculator, 1 per group. | D4: Reusable | E4: =MAX(MAX(N('Data by week'!$I$74)*'Data by week'!$H$74,N('Data by week'!$J$74)*'Data by week'!$H$74,N('Data by week'!$K$74)*'Data by week'!$H$74,N('Data by week'!$L$74)*'Data by week'!$H$74,N('Data by week'!$M$74)*'Data by week'!$H$74,N('Data by week'!$N$74)*'Data by week'!$H$74,N('Data by week'!$O$74)*'Data by week'!$H$74,N('Data by week'!$P$74)*'Data by week'!$H$74,N('Data by week'!$Q$74)*'Data by week'!$H$74,N('Data by week'!$R$74)*'Data by week'!$H$74),MAX(N('Data by week'!$S$74)*'Data by week'!$H$74,N('Data by week'!$T$74)*'Data by week'!$H$74,N('Data by week'!$U$74)*'Data by week'!$H$74,N('Data by week'!$V$74)*'Data by week'!$H$74,N('Data by week'!$W$74)*'Data by week'!$H$74,N('Data by week'!$X$74)*'Data by week'!$H$74,N('Data by week'!$Y$74)*'Data by week'!$H$74,N('Data by week'!$Z$74)*'Data by week'!$H$74,N('Data by week'!$AA$74)*'Data by week'!$H$74,N('Data by week'!$AB$74)*'Data by week'!$H$74),MAX(N('Data by week'!$AC$74)*'Data by week'!$H$74,N('Data by week'!$AD$74)*'Data by week'!$H$74,N('Data by week'!$AE$74)*'Data by week'!$H$74,N('Data by week'!$AF$74)*'Data by week'!$H$74,N('Data by week'!$AG$74)*'Data by week'!$H$74,N('Data by week'!$AH$74)*'Data by week'!$H$74,N('Data by week'!$AI$74)*'Data by week'!$H$74,N('Data by week'!$AJ$74)*'Data by week'!$H$74,N('Data by week'!$AK$74)*'Data by week'!$H$74,N('Data by week'!$AL$74)*'Data by week'!$H$74)) | F4: calculators | G4: Week 2 | H4: Year 9: W2, W3, W9 | I4: Both plans | K4: =MAX(0,E4-N(J4))
A5: Cloths for wiping tables | B5: 抹布 | C5: Damp cloths for wiping tables, about 1 per group, plus a teacher spare for spills. | D5: Reusable | E5: =MAX(MAX(N('Data by week'!$I$75)*'Data by week'!$H$75+N('Data by week'!$I$102)*'Data by week'!$H$102,N('Data by week'!$J$75)*'Data by week'!$H$75+N('Data by week'!$J$102)*'Data by week'!$H$102,N('Data by week'!$K$75)*'Data by week'!$H$75+N('Data by week'!$K$102)*'Data by week'!$H$102,N('Data by week'!$L$75)*'Data by week'!$H$75+N('Data by week'!$L$102)*'Data by week'!$H$102,N('Data by week'!$M$75)*'Data by week'!$H$75+N('Data by week'!$M$102)*'Data by week'!$H$102,N('Data by week'!$N$75)*'Data by week'!$H$75+N('Data by week'!$N$102)*'Data by week'!$H$102,N('Data by week'!$O$75)*'Data by week'!$H$75+N('Data by week'!$O$102)*'Data by week'!$H$102,N('Data by week'!$P$75)*'Data by week'!$H$75+N('Data by week'!$P$102)*'Data by week'!$H$102,N('Data by week'!$Q$75)*'Data by week'!$H$75+N('Data by week'!$Q$102)*'Data by week'!$H$102,N('Data by week'!$R$75)*'Data by week'!$H$75+N('Data by week'!$R$102)*'Data by week'!$H$102),MAX(N('Data by week'!$S$75)*'Data by week'!$H$75+N('Data by week'!$S$102)*'Data by week'!$H$102,N('Data by week'!$T$75)*'Data by week'!$H$75+N('Data by week'!$T$102)*'Data by week'!$H$102,N('Data by week'!$U$75)*'Data by week'!$H$75+N('Data by week'!$U$102)*'Data by week'!$H$102,N('Data by week'!$V$75)*'Data by week'!$H$75+N('Data by week'!$V$102)*'Data by week'!$H$102,N('Data by week'!$W$75)*'Data by week'!$H$75+N('Data by week'!$W$102)*'Data by week'!$H$102,N('Data by week'!$X$75)*'Data by week'!$H$75+N('Data by week'!$X$102)*'Data by week'!$H$102,N('Data by week'!$Y$75)*'Data by week'!$H$75+N('Data by week'!$Y$102)*'Data by week'!$H$102,N('Data by week'!$Z$75)*'Data by week'!$H$75+N('Data by week'!$Z$102)*'Data by week'!$H$102,N('Data by week'!$AA$75)*'Data by week'!$H$75+N('Data by week'!$AA$102)*'Data by week'!$H$102,N('Data by week'!$AB$75)*'Data by week'!$H$75+N('Data by week'!$AB$102)*'Data by week'!$H$102),MAX(N('Data by week'!$AC$75)*'Data by week'!$H$75+N('Data by week'!$AC$102)*'Data by week'!$H$102,N('Data by week'!$AD$75)*'Data by week'!$H$75+N('Data by week'!$AD$102)*'Data by week'!$H$102,N('Data by week'!$AE$75)*'Data by week'!$H$75+N('Data by week'!$AE$102)*'Data by week'!$H$102,N('Data by week'!$AF$75)*'Data by week'!$H$75+N('Data by week'!$AF$102)*'Data by week'!$H$102,N('Data by week'!$AG$75)*'Data by week'!$H$75+N('Data by week'!$AG$102)*'Data by week'!$H$102,N('Data by week'!$AH$75)*'Data by week'!$H$75+N('Data by week'!$AH$102)*'Data by week'!$H$102,N('Data by week'!$AI$75)*'Data by week'!$H$75+N('Data by week'!$AI$102)*'Data by week'!$H$102,N('Data by week'!$AJ$75)*'Data by week'!$H$75+N('Data by week'!$AJ$102)*'Data by week'!$H$102,N('Data by week'!$AK$75)*'Data by week'!$H$75+N('Data by week'!$AK$102)*'Data by week'!$H$102,N('Data by week'!$AL$75)*'Data by week'!$H$75+N('Data by week'!$AL$102)*'Data by week'!$H$102)) | F5: cloths | G5: Week 2 | H5: Year 7: W7; Year 8: W2, W3, W4, W5, W8; Year 9: W8 | I5: Both plans, Plan B (no freezer) | K5: =MAX(0,E5-N(J5)) | L5: Wipe up spills at once Wipe up spills straight away.
A6: Magnifying glasses, hand-held | B6: 放大镜（手持） | C6: Hand magnifiers. | D6: Reusable | E6: =MAX(MAX(N('Data by week'!$I$76)*'Data by week'!$H$76,N('Data by week'!$J$76)*'Data by week'!$H$76,N('Data by week'!$K$76)*'Data by week'!$H$76,N('Data by week'!$L$76)*'Data by week'!$H$76,N('Data by week'!$M$76)*'Data by week'!$H$76,N('Data by week'!$N$76)*'Data by week'!$H$76,N('Data by week'!$O$76)*'Data by week'!$H$76,N('Data by week'!$P$76)*'Data by week'!$H$76,N('Data by week'!$Q$76)*'Data by week'!$H$76,N('Data by week'!$R$76)*'Data by week'!$H$76),MAX(N('Data by week'!$S$76)*'Data by week'!$H$76,N('Data by week'!$T$76)*'Data by week'!$H$76,N('Data by week'!$U$76)*'Data by week'!$H$76,N('Data by week'!$V$76)*'Data by week'!$H$76,N('Data by week'!$W$76)*'Data by week'!$H$76,N('Data by week'!$X$76)*'Data by week'!$H$76,N('Data by week'!$Y$76)*'Data by week'!$H$76,N('Data by week'!$Z$76)*'Data by week'!$H$76,N('Data by week'!$AA$76)*'Data by week'!$H$76,N('Data by week'!$AB$76)*'Data by week'!$H$76),MAX(N('Data by week'!$AC$76)*'Data by week'!$H$76,N('Data by week'!$AD$76)*'Data by week'!$H$76,N('Data by week'!$AE$76)*'Data by week'!$H$76,N('Data by week'!$AF$76)*'Data by week'!$H$76,N('Data by week'!$AG$76)*'Data by week'!$H$76,N('Data by week'!$AH$76)*'Data by week'!$H$76,N('Data by week'!$AI$76)*'Data by week'!$H$76,N('Data by week'!$AJ$76)*'Data by week'!$H$76,N('Data by week'!$AK$76)*'Data by week'!$H$76,N('Data by week'!$AL$76)*'Data by week'!$H$76)) | F6: magnifiers | G6: Week 2 | H6: Year 8: W2, W4, W8 | I6: Both plans | K6: =MAX(0,E6-N(J6))
A7: Paper towels, the lab's own dispenser roll | B7: 实验室纸巾（水槽抽取式擦手纸） | C7: The lab's own sink-dispenser paper towels; reference P1 and Evidence 7 must both come from the same roll. | D7: Used up | E7: =ROUNDUP(('Data by week'!$AW$77*'Data by week'!$H$77)*'Read me'!$C$5+('Data by week'!$AX$77*'Data by week'!$H$77)*'Read me'!$C$6+('Data by week'!$AY$77*'Data by week'!$H$77)*'Read me'!$C$7,0) | F7: sheets | G7: Week 2 | H7: Year 8: W2, W3, W4, W5, W7, W8 | I7: Both plans | K7: =MAX(0,E7-N(J7)) | L7: P1 and Evidence 7 must come from the lab's own roll, or the Week 8 result will not match the Case Bible.
A8: Ruler, 30 cm | B8: 直尺 30厘米 | C8: 30 cm, marked in mm, with the 0 cm mark at the very end (Y9 ruler drop). | D8: Reusable | E8: =MAX(MAX(N('Data by week'!$I$78)*'Data by week'!$H$78,N('Data by week'!$J$78)*'Data by week'!$H$78,N('Data by week'!$K$78)*'Data by week'!$H$78,N('Data by week'!$L$78)*'Data by week'!$H$78,N('Data by week'!$M$78)*'Data by week'!$H$78,N('Data by week'!$N$78)*'Data by week'!$H$78,N('Data by week'!$O$78)*'Data by week'!$H$78,N('Data by week'!$P$78)*'Data by week'!$H$78,N('Data by week'!$Q$78)*'Data by week'!$H$78,N('Data by week'!$R$78)*'Data by week'!$H$78),MAX(N('Data by week'!$S$78)*'Data by week'!$H$78,N('Data by week'!$T$78)*'Data by week'!$H$78,N('Data by week'!$U$78)*'Data by week'!$H$78,N('Data by week'!$V$78)*'Data by week'!$H$78,N('Data by week'!$W$78)*'Data by week'!$H$78,N('Data by week'!$X$78)*'Data by week'!$H$78,N('Data by week'!$Y$78)*'Data by week'!$H$78,N('Data by week'!$Z$78)*'Data by week'!$H$78,N('Data by week'!$AA$78)*'Data by week'!$H$78,N('Data by week'!$AB$78)*'Data by week'!$H$78),MAX(N('Data by week'!$AC$78)*'Data by week'!$H$78,N('Data by week'!$AD$78)*'Data by week'!$H$78,N('Data by week'!$AE$78)*'Data by week'!$H$78,N('Data by week'!$AF$78)*'Data by week'!$H$78,N('Data by week'!$AG$78)*'Data by week'!$H$78,N('Data by week'!$AH$78)*'Data by week'!$H$78,N('Data by week'!$AI$78)*'Data by week'!$H$78,N('Data by week'!$AJ$78)*'Data by week'!$H$78,N('Data by week'!$AK$78)*'Data by week'!$H$78,N('Data by week'!$AL$78)*'Data by week'!$H$78)) | F8: rulers | G8: Week 2 | H8: Year 7: W5, W8, W9; Year 8: W3, W6, W8; Year 9: W2, W3, W4, W8, W9 | I8: Both plans | K8: =MAX(0,E8-N(J8)) | L8: Carry rulers safely; do not wave them near faces. Week 3: a flicked or swung ruler can hit faces or fingers. Hold it upright and still, sit for every test, and keep your face back from the falling ruler
A9: Metre stick | B9: 米尺（1米） | C9: 1 m stick marked in cm (Y8: a tape measure will do). | D9: Reusable | E9: =MAX(MAX(N('Data by week'!$I$79)*'Data by week'!$H$79,N('Data by week'!$J$79)*'Data by week'!$H$79,N('Data by week'!$K$79)*'Data by week'!$H$79,N('Data by week'!$L$79)*'Data by week'!$H$79,N('Data by week'!$M$79)*'Data by week'!$H$79,N('Data by week'!$N$79)*'Data by week'!$H$79,N('Data by week'!$O$79)*'Data by week'!$H$79,N('Data by week'!$P$79)*'Data by week'!$H$79,N('Data by week'!$Q$79)*'Data by week'!$H$79,N('Data by week'!$R$79)*'Data by week'!$H$79),MAX(N('Data by week'!$S$79)*'Data by week'!$H$79,N('Data by week'!$T$79)*'Data by week'!$H$79,N('Data by week'!$U$79)*'Data by week'!$H$79,N('Data by week'!$V$79)*'Data by week'!$H$79,N('Data by week'!$W$79)*'Data by week'!$H$79,N('Data by week'!$X$79)*'Data by week'!$H$79,N('Data by week'!$Y$79)*'Data by week'!$H$79,N('Data by week'!$Z$79)*'Data by week'!$H$79,N('Data by week'!$AA$79)*'Data by week'!$H$79,N('Data by week'!$AB$79)*'Data by week'!$H$79),MAX(N('Data by week'!$AC$79)*'Data by week'!$H$79,N('Data by week'!$AD$79)*'Data by week'!$H$79,N('Data by week'!$AE$79)*'Data by week'!$H$79,N('Data by week'!$AF$79)*'Data by week'!$H$79,N('Data by week'!$AG$79)*'Data by week'!$H$79,N('Data by week'!$AH$79)*'Data by week'!$H$79,N('Data by week'!$AI$79)*'Data by week'!$H$79,N('Data by week'!$AJ$79)*'Data by week'!$H$79,N('Data by week'!$AK$79)*'Data by week'!$H$79,N('Data by week'!$AL$79)*'Data by week'!$H$79)) | F9: metre sticks | G9: Week 3 | H9: Year 7: W3, W4; Year 8: W6 | I9: Both plans | K9: =MAX(0,E9-N(J9)) | L9: Hold metre sticks upright and close to the wall; do not swing them. Retract tape measures slowly. Never stand on chairs or tables; the Dropper stands flat on the floor.
A10: Scissors | B10: 剪刀 | C10: Student scissors. | D10: Reusable | E10: =MAX(MAX(N('Data by week'!$I$80)*'Data by week'!$H$80,N('Data by week'!$J$80)*'Data by week'!$H$80,N('Data by week'!$K$80)*'Data by week'!$H$80,N('Data by week'!$L$80)*'Data by week'!$H$80,N('Data by week'!$M$80)*'Data by week'!$H$80,N('Data by week'!$N$80)*'Data by week'!$H$80,N('Data by week'!$O$80)*'Data by week'!$H$80,N('Data by week'!$P$80)*'Data by week'!$H$80,N('Data by week'!$Q$80)*'Data by week'!$H$80,N('Data by week'!$R$80)*'Data by week'!$H$80),MAX(N('Data by week'!$S$80)*'Data by week'!$H$80,N('Data by week'!$T$80)*'Data by week'!$H$80,N('Data by week'!$U$80)*'Data by week'!$H$80,N('Data by week'!$V$80)*'Data by week'!$H$80,N('Data by week'!$W$80)*'Data by week'!$H$80,N('Data by week'!$X$80)*'Data by week'!$H$80,N('Data by week'!$Y$80)*'Data by week'!$H$80,N('Data by week'!$Z$80)*'Data by week'!$H$80,N('Data by week'!$AA$80)*'Data by week'!$H$80,N('Data by week'!$AB$80)*'Data by week'!$H$80),MAX(N('Data by week'!$AC$80)*'Data by week'!$H$80,N('Data by week'!$AD$80)*'Data by week'!$H$80,N('Data by week'!$AE$80)*'Data by week'!$H$80,N('Data by week'!$AF$80)*'Data by week'!$H$80,N('Data by week'!$AG$80)*'Data by week'!$H$80,N('Data by week'!$AH$80)*'Data by week'!$H$80,N('Data by week'!$AI$80)*'Data by week'!$H$80,N('Data by week'!$AJ$80)*'Data by week'!$H$80,N('Data by week'!$AK$80)*'Data by week'!$H$80,N('Data by week'!$AL$80)*'Data by week'!$H$80)) | F10: pairs | G10: Week 3 | H10: Year 7: W3, W4, W9; Year 8: W8; Year 9: W8 | I10: Both plans | K10: =MAX(0,E10-N(J10)) | L10: Carry scissors with the points down; cut away from your fingers. Cut away from your fingers; pass scissors handle first; count back in.
A11: Stopwatch | B11: 秒表 | C11: Digital stopwatch. | D11: Reusable | E11: =MAX(MAX(N('Data by week'!$I$81)*'Data by week'!$H$81,N('Data by week'!$J$81)*'Data by week'!$H$81,N('Data by week'!$K$81)*'Data by week'!$H$81,N('Data by week'!$L$81)*'Data by week'!$H$81,N('Data by week'!$M$81)*'Data by week'!$H$81,N('Data by week'!$N$81)*'Data by week'!$H$81,N('Data by week'!$O$81)*'Data by week'!$H$81,N('Data by week'!$P$81)*'Data by week'!$H$81,N('Data by week'!$Q$81)*'Data by week'!$H$81,N('Data by week'!$R$81)*'Data by week'!$H$81),MAX(N('Data by week'!$S$81)*'Data by week'!$H$81,N('Data by week'!$T$81)*'Data by week'!$H$81,N('Data by week'!$U$81)*'Data by week'!$H$81,N('Data by week'!$V$81)*'Data by week'!$H$81,N('Data by week'!$W$81)*'Data by week'!$H$81,N('Data by week'!$X$81)*'Data by week'!$H$81,N('Data by week'!$Y$81)*'Data by week'!$H$81,N('Data by week'!$Z$81)*'Data by week'!$H$81,N('Data by week'!$AA$81)*'Data by week'!$H$81,N('Data by week'!$AB$81)*'Data by week'!$H$81),MAX(N('Data by week'!$AC$81)*'Data by week'!$H$81,N('Data by week'!$AD$81)*'Data by week'!$H$81,N('Data by week'!$AE$81)*'Data by week'!$H$81,N('Data by week'!$AF$81)*'Data by week'!$H$81,N('Data by week'!$AG$81)*'Data by week'!$H$81,N('Data by week'!$AH$81)*'Data by week'!$H$81,N('Data by week'!$AI$81)*'Data by week'!$H$81,N('Data by week'!$AJ$81)*'Data by week'!$H$81,N('Data by week'!$AK$81)*'Data by week'!$H$81,N('Data by week'!$AL$81)*'Data by week'!$H$81)) | F11: stopwatches | G11: Week 3 | H11: Year 7: W3, W4, W6, W8; Year 8: W8, W10; Year 9: W6, W8, W10 | I11: Both plans | K11: =MAX(0,E11-N(J11))
A12: Droppers (plastic pipettes) | B12: 塑料滴管 | C12: Plastic pipettes. | D12: Reusable | E12: =MAX(MAX(N('Data by week'!$I$82)*'Data by week'!$H$82,N('Data by week'!$J$82)*'Data by week'!$H$82,N('Data by week'!$K$82)*'Data by week'!$H$82,N('Data by week'!$L$82)*'Data by week'!$H$82,N('Data by week'!$M$82)*'Data by week'!$H$82,N('Data by week'!$N$82)*'Data by week'!$H$82,N('Data by week'!$O$82)*'Data by week'!$H$82,N('Data by week'!$P$82)*'Data by week'!$H$82,N('Data by week'!$Q$82)*'Data by week'!$H$82,N('Data by week'!$R$82)*'Data by week'!$H$82),MAX(N('Data by week'!$S$82)*'Data by week'!$H$82,N('Data by week'!$T$82)*'Data by week'!$H$82,N('Data by week'!$U$82)*'Data by week'!$H$82,N('Data by week'!$V$82)*'Data by week'!$H$82,N('Data by week'!$W$82)*'Data by week'!$H$82,N('Data by week'!$X$82)*'Data by week'!$H$82,N('Data by week'!$Y$82)*'Data by week'!$H$82,N('Data by week'!$Z$82)*'Data by week'!$H$82,N('Data by week'!$AA$82)*'Data by week'!$H$82,N('Data by week'!$AB$82)*'Data by week'!$H$82),MAX(N('Data by week'!$AC$82)*'Data by week'!$H$82,N('Data by week'!$AD$82)*'Data by week'!$H$82,N('Data by week'!$AE$82)*'Data by week'!$H$82,N('Data by week'!$AF$82)*'Data by week'!$H$82,N('Data by week'!$AG$82)*'Data by week'!$H$82,N('Data by week'!$AH$82)*'Data by week'!$H$82,N('Data by week'!$AI$82)*'Data by week'!$H$82,N('Data by week'!$AJ$82)*'Data by week'!$H$82,N('Data by week'!$AK$82)*'Data by week'!$H$82,N('Data by week'!$AL$82)*'Data by week'!$H$82)) | F12: droppers | G12: Week 4 | H12: Year 8: W4, W5, W8 | I12: Both plans | K12: =MAX(0,E12-N(J12))
A13: Iodine solution, dropper bottles | B13: 碘液（滴瓶装） | C13: Orange-brown iodine solution for the starch test, in dropper bottles (optional); teacher or Safety Officer only, goggles, stains skin and clothes. | D13: Used up | E13: =ROUNDUP(('Data by week'!$AW$83*'Data by week'!$H$83)*'Read me'!$C$5+('Data by week'!$AX$83*'Data by week'!$H$83)*'Read me'!$C$6+('Data by week'!$AY$83*'Data by week'!$H$83)*'Read me'!$C$7,0) | F13: dropper bottles | G13: Week 4 | H13: Year 8: W4, W8 | I13: Both plans | K13: =MAX(0,E13-N(J13)) | L13: Stains skin and clothes: one drop, dropper only. Goggles. Return to the teacher after the lesson.
A14: Safety goggles | B14: 护目镜 | C14: Safety goggles, 1 per student. | D14: Reusable | E14: =MAX(MAX(N('Data by week'!$I$84)*'Data by week'!$H$84+N('Data by week'!$I$97)*'Data by week'!$H$97,N('Data by week'!$J$84)*'Data by week'!$H$84+N('Data by week'!$J$97)*'Data by week'!$H$97,N('Data by week'!$K$84)*'Data by week'!$H$84+N('Data by week'!$K$97)*'Data by week'!$H$97,N('Data by week'!$L$84)*'Data by week'!$H$84+N('Data by week'!$L$97)*'Data by week'!$H$97,N('Data by week'!$M$84)*'Data by week'!$H$84+N('Data by week'!$M$97)*'Data by week'!$H$97,N('Data by week'!$N$84)*'Data by week'!$H$84+N('Data by week'!$N$97)*'Data by week'!$H$97,N('Data by week'!$O$84)*'Data by week'!$H$84+N('Data by week'!$O$97)*'Data by week'!$H$97,N('Data by week'!$P$84)*'Data by week'!$H$84+N('Data by week'!$P$97)*'Data by week'!$H$97,N('Data by week'!$Q$84)*'Data by week'!$H$84+N('Data by week'!$Q$97)*'Data by week'!$H$97,N('Data by week'!$R$84)*'Data by week'!$H$84+N('Data by week'!$R$97)*'Data by week'!$H$97),MAX(N('Data by week'!$S$84)*'Data by week'!$H$84+N('Data by week'!$S$97)*'Data by week'!$H$97,N('Data by week'!$T$84)*'Data by week'!$H$84+N('Data by week'!$T$97)*'Data by week'!$H$97,N('Data by week'!$U$84)*'Data by week'!$H$84+N('Data by week'!$U$97)*'Data by week'!$H$97,N('Data by week'!$V$84)*'Data by week'!$H$84+N('Data by week'!$V$97)*'Data by week'!$H$97,N('Data by week'!$W$84)*'Data by week'!$H$84+N('Data by week'!$W$97)*'Data by week'!$H$97,N('Data by week'!$X$84)*'Data by week'!$H$84+N('Data by week'!$X$97)*'Data by week'!$H$97,N('Data by week'!$Y$84)*'Data by week'!$H$84+N('Data by week'!$Y$97)*'Data by week'!$H$97,N('Data by week'!$Z$84)*'Data by week'!$H$84+N('Data by week'!$Z$97)*'Data by week'!$H$97,N('Data by week'!$AA$84)*'Data by week'!$H$84+N('Data by week'!$AA$97)*'Data by week'!$H$97,N('Data by week'!$AB$84)*'Data by week'!$H$84+N('Data by week'!$AB$97)*'Data by week'!$H$97),MAX(N('Data by week'!$AC$84)*'Data by week'!$H$84+N('Data by week'!$AC$97)*'Data by week'!$H$97,N('Data by week'!$AD$84)*'Data by week'!$H$84+N('Data by week'!$AD$97)*'Data by week'!$H$97,N('Data by week'!$AE$84)*'Data by week'!$H$84+N('Data by week'!$AE$97)*'Data by week'!$H$97,N('Data by week'!$AF$84)*'Data by week'!$H$84+N('Data by week'!$AF$97)*'Data by week'!$H$97,N('Data by week'!$AG$84)*'Data by week'!$H$84+N('Data by week'!$AG$97)*'Data by week'!$H$97,N('Data by week'!$AH$84)*'Data by week'!$H$84+N('Data by week'!$AH$97)*'Data by week'!$H$97,N('Data by week'!$AI$84)*'Data by week'!$H$84+N('Data by week'!$AI$97)*'Data by week'!$H$97,N('Data by week'!$AJ$84)*'Data by week'!$H$84+N('Data by week'!$AJ$97)*'Data by week'!$H$97,N('Data by week'!$AK$84)*'Data by week'!$H$84+N('Data by week'!$AK$97)*'Data by week'!$H$97,N('Data by week'!$AL$84)*'Data by week'!$H$84+N('Data by week'!$AL$97)*'Data by week'!$H$97)) | F14: pairs | G14: Week 4 | H14: Year 8: W4, W5, W8; Year 9: W6, W8 | I14: Both plans, Plan A (freezer) | K14: =MAX(0,E14-N(J14)) | L14: Goggles on while the freezing mixture is on the table, because salty splashes sting eyes. Wash hands afterwards Wear for vinegar, iodine, indicator, lemon juice and soap solution, and while shaking soil bottles.
A15: Small spoons or lolly sticks (one per powder) | B15: 药匙（小号）或冰棒棍 | C15: One per sample so powders are never mixed (lolly sticks are single use). | D15: Reusable | E15: =MAX(MAX(N('Data by week'!$I$85)*'Data by week'!$H$85,N('Data by week'!$J$85)*'Data by week'!$H$85,N('Data by week'!$K$85)*'Data by week'!$H$85,N('Data by week'!$L$85)*'Data by week'!$H$85,N('Data by week'!$M$85)*'Data by week'!$H$85,N('Data by week'!$N$85)*'Data by week'!$H$85,N('Data by week'!$O$85)*'Data by week'!$H$85,N('Data by week'!$P$85)*'Data by week'!$H$85,N('Data by week'!$Q$85)*'Data by week'!$H$85,N('Data by week'!$R$85)*'Data by week'!$H$85),MAX(N('Data by week'!$S$85)*'Data by week'!$H$85,N('Data by week'!$T$85)*'Data by week'!$H$85,N('Data by week'!$U$85)*'Data by week'!$H$85,N('Data by week'!$V$85)*'Data by week'!$H$85,N('Data by week'!$W$85)*'Data by week'!$H$85,N('Data by week'!$X$85)*'Data by week'!$H$85,N('Data by week'!$Y$85)*'Data by week'!$H$85,N('Data by week'!$Z$85)*'Data by week'!$H$85,N('Data by week'!$AA$85)*'Data by week'!$H$85,N('Data by week'!$AB$85)*'Data by week'!$H$85),MAX(N('Data by week'!$AC$85)*'Data by week'!$H$85,N('Data by week'!$AD$85)*'Data by week'!$H$85,N('Data by week'!$AE$85)*'Data by week'!$H$85,N('Data by week'!$AF$85)*'Data by week'!$H$85,N('Data by week'!$AG$85)*'Data by week'!$H$85,N('Data by week'!$AH$85)*'Data by week'!$H$85,N('Data by week'!$AI$85)*'Data by week'!$H$85,N('Data by week'!$AJ$85)*'Data by week'!$H$85,N('Data by week'!$AK$85)*'Data by week'!$H$85,N('Data by week'!$AL$85)*'Data by week'!$H$85)) | F15: teaspoons | G15: Week 4 | H15: Year 8: W4, W8 | I15: Both plans | K15: =MAX(0,E15-N(J15)) | L15: One clean spoon per powder to avoid contamination.
A16: Spotting tiles, white, 12 wells | B16: 白色点滴板（12孔） | C16: White, 12 wells (or 12 white plastic bottle lids per tile). | D16: Reusable | E16: =MAX(MAX(N('Data by week'!$I$86)*'Data by week'!$H$86,N('Data by week'!$J$86)*'Data by week'!$H$86,N('Data by week'!$K$86)*'Data by week'!$H$86,N('Data by week'!$L$86)*'Data by week'!$H$86,N('Data by week'!$M$86)*'Data by week'!$H$86,N('Data by week'!$N$86)*'Data by week'!$H$86,N('Data by week'!$O$86)*'Data by week'!$H$86,N('Data by week'!$P$86)*'Data by week'!$H$86,N('Data by week'!$Q$86)*'Data by week'!$H$86,N('Data by week'!$R$86)*'Data by week'!$H$86),MAX(N('Data by week'!$S$86)*'Data by week'!$H$86,N('Data by week'!$T$86)*'Data by week'!$H$86,N('Data by week'!$U$86)*'Data by week'!$H$86,N('Data by week'!$V$86)*'Data by week'!$H$86,N('Data by week'!$W$86)*'Data by week'!$H$86,N('Data by week'!$X$86)*'Data by week'!$H$86,N('Data by week'!$Y$86)*'Data by week'!$H$86,N('Data by week'!$Z$86)*'Data by week'!$H$86,N('Data by week'!$AA$86)*'Data by week'!$H$86,N('Data by week'!$AB$86)*'Data by week'!$H$86),MAX(N('Data by week'!$AC$86)*'Data by week'!$H$86,N('Data by week'!$AD$86)*'Data by week'!$H$86,N('Data by week'!$AE$86)*'Data by week'!$H$86,N('Data by week'!$AF$86)*'Data by week'!$H$86,N('Data by week'!$AG$86)*'Data by week'!$H$86,N('Data by week'!$AH$86)*'Data by week'!$H$86,N('Data by week'!$AI$86)*'Data by week'!$H$86,N('Data by week'!$AJ$86)*'Data by week'!$H$86,N('Data by week'!$AK$86)*'Data by week'!$H$86,N('Data by week'!$AL$86)*'Data by week'!$H$86)) | F16: tiles | G16: Week 4 | H16: Year 8: W4, W8 | I16: Both plans | K16: =MAX(0,E16-N(J16)) | L16: Rinse after use.
A17: Tape measure, at least 2 m | B17: 卷尺（2米以上） | C17: At least 2 m long; retract slowly. | D17: Reusable | E17: =MAX(MAX(N('Data by week'!$I$87)*'Data by week'!$H$87,N('Data by week'!$J$87)*'Data by week'!$H$87,N('Data by week'!$K$87)*'Data by week'!$H$87,N('Data by week'!$L$87)*'Data by week'!$H$87,N('Data by week'!$M$87)*'Data by week'!$H$87,N('Data by week'!$N$87)*'Data by week'!$H$87,N('Data by week'!$O$87)*'Data by week'!$H$87,N('Data by week'!$P$87)*'Data by week'!$H$87,N('Data by week'!$Q$87)*'Data by week'!$H$87,N('Data by week'!$R$87)*'Data by week'!$H$87),MAX(N('Data by week'!$S$87)*'Data by week'!$H$87,N('Data by week'!$T$87)*'Data by week'!$H$87,N('Data by week'!$U$87)*'Data by week'!$H$87,N('Data by week'!$V$87)*'Data by week'!$H$87,N('Data by week'!$W$87)*'Data by week'!$H$87,N('Data by week'!$X$87)*'Data by week'!$H$87,N('Data by week'!$Y$87)*'Data by week'!$H$87,N('Data by week'!$Z$87)*'Data by week'!$H$87,N('Data by week'!$AA$87)*'Data by week'!$H$87,N('Data by week'!$AB$87)*'Data by week'!$H$87),MAX(N('Data by week'!$AC$87)*'Data by week'!$H$87,N('Data by week'!$AD$87)*'Data by week'!$H$87,N('Data by week'!$AE$87)*'Data by week'!$H$87,N('Data by week'!$AF$87)*'Data by week'!$H$87,N('Data by week'!$AG$87)*'Data by week'!$H$87,N('Data by week'!$AH$87)*'Data by week'!$H$87,N('Data by week'!$AI$87)*'Data by week'!$H$87,N('Data by week'!$AJ$87)*'Data by week'!$H$87,N('Data by week'!$AK$87)*'Data by week'!$H$87,N('Data by week'!$AL$87)*'Data by week'!$H$87)) | F17: tape measures | G17: Week 4 | H17: Year 9: W4, W8 | I17: Both plans | K17: =MAX(0,E17-N(J17)) | L17: Tape measures can snap back. Retract slowly and keep the metal end away from faces. Measuring is voluntary: use codes, not names, and make no comments about anyone's size
A18: Bucket, plastic | B18: 塑料水桶 | C18: Plastic bucket; Y7 Week 8 catch trays need 13 deep enough for a hanging bag to clear the bottom by about 5 cm (borrow, or deep washing-up bowls); Y8 and Y9 need 1 for soil or ice-and-salt waste. | D18: Reusable | E18: =MAX(MAX(N('Data by week'!$I$88)*'Data by week'!$H$88,N('Data by week'!$J$88)*'Data by week'!$H$88,N('Data by week'!$K$88)*'Data by week'!$H$88,N('Data by week'!$L$88)*'Data by week'!$H$88,N('Data by week'!$M$88)*'Data by week'!$H$88,N('Data by week'!$N$88)*'Data by week'!$H$88,N('Data by week'!$O$88)*'Data by week'!$H$88,N('Data by week'!$P$88)*'Data by week'!$H$88,N('Data by week'!$Q$88)*'Data by week'!$H$88,N('Data by week'!$R$88)*'Data by week'!$H$88),MAX(N('Data by week'!$S$88)*'Data by week'!$H$88,N('Data by week'!$T$88)*'Data by week'!$H$88,N('Data by week'!$U$88)*'Data by week'!$H$88,N('Data by week'!$V$88)*'Data by week'!$H$88,N('Data by week'!$W$88)*'Data by week'!$H$88,N('Data by week'!$X$88)*'Data by week'!$H$88,N('Data by week'!$Y$88)*'Data by week'!$H$88,N('Data by week'!$Z$88)*'Data by week'!$H$88,N('Data by week'!$AA$88)*'Data by week'!$H$88,N('Data by week'!$AB$88)*'Data by week'!$H$88),MAX(N('Data by week'!$AC$88)*'Data by week'!$H$88,N('Data by week'!$AD$88)*'Data by week'!$H$88,N('Data by week'!$AE$88)*'Data by week'!$H$88,N('Data by week'!$AF$88)*'Data by week'!$H$88,N('Data by week'!$AG$88)*'Data by week'!$H$88,N('Data by week'!$AH$88)*'Data by week'!$H$88,N('Data by week'!$AI$88)*'Data by week'!$H$88,N('Data by week'!$AJ$88)*'Data by week'!$H$88,N('Data by week'!$AK$88)*'Data by week'!$H$88,N('Data by week'!$AL$88)*'Data by week'!$H$88)) | F18: buckets | G18: Week 5 | H18: Year 7: W5, W8; Year 8: W8; Year 9: W6, W8 | I18: Both plans | K18: =MAX(0,E18-N(J18)) | L18: Catch tray under every hanging bag; feet and hands clear; the pourer kneels to the side, never under the bag. Soil blocks drains: not down the sink. The teacher pours used ice and salt away with plenty of running water
A19: Drying shelf space for dough strips | B19: 晾干架（晾面团条用） | C19: Dry shelf away from sinks and very hot radiators, room for two shallow trays. | D19: Reusable | E19: =MAX(MAX(N('Data by week'!$I$89)*'Data by week'!$H$89,N('Data by week'!$J$89)*'Data by week'!$H$89,N('Data by week'!$K$89)*'Data by week'!$H$89,N('Data by week'!$L$89)*'Data by week'!$H$89,N('Data by week'!$M$89)*'Data by week'!$H$89,N('Data by week'!$N$89)*'Data by week'!$H$89,N('Data by week'!$O$89)*'Data by week'!$H$89,N('Data by week'!$P$89)*'Data by week'!$H$89,N('Data by week'!$Q$89)*'Data by week'!$H$89,N('Data by week'!$R$89)*'Data by week'!$H$89),MAX(N('Data by week'!$S$89)*'Data by week'!$H$89,N('Data by week'!$T$89)*'Data by week'!$H$89,N('Data by week'!$U$89)*'Data by week'!$H$89,N('Data by week'!$V$89)*'Data by week'!$H$89,N('Data by week'!$W$89)*'Data by week'!$H$89,N('Data by week'!$X$89)*'Data by week'!$H$89,N('Data by week'!$Y$89)*'Data by week'!$H$89,N('Data by week'!$Z$89)*'Data by week'!$H$89,N('Data by week'!$AA$89)*'Data by week'!$H$89,N('Data by week'!$AB$89)*'Data by week'!$H$89),MAX(N('Data by week'!$AC$89)*'Data by week'!$H$89,N('Data by week'!$AD$89)*'Data by week'!$H$89,N('Data by week'!$AE$89)*'Data by week'!$H$89,N('Data by week'!$AF$89)*'Data by week'!$H$89,N('Data by week'!$AG$89)*'Data by week'!$H$89,N('Data by week'!$AH$89)*'Data by week'!$H$89,N('Data by week'!$AI$89)*'Data by week'!$H$89,N('Data by week'!$AJ$89)*'Data by week'!$H$89,N('Data by week'!$AK$89)*'Data by week'!$H$89,N('Data by week'!$AL$89)*'Data by week'!$H$89)) | F19: shelf | G19: Week 5 | H19: Year 7: W5, W7, W8 | I19: Plan B (no freezer) | K19: =MAX(0,E19-N(J19))
A20: Kitchen scale, reads to 1 g | B20: 电子秤（精度1克） | C20: Kitchen or top-pan electronic scale reading to 1 g (0.1 g if available). | D20: Reusable | E20: =MAX(MAX(N('Data by week'!$I$90)*'Data by week'!$H$90,N('Data by week'!$J$90)*'Data by week'!$H$90,N('Data by week'!$K$90)*'Data by week'!$H$90,N('Data by week'!$L$90)*'Data by week'!$H$90,N('Data by week'!$M$90)*'Data by week'!$H$90,N('Data by week'!$N$90)*'Data by week'!$H$90,N('Data by week'!$O$90)*'Data by week'!$H$90,N('Data by week'!$P$90)*'Data by week'!$H$90,N('Data by week'!$Q$90)*'Data by week'!$H$90,N('Data by week'!$R$90)*'Data by week'!$H$90),MAX(N('Data by week'!$S$90)*'Data by week'!$H$90,N('Data by week'!$T$90)*'Data by week'!$H$90,N('Data by week'!$U$90)*'Data by week'!$H$90,N('Data by week'!$V$90)*'Data by week'!$H$90,N('Data by week'!$W$90)*'Data by week'!$H$90,N('Data by week'!$X$90)*'Data by week'!$H$90,N('Data by week'!$Y$90)*'Data by week'!$H$90,N('Data by week'!$Z$90)*'Data by week'!$H$90,N('Data by week'!$AA$90)*'Data by week'!$H$90,N('Data by week'!$AB$90)*'Data by week'!$H$90),MAX(N('Data by week'!$AC$90)*'Data by week'!$H$90,N('Data by week'!$AD$90)*'Data by week'!$H$90,N('Data by week'!$AE$90)*'Data by week'!$H$90,N('Data by week'!$AF$90)*'Data by week'!$H$90,N('Data by week'!$AG$90)*'Data by week'!$H$90,N('Data by week'!$AH$90)*'Data by week'!$H$90,N('Data by week'!$AI$90)*'Data by week'!$H$90,N('Data by week'!$AJ$90)*'Data by week'!$H$90,N('Data by week'!$AK$90)*'Data by week'!$H$90,N('Data by week'!$AL$90)*'Data by week'!$H$90)) | F20: scales | G20: Week 5 | H20: Year 7: W5, W7; Year 9: W8 | I20: Both plans | K20: =MAX(0,E20-N(J20))
A21: Measuring cylinder, 25 ml | B21: 量筒 25毫升 | C21: 25 ml (10 ml acceptable in Week 6; a 20 ml syringe without a needle is acceptable in Week 7). | D21: Reusable | E21: =MAX(MAX(N('Data by week'!$I$91)*'Data by week'!$H$91,N('Data by week'!$J$91)*'Data by week'!$H$91,N('Data by week'!$K$91)*'Data by week'!$H$91,N('Data by week'!$L$91)*'Data by week'!$H$91,N('Data by week'!$M$91)*'Data by week'!$H$91,N('Data by week'!$N$91)*'Data by week'!$H$91,N('Data by week'!$O$91)*'Data by week'!$H$91,N('Data by week'!$P$91)*'Data by week'!$H$91,N('Data by week'!$Q$91)*'Data by week'!$H$91,N('Data by week'!$R$91)*'Data by week'!$H$91),MAX(N('Data by week'!$S$91)*'Data by week'!$H$91,N('Data by week'!$T$91)*'Data by week'!$H$91,N('Data by week'!$U$91)*'Data by week'!$H$91,N('Data by week'!$V$91)*'Data by week'!$H$91,N('Data by week'!$W$91)*'Data by week'!$H$91,N('Data by week'!$X$91)*'Data by week'!$H$91,N('Data by week'!$Y$91)*'Data by week'!$H$91,N('Data by week'!$Z$91)*'Data by week'!$H$91,N('Data by week'!$AA$91)*'Data by week'!$H$91,N('Data by week'!$AB$91)*'Data by week'!$H$91),MAX(N('Data by week'!$AC$91)*'Data by week'!$H$91,N('Data by week'!$AD$91)*'Data by week'!$H$91,N('Data by week'!$AE$91)*'Data by week'!$H$91,N('Data by week'!$AF$91)*'Data by week'!$H$91,N('Data by week'!$AG$91)*'Data by week'!$H$91,N('Data by week'!$AH$91)*'Data by week'!$H$91,N('Data by week'!$AI$91)*'Data by week'!$H$91,N('Data by week'!$AJ$91)*'Data by week'!$H$91,N('Data by week'!$AK$91)*'Data by week'!$H$91,N('Data by week'!$AL$91)*'Data by week'!$H$91)) | F21: cylinders | G21: Week 5 | H21: Year 7: W5, W6, W7, W8 | I21: Both plans | K21: =MAX(0,E21-N(J21))
A22: Plastic cups, clear, identical, about 250 ml | B22: 透明塑料杯（同款，约250毫升） | C22: Identical clear plastic cups that hold at least 200 ml of water (about 250 ml). | D22: Reusable | E22: =MAX(MAX(N('Data by week'!$I$92)*'Data by week'!$H$92,N('Data by week'!$J$92)*'Data by week'!$H$92,N('Data by week'!$K$92)*'Data by week'!$H$92,N('Data by week'!$L$92)*'Data by week'!$H$92,N('Data by week'!$M$92)*'Data by week'!$H$92,N('Data by week'!$N$92)*'Data by week'!$H$92,N('Data by week'!$O$92)*'Data by week'!$H$92,N('Data by week'!$P$92)*'Data by week'!$H$92,N('Data by week'!$Q$92)*'Data by week'!$H$92,N('Data by week'!$R$92)*'Data by week'!$H$92),MAX(N('Data by week'!$S$92)*'Data by week'!$H$92,N('Data by week'!$T$92)*'Data by week'!$H$92,N('Data by week'!$U$92)*'Data by week'!$H$92,N('Data by week'!$V$92)*'Data by week'!$H$92,N('Data by week'!$W$92)*'Data by week'!$H$92,N('Data by week'!$X$92)*'Data by week'!$H$92,N('Data by week'!$Y$92)*'Data by week'!$H$92,N('Data by week'!$Z$92)*'Data by week'!$H$92,N('Data by week'!$AA$92)*'Data by week'!$H$92,N('Data by week'!$AB$92)*'Data by week'!$H$92),MAX(N('Data by week'!$AC$92)*'Data by week'!$H$92,N('Data by week'!$AD$92)*'Data by week'!$H$92,N('Data by week'!$AE$92)*'Data by week'!$H$92,N('Data by week'!$AF$92)*'Data by week'!$H$92,N('Data by week'!$AG$92)*'Data by week'!$H$92,N('Data by week'!$AH$92)*'Data by week'!$H$92,N('Data by week'!$AI$92)*'Data by week'!$H$92,N('Data by week'!$AJ$92)*'Data by week'!$H$92,N('Data by week'!$AK$92)*'Data by week'!$H$92,N('Data by week'!$AL$92)*'Data by week'!$H$92)) | F22: cups | G22: Week 5 | H22: Year 7: W5, W6, W7, W8; Year 9: W6, W8 | I22: Both plans | K22: =MAX(0,E22-N(J22)) | L22: Cups of warm water stay on the tray. Do not move or carry them Plan B: do not move the cups once they are full.
A23: Measuring cylinder, 100 ml or larger | B23: 量筒 100毫升（或更大） | C23: 100 ml or larger, to mark a 150 ml line on cups (a jug of 100 ml or more will do). | D23: Reusable | E23: =MAX(MAX(N('Data by week'!$I$93)*'Data by week'!$H$93,N('Data by week'!$J$93)*'Data by week'!$H$93,N('Data by week'!$K$93)*'Data by week'!$H$93,N('Data by week'!$L$93)*'Data by week'!$H$93,N('Data by week'!$M$93)*'Data by week'!$H$93,N('Data by week'!$N$93)*'Data by week'!$H$93,N('Data by week'!$O$93)*'Data by week'!$H$93,N('Data by week'!$P$93)*'Data by week'!$H$93,N('Data by week'!$Q$93)*'Data by week'!$H$93,N('Data by week'!$R$93)*'Data by week'!$H$93),MAX(N('Data by week'!$S$93)*'Data by week'!$H$93,N('Data by week'!$T$93)*'Data by week'!$H$93,N('Data by week'!$U$93)*'Data by week'!$H$93,N('Data by week'!$V$93)*'Data by week'!$H$93,N('Data by week'!$W$93)*'Data by week'!$H$93,N('Data by week'!$X$93)*'Data by week'!$H$93,N('Data by week'!$Y$93)*'Data by week'!$H$93,N('Data by week'!$Z$93)*'Data by week'!$H$93,N('Data by week'!$AA$93)*'Data by week'!$H$93,N('Data by week'!$AB$93)*'Data by week'!$H$93),MAX(N('Data by week'!$AC$93)*'Data by week'!$H$93,N('Data by week'!$AD$93)*'Data by week'!$H$93,N('Data by week'!$AE$93)*'Data by week'!$H$93,N('Data by week'!$AF$93)*'Data by week'!$H$93,N('Data by week'!$AG$93)*'Data by week'!$H$93,N('Data by week'!$AH$93)*'Data by week'!$H$93,N('Data by week'!$AI$93)*'Data by week'!$H$93,N('Data by week'!$AJ$93)*'Data by week'!$H$93,N('Data by week'!$AK$93)*'Data by week'!$H$93,N('Data by week'!$AL$93)*'Data by week'!$H$93)) | F23: cylinders | G23: Week 6 | H23: Year 7: W6 | I23: Plan B (no freezer) | K23: =MAX(0,E23-N(J23))
A24: Measuring jug, 100 ml | B24: 量杯 100毫升 | C24: Graduated measuring jug; the teacher measures 100 ml into each cup. | D24: Reusable | E24: =MAX(MAX(N('Data by week'!$I$94)*'Data by week'!$H$94,N('Data by week'!$J$94)*'Data by week'!$H$94,N('Data by week'!$K$94)*'Data by week'!$H$94,N('Data by week'!$L$94)*'Data by week'!$H$94,N('Data by week'!$M$94)*'Data by week'!$H$94,N('Data by week'!$N$94)*'Data by week'!$H$94,N('Data by week'!$O$94)*'Data by week'!$H$94,N('Data by week'!$P$94)*'Data by week'!$H$94,N('Data by week'!$Q$94)*'Data by week'!$H$94,N('Data by week'!$R$94)*'Data by week'!$H$94),MAX(N('Data by week'!$S$94)*'Data by week'!$H$94,N('Data by week'!$T$94)*'Data by week'!$H$94,N('Data by week'!$U$94)*'Data by week'!$H$94,N('Data by week'!$V$94)*'Data by week'!$H$94,N('Data by week'!$W$94)*'Data by week'!$H$94,N('Data by week'!$X$94)*'Data by week'!$H$94,N('Data by week'!$Y$94)*'Data by week'!$H$94,N('Data by week'!$Z$94)*'Data by week'!$H$94,N('Data by week'!$AA$94)*'Data by week'!$H$94,N('Data by week'!$AB$94)*'Data by week'!$H$94),MAX(N('Data by week'!$AC$94)*'Data by week'!$H$94,N('Data by week'!$AD$94)*'Data by week'!$H$94,N('Data by week'!$AE$94)*'Data by week'!$H$94,N('Data by week'!$AF$94)*'Data by week'!$H$94,N('Data by week'!$AG$94)*'Data by week'!$H$94,N('Data by week'!$AH$94)*'Data by week'!$H$94,N('Data by week'!$AI$94)*'Data by week'!$H$94,N('Data by week'!$AJ$94)*'Data by week'!$H$94,N('Data by week'!$AK$94)*'Data by week'!$H$94,N('Data by week'!$AL$94)*'Data by week'!$H$94)) | F24: jugs | G24: Week 6 | H24: Year 9: W6 | I24: Plan B (no freezer) | K24: =MAX(0,E24-N(J24))
A25: Mop and bucket | B25: 拖把和拖把桶 | C25: Mop and mop bucket near the door. | D25: Reusable | E25: =MAX(MAX(N('Data by week'!$I$95)*'Data by week'!$H$95,N('Data by week'!$J$95)*'Data by week'!$H$95,N('Data by week'!$K$95)*'Data by week'!$H$95,N('Data by week'!$L$95)*'Data by week'!$H$95,N('Data by week'!$M$95)*'Data by week'!$H$95,N('Data by week'!$N$95)*'Data by week'!$H$95,N('Data by week'!$O$95)*'Data by week'!$H$95,N('Data by week'!$P$95)*'Data by week'!$H$95,N('Data by week'!$Q$95)*'Data by week'!$H$95,N('Data by week'!$R$95)*'Data by week'!$H$95),MAX(N('Data by week'!$S$95)*'Data by week'!$H$95,N('Data by week'!$T$95)*'Data by week'!$H$95,N('Data by week'!$U$95)*'Data by week'!$H$95,N('Data by week'!$V$95)*'Data by week'!$H$95,N('Data by week'!$W$95)*'Data by week'!$H$95,N('Data by week'!$X$95)*'Data by week'!$H$95,N('Data by week'!$Y$95)*'Data by week'!$H$95,N('Data by week'!$Z$95)*'Data by week'!$H$95,N('Data by week'!$AA$95)*'Data by week'!$H$95,N('Data by week'!$AB$95)*'Data by week'!$H$95),MAX(N('Data by week'!$AC$95)*'Data by week'!$H$95,N('Data by week'!$AD$95)*'Data by week'!$H$95,N('Data by week'!$AE$95)*'Data by week'!$H$95,N('Data by week'!$AF$95)*'Data by week'!$H$95,N('Data by week'!$AG$95)*'Data by week'!$H$95,N('Data by week'!$AH$95)*'Data by week'!$H$95,N('Data by week'!$AI$95)*'Data by week'!$H$95,N('Data by week'!$AJ$95)*'Data by week'!$H$95,N('Data by week'!$AK$95)*'Data by week'!$H$95,N('Data by week'!$AL$95)*'Data by week'!$H$95)) | F25: sets | G25: Week 6 | H25: Year 7: W6, W7, W8 | I25: Both plans | K25: =MAX(0,E25-N(J25)) | L25: A wet floor is the biggest risk: mop spills straight away; stop a group's testing if water is on the floor.
A26: Plastic syringe, 10 ml, no needle | B26: 塑料注射器 10毫升（无针头） | C26: 10 ml plastic syringe without a needle; a small measuring cylinder will do instead. | D26: Reusable | E26: =MAX(MAX(N('Data by week'!$I$96)*'Data by week'!$H$96,N('Data by week'!$J$96)*'Data by week'!$H$96,N('Data by week'!$K$96)*'Data by week'!$H$96,N('Data by week'!$L$96)*'Data by week'!$H$96,N('Data by week'!$M$96)*'Data by week'!$H$96,N('Data by week'!$N$96)*'Data by week'!$H$96,N('Data by week'!$O$96)*'Data by week'!$H$96,N('Data by week'!$P$96)*'Data by week'!$H$96,N('Data by week'!$Q$96)*'Data by week'!$H$96,N('Data by week'!$R$96)*'Data by week'!$H$96),MAX(N('Data by week'!$S$96)*'Data by week'!$H$96,N('Data by week'!$T$96)*'Data by week'!$H$96,N('Data by week'!$U$96)*'Data by week'!$H$96,N('Data by week'!$V$96)*'Data by week'!$H$96,N('Data by week'!$W$96)*'Data by week'!$H$96,N('Data by week'!$X$96)*'Data by week'!$H$96,N('Data by week'!$Y$96)*'Data by week'!$H$96,N('Data by week'!$Z$96)*'Data by week'!$H$96,N('Data by week'!$AA$96)*'Data by week'!$H$96,N('Data by week'!$AB$96)*'Data by week'!$H$96),MAX(N('Data by week'!$AC$96)*'Data by week'!$H$96,N('Data by week'!$AD$96)*'Data by week'!$H$96,N('Data by week'!$AE$96)*'Data by week'!$H$96,N('Data by week'!$AF$96)*'Data by week'!$H$96,N('Data by week'!$AG$96)*'Data by week'!$H$96,N('Data by week'!$AH$96)*'Data by week'!$H$96,N('Data by week'!$AI$96)*'Data by week'!$H$96,N('Data by week'!$AJ$96)*'Data by week'!$H$96,N('Data by week'!$AK$96)*'Data by week'!$H$96,N('Data by week'!$AL$96)*'Data by week'!$H$96)) | F26: syringes | G26: Week 6 | H26: Year 9: W6, W8 | I26: Plan A (freezer) | K26: =MAX(0,E26-N(J26)) | L26: Only the teacher fills tubes with warm water
A27: Test tubes, small, plastic if possible | B27: 小试管（尽量用塑料） | C27: Small tubes, each marked with a line at 3 ml and labelled; plastic if possible. | D27: Reusable | E27: =MAX(MAX(N('Data by week'!$I$98)*'Data by week'!$H$98,N('Data by week'!$J$98)*'Data by week'!$H$98,N('Data by week'!$K$98)*'Data by week'!$H$98,N('Data by week'!$L$98)*'Data by week'!$H$98,N('Data by week'!$M$98)*'Data by week'!$H$98,N('Data by week'!$N$98)*'Data by week'!$H$98,N('Data by week'!$O$98)*'Data by week'!$H$98,N('Data by week'!$P$98)*'Data by week'!$H$98,N('Data by week'!$Q$98)*'Data by week'!$H$98,N('Data by week'!$R$98)*'Data by week'!$H$98),MAX(N('Data by week'!$S$98)*'Data by week'!$H$98,N('Data by week'!$T$98)*'Data by week'!$H$98,N('Data by week'!$U$98)*'Data by week'!$H$98,N('Data by week'!$V$98)*'Data by week'!$H$98,N('Data by week'!$W$98)*'Data by week'!$H$98,N('Data by week'!$X$98)*'Data by week'!$H$98,N('Data by week'!$Y$98)*'Data by week'!$H$98,N('Data by week'!$Z$98)*'Data by week'!$H$98,N('Data by week'!$AA$98)*'Data by week'!$H$98,N('Data by week'!$AB$98)*'Data by week'!$H$98),MAX(N('Data by week'!$AC$98)*'Data by week'!$H$98,N('Data by week'!$AD$98)*'Data by week'!$H$98,N('Data by week'!$AE$98)*'Data by week'!$H$98,N('Data by week'!$AF$98)*'Data by week'!$H$98,N('Data by week'!$AG$98)*'Data by week'!$H$98,N('Data by week'!$AH$98)*'Data by week'!$H$98,N('Data by week'!$AI$98)*'Data by week'!$H$98,N('Data by week'!$AJ$98)*'Data by week'!$H$98,N('Data by week'!$AK$98)*'Data by week'!$H$98,N('Data by week'!$AL$98)*'Data by week'!$H$98)) | F27: tubes | G27: Week 6 | H27: Year 9: W6, W8 | I27: Plan A (freezer) | K27: =MAX(0,E27-N(J27)) | L27: Hold tubes by the top, never touch the mixture. Let frozen tubes thaw in the rack before washing
A28: Test-tube rack | B28: 试管架 | C28: An empty cup will do instead. | D28: Reusable | E28: =MAX(MAX(N('Data by week'!$I$99)*'Data by week'!$H$99,N('Data by week'!$J$99)*'Data by week'!$H$99,N('Data by week'!$K$99)*'Data by week'!$H$99,N('Data by week'!$L$99)*'Data by week'!$H$99,N('Data by week'!$M$99)*'Data by week'!$H$99,N('Data by week'!$N$99)*'Data by week'!$H$99,N('Data by week'!$O$99)*'Data by week'!$H$99,N('Data by week'!$P$99)*'Data by week'!$H$99,N('Data by week'!$Q$99)*'Data by week'!$H$99,N('Data by week'!$R$99)*'Data by week'!$H$99),MAX(N('Data by week'!$S$99)*'Data by week'!$H$99,N('Data by week'!$T$99)*'Data by week'!$H$99,N('Data by week'!$U$99)*'Data by week'!$H$99,N('Data by week'!$V$99)*'Data by week'!$H$99,N('Data by week'!$W$99)*'Data by week'!$H$99,N('Data by week'!$X$99)*'Data by week'!$H$99,N('Data by week'!$Y$99)*'Data by week'!$H$99,N('Data by week'!$Z$99)*'Data by week'!$H$99,N('Data by week'!$AA$99)*'Data by week'!$H$99,N('Data by week'!$AB$99)*'Data by week'!$H$99),MAX(N('Data by week'!$AC$99)*'Data by week'!$H$99,N('Data by week'!$AD$99)*'Data by week'!$H$99,N('Data by week'!$AE$99)*'Data by week'!$H$99,N('Data by week'!$AF$99)*'Data by week'!$H$99,N('Data by week'!$AG$99)*'Data by week'!$H$99,N('Data by week'!$AH$99)*'Data by week'!$H$99,N('Data by week'!$AI$99)*'Data by week'!$H$99,N('Data by week'!$AJ$99)*'Data by week'!$H$99,N('Data by week'!$AK$99)*'Data by week'!$H$99,N('Data by week'!$AL$99)*'Data by week'!$H$99)) | F28: racks | G28: Week 6 | H28: Year 9: W6 | I28: Plan A (freezer) | K28: =MAX(0,E28-N(J28))
A29: Thermometer, spirit or digital, -10 to 110 °C | B29: 温度计（酒精或数显，-10至110°C） | C29: Range -10 to 110 °C; spirit-filled (red) or digital only, never mercury; all must agree within 1 °C. | D29: Reusable | E29: =MAX(MAX(N('Data by week'!$I$100)*'Data by week'!$H$100+N('Data by week'!$I$101)*'Data by week'!$H$101,N('Data by week'!$J$100)*'Data by week'!$H$100+N('Data by week'!$J$101)*'Data by week'!$H$101,N('Data by week'!$K$100)*'Data by week'!$H$100+N('Data by week'!$K$101)*'Data by week'!$H$101,N('Data by week'!$L$100)*'Data by week'!$H$100+N('Data by week'!$L$101)*'Data by week'!$H$101,N('Data by week'!$M$100)*'Data by week'!$H$100+N('Data by week'!$M$101)*'Data by week'!$H$101,N('Data by week'!$N$100)*'Data by week'!$H$100+N('Data by week'!$N$101)*'Data by week'!$H$101,N('Data by week'!$O$100)*'Data by week'!$H$100+N('Data by week'!$O$101)*'Data by week'!$H$101,N('Data by week'!$P$100)*'Data by week'!$H$100+N('Data by week'!$P$101)*'Data by week'!$H$101,N('Data by week'!$Q$100)*'Data by week'!$H$100+N('Data by week'!$Q$101)*'Data by week'!$H$101,N('Data by week'!$R$100)*'Data by week'!$H$100+N('Data by week'!$R$101)*'Data by week'!$H$101),MAX(N('Data by week'!$S$100)*'Data by week'!$H$100+N('Data by week'!$S$101)*'Data by week'!$H$101,N('Data by week'!$T$100)*'Data by week'!$H$100+N('Data by week'!$T$101)*'Data by week'!$H$101,N('Data by week'!$U$100)*'Data by week'!$H$100+N('Data by week'!$U$101)*'Data by week'!$H$101,N('Data by week'!$V$100)*'Data by week'!$H$100+N('Data by week'!$V$101)*'Data by week'!$H$101,N('Data by week'!$W$100)*'Data by week'!$H$100+N('Data by week'!$W$101)*'Data by week'!$H$101,N('Data by week'!$X$100)*'Data by week'!$H$100+N('Data by week'!$X$101)*'Data by week'!$H$101,N('Data by week'!$Y$100)*'Data by week'!$H$100+N('Data by week'!$Y$101)*'Data by week'!$H$101,N('Data by week'!$Z$100)*'Data by week'!$H$100+N('Data by week'!$Z$101)*'Data by week'!$H$101,N('Data by week'!$AA$100)*'Data by week'!$H$100+N('Data by week'!$AA$101)*'Data by week'!$H$101,N('Data by week'!$AB$100)*'Data by week'!$H$100+N('Data by week'!$AB$101)*'Data by week'!$H$101),MAX(N('Data by week'!$AC$100)*'Data by week'!$H$100+N('Data by week'!$AC$101)*'Data by week'!$H$101,N('Data by week'!$AD$100)*'Data by week'!$H$100+N('Data by week'!$AD$101)*'Data by week'!$H$101,N('Data by week'!$AE$100)*'Data by week'!$H$100+N('Data by week'!$AE$101)*'Data by week'!$H$101,N('Data by week'!$AF$100)*'Data by week'!$H$100+N('Data by week'!$AF$101)*'Data by week'!$H$101,N('Data by week'!$AG$100)*'Data by week'!$H$100+N('Data by week'!$AG$101)*'Data by week'!$H$101,N('Data by week'!$AH$100)*'Data by week'!$H$100+N('Data by week'!$AH$101)*'Data by week'!$H$101,N('Data by week'!$AI$100)*'Data by week'!$H$100+N('Data by week'!$AI$101)*'Data by week'!$H$101,N('Data by week'!$AJ$100)*'Data by week'!$H$100+N('Data by week'!$AJ$101)*'Data by week'!$H$101,N('Data by week'!$AK$100)*'Data by week'!$H$100+N('Data by week'!$AK$101)*'Data by week'!$H$101,N('Data by week'!$AL$100)*'Data by week'!$H$100+N('Data by week'!$AL$101)*'Data by week'!$H$101)) | F29: thermometers | G29: Week 6 | H29: Year 7: W6; Year 9: W6, W8 | I29: Both plans, Plan B (no freezer) | K29: =MAX(0,E29-N(J29)) | L29: Glass thermometers break easily. Never stir with one or pull one out of ice. If one breaks, step back and tell the teacher; the teacher clears up the glass Never mercury. Thermometers can break: lay them flat; if one breaks, do not touch it, tell the teacher. Teacher counts them back first.
A30: Electronic balance, reads to 0.1 g | B30: 电子天平（精度0.1克） | C30: 0.1 g resolution; test the day before with an opened bottle. | D30: Reusable | E30: =MAX(MAX(N('Data by week'!$I$103)*'Data by week'!$H$103,N('Data by week'!$J$103)*'Data by week'!$H$103,N('Data by week'!$K$103)*'Data by week'!$H$103,N('Data by week'!$L$103)*'Data by week'!$H$103,N('Data by week'!$M$103)*'Data by week'!$H$103,N('Data by week'!$N$103)*'Data by week'!$H$103,N('Data by week'!$O$103)*'Data by week'!$H$103,N('Data by week'!$P$103)*'Data by week'!$H$103,N('Data by week'!$Q$103)*'Data by week'!$H$103,N('Data by week'!$R$103)*'Data by week'!$H$103),MAX(N('Data by week'!$S$103)*'Data by week'!$H$103,N('Data by week'!$T$103)*'Data by week'!$H$103,N('Data by week'!$U$103)*'Data by week'!$H$103,N('Data by week'!$V$103)*'Data by week'!$H$103,N('Data by week'!$W$103)*'Data by week'!$H$103,N('Data by week'!$X$103)*'Data by week'!$H$103,N('Data by week'!$Y$103)*'Data by week'!$H$103,N('Data by week'!$Z$103)*'Data by week'!$H$103,N('Data by week'!$AA$103)*'Data by week'!$H$103,N('Data by week'!$AB$103)*'Data by week'!$H$103),MAX(N('Data by week'!$AC$103)*'Data by week'!$H$103,N('Data by week'!$AD$103)*'Data by week'!$H$103,N('Data by week'!$AE$103)*'Data by week'!$H$103,N('Data by week'!$AF$103)*'Data by week'!$H$103,N('Data by week'!$AG$103)*'Data by week'!$H$103,N('Data by week'!$AH$103)*'Data by week'!$H$103,N('Data by week'!$AI$103)*'Data by week'!$H$103,N('Data by week'!$AJ$103)*'Data by week'!$H$103,N('Data by week'!$AK$103)*'Data by week'!$H$103,N('Data by week'!$AL$103)*'Data by week'!$H$103)) | F30: scale | G30: Week 8 | H30: Year 9: W8 | I30: Both plans | K30: =MAX(0,E30-N(J30))
A31: Measuring cylinder, 10 ml | B31: 量筒 10毫升 | C31: 10 ml, readable to the nearest 0.5 ml. | D31: Reusable | E31: =MAX(MAX(N('Data by week'!$I$104)*'Data by week'!$H$104+N('Data by week'!$I$105)*'Data by week'!$H$105,N('Data by week'!$J$104)*'Data by week'!$H$104+N('Data by week'!$J$105)*'Data by week'!$H$105,N('Data by week'!$K$104)*'Data by week'!$H$104+N('Data by week'!$K$105)*'Data by week'!$H$105,N('Data by week'!$L$104)*'Data by week'!$H$104+N('Data by week'!$L$105)*'Data by week'!$H$105,N('Data by week'!$M$104)*'Data by week'!$H$104+N('Data by week'!$M$105)*'Data by week'!$H$105,N('Data by week'!$N$104)*'Data by week'!$H$104+N('Data by week'!$N$105)*'Data by week'!$H$105,N('Data by week'!$O$104)*'Data by week'!$H$104+N('Data by week'!$O$105)*'Data by week'!$H$105,N('Data by week'!$P$104)*'Data by week'!$H$104+N('Data by week'!$P$105)*'Data by week'!$H$105,N('Data by week'!$Q$104)*'Data by week'!$H$104+N('Data by week'!$Q$105)*'Data by week'!$H$105,N('Data by week'!$R$104)*'Data by week'!$H$104+N('Data by week'!$R$105)*'Data by week'!$H$105),MAX(N('Data by week'!$S$104)*'Data by week'!$H$104+N('Data by week'!$S$105)*'Data by week'!$H$105,N('Data by week'!$T$104)*'Data by week'!$H$104+N('Data by week'!$T$105)*'Data by week'!$H$105,N('Data by week'!$U$104)*'Data by week'!$H$104+N('Data by week'!$U$105)*'Data by week'!$H$105,N('Data by week'!$V$104)*'Data by week'!$H$104+N('Data by week'!$V$105)*'Data by week'!$H$105,N('Data by week'!$W$104)*'Data by week'!$H$104+N('Data by week'!$W$105)*'Data by week'!$H$105,N('Data by week'!$X$104)*'Data by week'!$H$104+N('Data by week'!$X$105)*'Data by week'!$H$105,N('Data by week'!$Y$104)*'Data by week'!$H$104+N('Data by week'!$Y$105)*'Data by week'!$H$105,N('Data by week'!$Z$104)*'Data by week'!$H$104+N('Data by week'!$Z$105)*'Data by week'!$H$105,N('Data by week'!$AA$104)*'Data by week'!$H$104+N('Data by week'!$AA$105)*'Data by week'!$H$105,N('Data by week'!$AB$104)*'Data by week'!$H$104+N('Data by week'!$AB$105)*'Data by week'!$H$105),MAX(N('Data by week'!$AC$104)*'Data by week'!$H$104+N('Data by week'!$AC$105)*'Data by week'!$H$105,N('Data by week'!$AD$104)*'Data by week'!$H$104+N('Data by week'!$AD$105)*'Data by week'!$H$105,N('Data by week'!$AE$104)*'Data by week'!$H$104+N('Data by week'!$AE$105)*'Data by week'!$H$105,N('Data by week'!$AF$104)*'Data by week'!$H$104+N('Data by week'!$AF$105)*'Data by week'!$H$105,N('Data by week'!$AG$104)*'Data by week'!$H$104+N('Data by week'!$AG$105)*'Data by week'!$H$105,N('Data by week'!$AH$104)*'Data by week'!$H$104+N('Data by week'!$AH$105)*'Data by week'!$H$105,N('Data by week'!$AI$104)*'Data by week'!$H$104+N('Data by week'!$AI$105)*'Data by week'!$H$105,N('Data by week'!$AJ$104)*'Data by week'!$H$104+N('Data by week'!$AJ$105)*'Data by week'!$H$105,N('Data by week'!$AK$104)*'Data by week'!$H$104+N('Data by week'!$AK$105)*'Data by week'!$H$105,N('Data by week'!$AL$104)*'Data by week'!$H$104+N('Data by week'!$AL$105)*'Data by week'!$H$105)) | F31: cylinders | G31: Week 8 | H31: Year 7: W8; Year 9: W8 | I31: Both plans, Plan A (freezer) | K31: =MAX(0,E31-N(J31))
A32: Measuring jug, 200 ml | B32: 量杯 200毫升 | C32: Graduated measuring jug, at least 150 ml capacity (a 150 ml or larger measuring cylinder will do). | D32: Reusable | E32: =MAX(MAX(N('Data by week'!$I$106)*'Data by week'!$H$106+N('Data by week'!$I$107)*'Data by week'!$H$107,N('Data by week'!$J$106)*'Data by week'!$H$106+N('Data by week'!$J$107)*'Data by week'!$H$107,N('Data by week'!$K$106)*'Data by week'!$H$106+N('Data by week'!$K$107)*'Data by week'!$H$107,N('Data by week'!$L$106)*'Data by week'!$H$106+N('Data by week'!$L$107)*'Data by week'!$H$107,N('Data by week'!$M$106)*'Data by week'!$H$106+N('Data by week'!$M$107)*'Data by week'!$H$107,N('Data by week'!$N$106)*'Data by week'!$H$106+N('Data by week'!$N$107)*'Data by week'!$H$107,N('Data by week'!$O$106)*'Data by week'!$H$106+N('Data by week'!$O$107)*'Data by week'!$H$107,N('Data by week'!$P$106)*'Data by week'!$H$106+N('Data by week'!$P$107)*'Data by week'!$H$107,N('Data by week'!$Q$106)*'Data by week'!$H$106+N('Data by week'!$Q$107)*'Data by week'!$H$107,N('Data by week'!$R$106)*'Data by week'!$H$106+N('Data by week'!$R$107)*'Data by week'!$H$107),MAX(N('Data by week'!$S$106)*'Data by week'!$H$106+N('Data by week'!$S$107)*'Data by week'!$H$107,N('Data by week'!$T$106)*'Data by week'!$H$106+N('Data by week'!$T$107)*'Data by week'!$H$107,N('Data by week'!$U$106)*'Data by week'!$H$106+N('Data by week'!$U$107)*'Data by week'!$H$107,N('Data by week'!$V$106)*'Data by week'!$H$106+N('Data by week'!$V$107)*'Data by week'!$H$107,N('Data by week'!$W$106)*'Data by week'!$H$106+N('Data by week'!$W$107)*'Data by week'!$H$107,N('Data by week'!$X$106)*'Data by week'!$H$106+N('Data by week'!$X$107)*'Data by week'!$H$107,N('Data by week'!$Y$106)*'Data by week'!$H$106+N('Data by week'!$Y$107)*'Data by week'!$H$107,N('Data by week'!$Z$106)*'Data by week'!$H$106+N('Data by week'!$Z$107)*'Data by week'!$H$107,N('Data by week'!$AA$106)*'Data by week'!$H$106+N('Data by week'!$AA$107)*'Data by week'!$H$107,N('Data by week'!$AB$106)*'Data by week'!$H$106+N('Data by week'!$AB$107)*'Data by week'!$H$107),MAX(N('Data by week'!$AC$106)*'Data by week'!$H$106+N('Data by week'!$AC$107)*'Data by week'!$H$107,N('Data by week'!$AD$106)*'Data by week'!$H$106+N('Data by week'!$AD$107)*'Data by week'!$H$107,N('Data by week'!$AE$106)*'Data by week'!$H$106+N('Data by week'!$AE$107)*'Data by week'!$H$107,N('Data by week'!$AF$106)*'Data by week'!$H$106+N('Data by week'!$AF$107)*'Data by week'!$H$107,N('Data by week'!$AG$106)*'Data by week'!$H$106+N('Data by week'!$AG$107)*'Data by week'!$H$107,N('Data by week'!$AH$106)*'Data by week'!$H$106+N('Data by week'!$AH$107)*'Data by week'!$H$107,N('Data by week'!$AI$106)*'Data by week'!$H$106+N('Data by week'!$AI$107)*'Data by week'!$H$107,N('Data by week'!$AJ$106)*'Data by week'!$H$106+N('Data by week'!$AJ$107)*'Data by week'!$H$107,N('Data by week'!$AK$106)*'Data by week'!$H$106+N('Data by week'!$AK$107)*'Data by week'!$H$107,N('Data by week'!$AL$106)*'Data by week'!$H$106+N('Data by week'!$AL$107)*'Data by week'!$H$107)) | F32: jugs | G32: Week 8 | H32: Year 8: W8; Year 9: W8 | I32: Both plans, Plan A (freezer) | K32: =MAX(0,E32-N(J32))
A33: Small bottle, about 60 ml (for vinegar) | B33: 小瓶（约60毫升，装白醋） | C33: Small bottle that holds about 60 ml of white vinegar; label it. | D33: Reusable | E33: =MAX(MAX(N('Data by week'!$I$108)*'Data by week'!$H$108,N('Data by week'!$J$108)*'Data by week'!$H$108,N('Data by week'!$K$108)*'Data by week'!$H$108,N('Data by week'!$L$108)*'Data by week'!$H$108,N('Data by week'!$M$108)*'Data by week'!$H$108,N('Data by week'!$N$108)*'Data by week'!$H$108,N('Data by week'!$O$108)*'Data by week'!$H$108,N('Data by week'!$P$108)*'Data by week'!$H$108,N('Data by week'!$Q$108)*'Data by week'!$H$108,N('Data by week'!$R$108)*'Data by week'!$H$108),MAX(N('Data by week'!$S$108)*'Data by week'!$H$108,N('Data by week'!$T$108)*'Data by week'!$H$108,N('Data by week'!$U$108)*'Data by week'!$H$108,N('Data by week'!$V$108)*'Data by week'!$H$108,N('Data by week'!$W$108)*'Data by week'!$H$108,N('Data by week'!$X$108)*'Data by week'!$H$108,N('Data by week'!$Y$108)*'Data by week'!$H$108,N('Data by week'!$Z$108)*'Data by week'!$H$108,N('Data by week'!$AA$108)*'Data by week'!$H$108,N('Data by week'!$AB$108)*'Data by week'!$H$108),MAX(N('Data by week'!$AC$108)*'Data by week'!$H$108,N('Data by week'!$AD$108)*'Data by week'!$H$108,N('Data by week'!$AE$108)*'Data by week'!$H$108,N('Data by week'!$AF$108)*'Data by week'!$H$108,N('Data by week'!$AG$108)*'Data by week'!$H$108,N('Data by week'!$AH$108)*'Data by week'!$H$108,N('Data by week'!$AI$108)*'Data by week'!$H$108,N('Data by week'!$AJ$108)*'Data by week'!$H$108,N('Data by week'!$AK$108)*'Data by week'!$H$108,N('Data by week'!$AL$108)*'Data by week'!$H$108)) | F33: bottles | G33: Week 8 | H33: Year 8: W8 | I33: Both plans | K33: =MAX(0,E33-N(J33)) | L33: Label it; goggles when pouring vinegar.

Sheet Canteen and kitchen
A1: Item | B1: 中文名称（草稿） | C1: Specification | D1: Type | E1: Year 7 per class | F1: Year 8 per class | G1: Year 9 per class | H1: Total | I1: Unit | J1: First needed | K1: Weeks used | L1: Plan | M1: Safety and notes
A2: Baking soda (bicarbonate of soda) | B2: 小苏打 | C2: Baking soda (bicarbonate of soda), food grade. | D2: Used up | E2: =ROUND('Data by week'!$AW$109*'Data by week'!$H$109,2) | F2: =ROUND('Data by week'!$AX$109*'Data by week'!$H$109,2) | G2: =ROUND('Data by week'!$AY$109*'Data by week'!$H$109,2) | H2: =ROUNDUP(E2*'Read me'!$C$5+F2*'Read me'!$C$6+G2*'Read me'!$C$7,0) | I2: teaspoons | J2: Week 1 | K2: Year 8: W1, W4, W5, W7, W8 | L2: Both plans | M2: Never taste. Do not blow or shake powders.
A3: Drinking glass, clear | B3: 玻璃杯（透明） | C3: Clear drinking glass for the optional scene display. | D3: Reusable | E3: =ROUND(MAX(N('Data by week'!$I$110)*'Data by week'!$H$110,N('Data by week'!$J$110)*'Data by week'!$H$110,N('Data by week'!$K$110)*'Data by week'!$H$110,N('Data by week'!$L$110)*'Data by week'!$H$110,N('Data by week'!$M$110)*'Data by week'!$H$110,N('Data by week'!$N$110)*'Data by week'!$H$110,N('Data by week'!$O$110)*'Data by week'!$H$110,N('Data by week'!$P$110)*'Data by week'!$H$110,N('Data by week'!$Q$110)*'Data by week'!$H$110,N('Data by week'!$R$110)*'Data by week'!$H$110),2) | F3: =ROUND(MAX(N('Data by week'!$S$110)*'Data by week'!$H$110,N('Data by week'!$T$110)*'Data by week'!$H$110,N('Data by week'!$U$110)*'Data by week'!$H$110,N('Data by week'!$V$110)*'Data by week'!$H$110,N('Data by week'!$W$110)*'Data by week'!$H$110,N('Data by week'!$X$110)*'Data by week'!$H$110,N('Data by week'!$Y$110)*'Data by week'!$H$110,N('Data by week'!$Z$110)*'Data by week'!$H$110,N('Data by week'!$AA$110)*'Data by week'!$H$110,N('Data by week'!$AB$110)*'Data by week'!$H$110),2) | G3: =ROUND(MAX(N('Data by week'!$AC$110)*'Data by week'!$H$110,N('Data by week'!$AD$110)*'Data by week'!$H$110,N('Data by week'!$AE$110)*'Data by week'!$H$110,N('Data by week'!$AF$110)*'Data by week'!$H$110,N('Data by week'!$AG$110)*'Data by week'!$H$110,N('Data by week'!$AH$110)*'Data by week'!$H$110,N('Data by week'!$AI$110)*'Data by week'!$H$110,N('Data by week'!$AJ$110)*'Data by week'!$H$110,N('Data by week'!$AK$110)*'Data by week'!$H$110,N('Data by week'!$AL$110)*'Data by week'!$H$110),2) | H3: =MAX(E3:G3) | I3: glass | J3: Week 1 | K3: Year 8: W1, W2 | L3: Both plans | M3: Look only: do not touch, taste or smell items on the scene table.
A4: Saucers, small, identical | B4: 小碟子（同款） | C4: Small identical saucers (identical plastic lids will do for Y7). | D4: Reusable | E4: =ROUND(MAX(N('Data by week'!$I$111)*'Data by week'!$H$111+N('Data by week'!$I$138)*'Data by week'!$H$138,N('Data by week'!$J$111)*'Data by week'!$H$111+N('Data by week'!$J$138)*'Data by week'!$H$138,N('Data by week'!$K$111)*'Data by week'!$H$111+N('Data by week'!$K$138)*'Data by week'!$H$138,N('Data by week'!$L$111)*'Data by week'!$H$111+N('Data by week'!$L$138)*'Data by week'!$H$138,N('Data by week'!$M$111)*'Data by week'!$H$111+N('Data by week'!$M$138)*'Data by week'!$H$138,N('Data by week'!$N$111)*'Data by week'!$H$111+N('Data by week'!$N$138)*'Data by week'!$H$138,N('Data by week'!$O$111)*'Data by week'!$H$111+N('Data by week'!$O$138)*'Data by week'!$H$138,N('Data by week'!$P$111)*'Data by week'!$H$111+N('Data by week'!$P$138)*'Data by week'!$H$138,N('Data by week'!$Q$111)*'Data by week'!$H$111+N('Data by week'!$Q$138)*'Data by week'!$H$138,N('Data by week'!$R$111)*'Data by week'!$H$111+N('Data by week'!$R$138)*'Data by week'!$H$138),2) | F4: =ROUND(MAX(N('Data by week'!$S$111)*'Data by week'!$H$111+N('Data by week'!$S$138)*'Data by week'!$H$138,N('Data by week'!$T$111)*'Data by week'!$H$111+N('Data by week'!$T$138)*'Data by week'!$H$138,N('Data by week'!$U$111)*'Data by week'!$H$111+N('Data by week'!$U$138)*'Data by week'!$H$138,N('Data by week'!$V$111)*'Data by week'!$H$111+N('Data by week'!$V$138)*'Data by week'!$H$138,N('Data by week'!$W$111)*'Data by week'!$H$111+N('Data by week'!$W$138)*'Data by week'!$H$138,N('Data by week'!$X$111)*'Data by week'!$H$111+N('Data by week'!$X$138)*'Data by week'!$H$138,N('Data by week'!$Y$111)*'Data by week'!$H$111+N('Data by week'!$Y$138)*'Data by week'!$H$138,N('Data by week'!$Z$111)*'Data by week'!$H$111+N('Data by week'!$Z$138)*'Data by week'!$H$138,N('Data by week'!$AA$111)*'Data by week'!$H$111+N('Data by week'!$AA$138)*'Data by week'!$H$138,N('Data by week'!$AB$111)*'Data by week'!$H$111+N('Data by week'!$AB$138)*'Data by week'!$H$138),2) | G4: =ROUND(MAX(N('Data by week'!$AC$111)*'Data by week'!$H$111+N('Data by week'!$AC$138)*'Data by week'!$H$138,N('Data by week'!$AD$111)*'Data by week'!$H$111+N('Data by week'!$AD$138)*'Data by week'!$H$138,N('Data by week'!$AE$111)*'Data by week'!$H$111+N('Data by week'!$AE$138)*'Data by week'!$H$138,N('Data by week'!$AF$111)*'Data by week'!$H$111+N('Data by week'!$AF$138)*'Data by week'!$H$138,N('Data by week'!$AG$111)*'Data by week'!$H$111+N('Data by week'!$AG$138)*'Data by week'!$H$138,N('Data by week'!$AH$111)*'Data by week'!$H$111+N('Data by week'!$AH$138)*'Data by week'!$H$138,N('Data by week'!$AI$111)*'Data by week'!$H$111+N('Data by week'!$AI$138)*'Data by week'!$H$138,N('Data by week'!$AJ$111)*'Data by week'!$H$111+N('Data by week'!$AJ$138)*'Data by week'!$H$138,N('Data by week'!$AK$111)*'Data by week'!$H$111+N('Data by week'!$AK$138)*'Data by week'!$H$138,N('Data by week'!$AL$111)*'Data by week'!$H$111+N('Data by week'!$AL$138)*'Data by week'!$H$138),2) | H4: =MAX(E4:G4) | I4: saucers | J4: Week 1 | K4: Year 7: W8; Year 8: W1; Year 9: W8 | L4: Both plans, Plan A (freezer) | M4: Salted ice is very cold, so wear gloves
A5: Dry rice, uncooked | B5: 生大米 | C5: Uncooked rice, 1 teaspoon (mystery cup). | D5: Reusable | E5: =ROUND(MAX(N('Data by week'!$I$112)*'Data by week'!$H$112,N('Data by week'!$J$112)*'Data by week'!$H$112,N('Data by week'!$K$112)*'Data by week'!$H$112,N('Data by week'!$L$112)*'Data by week'!$H$112,N('Data by week'!$M$112)*'Data by week'!$H$112,N('Data by week'!$N$112)*'Data by week'!$H$112,N('Data by week'!$O$112)*'Data by week'!$H$112,N('Data by week'!$P$112)*'Data by week'!$H$112,N('Data by week'!$Q$112)*'Data by week'!$H$112,N('Data by week'!$R$112)*'Data by week'!$H$112),2) | F5: =ROUND(MAX(N('Data by week'!$S$112)*'Data by week'!$H$112,N('Data by week'!$T$112)*'Data by week'!$H$112,N('Data by week'!$U$112)*'Data by week'!$H$112,N('Data by week'!$V$112)*'Data by week'!$H$112,N('Data by week'!$W$112)*'Data by week'!$H$112,N('Data by week'!$X$112)*'Data by week'!$H$112,N('Data by week'!$Y$112)*'Data by week'!$H$112,N('Data by week'!$Z$112)*'Data by week'!$H$112,N('Data by week'!$AA$112)*'Data by week'!$H$112,N('Data by week'!$AB$112)*'Data by week'!$H$112),2) | G5: =ROUND(MAX(N('Data by week'!$AC$112)*'Data by week'!$H$112,N('Data by week'!$AD$112)*'Data by week'!$H$112,N('Data by week'!$AE$112)*'Data by week'!$H$112,N('Data by week'!$AF$112)*'Data by week'!$H$112,N('Data by week'!$AG$112)*'Data by week'!$H$112,N('Data by week'!$AH$112)*'Data by week'!$H$112,N('Data by week'!$AI$112)*'Data by week'!$H$112,N('Data by week'!$AJ$112)*'Data by week'!$H$112,N('Data by week'!$AK$112)*'Data by week'!$H$112,N('Data by week'!$AL$112)*'Data by week'!$H$112),2) | H5: =MAX(E5:G5) | I5: teaspoon | J5: Week 2 | K5: Year 7: W2 | L5: Both plans | M5: Sealed inside the cup; no tasting.
A6: Jugs, plastic, about 2 litres | B6: 塑料水壶（约2升） | C6: Plastic jugs, at least 2 litres, that can take warm water up to about 60 °C (Y8 Soil groups need about 1.6 litres); the teacher needs two for warm water at different temperatures (Y7 Week 6 Plan B, Y9 Week 6 about 60 °C and about 35 °C). Only the teacher pours warm water. | D6: Reusable | E6: =ROUND(MAX(N('Data by week'!$I$113)*'Data by week'!$H$113+N('Data by week'!$I$131)*'Data by week'!$H$131,N('Data by week'!$J$113)*'Data by week'!$H$113+N('Data by week'!$J$131)*'Data by week'!$H$131,N('Data by week'!$K$113)*'Data by week'!$H$113+N('Data by week'!$K$131)*'Data by week'!$H$131,N('Data by week'!$L$113)*'Data by week'!$H$113+N('Data by week'!$L$131)*'Data by week'!$H$131,N('Data by week'!$M$113)*'Data by week'!$H$113+N('Data by week'!$M$131)*'Data by week'!$H$131,N('Data by week'!$N$113)*'Data by week'!$H$113+N('Data by week'!$N$131)*'Data by week'!$H$131,N('Data by week'!$O$113)*'Data by week'!$H$113+N('Data by week'!$O$131)*'Data by week'!$H$131,N('Data by week'!$P$113)*'Data by week'!$H$113+N('Data by week'!$P$131)*'Data by week'!$H$131,N('Data by week'!$Q$113)*'Data by week'!$H$113+N('Data by week'!$Q$131)*'Data by week'!$H$131,N('Data by week'!$R$113)*'Data by week'!$H$113+N('Data by week'!$R$131)*'Data by week'!$H$131),2) | F6: =ROUND(MAX(N('Data by week'!$S$113)*'Data by week'!$H$113+N('Data by week'!$S$131)*'Data by week'!$H$131,N('Data by week'!$T$113)*'Data by week'!$H$113+N('Data by week'!$T$131)*'Data by week'!$H$131,N('Data by week'!$U$113)*'Data by week'!$H$113+N('Data by week'!$U$131)*'Data by week'!$H$131,N('Data by week'!$V$113)*'Data by week'!$H$113+N('Data by week'!$V$131)*'Data by week'!$H$131,N('Data by week'!$W$113)*'Data by week'!$H$113+N('Data by week'!$W$131)*'Data by week'!$H$131,N('Data by week'!$X$113)*'Data by week'!$H$113+N('Data by week'!$X$131)*'Data by week'!$H$131,N('Data by week'!$Y$113)*'Data by week'!$H$113+N('Data by week'!$Y$131)*'Data by week'!$H$131,N('Data by week'!$Z$113)*'Data by week'!$H$113+N('Data by week'!$Z$131)*'Data by week'!$H$131,N('Data by week'!$AA$113)*'Data by week'!$H$113+N('Data by week'!$AA$131)*'Data by week'!$H$131,N('Data by week'!$AB$113)*'Data by week'!$H$113+N('Data by week'!$AB$131)*'Data by week'!$H$131),2) | G6: =ROUND(MAX(N('Data by week'!$AC$113)*'Data by week'!$H$113+N('Data by week'!$AC$131)*'Data by week'!$H$131,N('Data by week'!$AD$113)*'Data by week'!$H$113+N('Data by week'!$AD$131)*'Data by week'!$H$131,N('Data by week'!$AE$113)*'Data by week'!$H$113+N('Data by week'!$AE$131)*'Data by week'!$H$131,N('Data by week'!$AF$113)*'Data by week'!$H$113+N('Data by week'!$AF$131)*'Data by week'!$H$131,N('Data by week'!$AG$113)*'Data by week'!$H$113+N('Data by week'!$AG$131)*'Data by week'!$H$131,N('Data by week'!$AH$113)*'Data by week'!$H$113+N('Data by week'!$AH$131)*'Data by week'!$H$131,N('Data by week'!$AI$113)*'Data by week'!$H$113+N('Data by week'!$AI$131)*'Data by week'!$H$131,N('Data by week'!$AJ$113)*'Data by week'!$H$113+N('Data by week'!$AJ$131)*'Data by week'!$H$131,N('Data by week'!$AK$113)*'Data by week'!$H$113+N('Data by week'!$AK$131)*'Data by week'!$H$131,N('Data by week'!$AL$113)*'Data by week'!$H$113+N('Data by week'!$AL$131)*'Data by week'!$H$131),2) | H6: =MAX(E6:G6) | I6: jugs | J6: Week 3 | K6: Year 7: W5, W6, W7, W8; Year 8: W3, W8; Year 9: W6, W8 | L6: Both plans, Plan B (no freezer) | M6: Only the teacher pours Only the teacher pours warm water Wipe up spills straight away.
A7: Cornflour | B7: 玉米淀粉 | C7: Cornflour (check the allergy list for corn). | D7: Used up | E7: =ROUND('Data by week'!$AW$114*'Data by week'!$H$114,2) | F7: =ROUND('Data by week'!$AX$114*'Data by week'!$H$114,2) | G7: =ROUND('Data by week'!$AY$114*'Data by week'!$H$114,2) | H7: =ROUNDUP(E7*'Read me'!$C$5+F7*'Read me'!$C$6+G7*'Read me'!$C$7,0) | I7: teaspoons | J7: Week 4 | K7: Year 8: W4, W8 | L7: Both plans | M7: Food allergy check (corn) before the lesson: allergic students do not handle it (Recorder role). Never taste; avoid dust clouds; wash hands after.
A8: Plain flour (wheat) | B8: 面粉（普通小麦粉） | C8: Plain wheat flour (check the allergy list). | D8: Used up | E8: =ROUND('Data by week'!$AW$115*'Data by week'!$H$115+'Data by week'!$AW$125*'Data by week'!$H$125,2) | F8: =ROUND('Data by week'!$AX$115*'Data by week'!$H$115+'Data by week'!$AX$125*'Data by week'!$H$125,2) | G8: =ROUND('Data by week'!$AY$115*'Data by week'!$H$115+'Data by week'!$AY$125*'Data by week'!$H$125,2) | H8: =ROUNDUP(E8*'Read me'!$C$5+F8*'Read me'!$C$6+G8*'Read me'!$C$7,0) | I8: g | J8: Week 4 | K8: Year 7: W5, W7; Year 8: W4, W8 | L8: Both plans, Plan B (no freezer) | M8: Food allergy check (wheat flour) before the lesson: allergic students do not handle it. Never taste; do not blow or shake (dust clouds); wash hands after. Wheat or flour allergy: check the school allergy list first; allergic students take a non-dough role and do not touch the strips in Week 8. Knead inside a closed bag (no flour dust). Never eat the dough. Wash hands after.
A9: Salt, table salt | B9: 食盐 | C9: Ordinary table salt, 1 kg bags. | D9: Used up | E9: =ROUND('Data by week'!$AW$116*'Data by week'!$H$116+'Data by week'!$AW$127*'Data by week'!$H$127+'Data by week'!$AW$133*'Data by week'!$H$133,2) | F9: =ROUND('Data by week'!$AX$116*'Data by week'!$H$116+'Data by week'!$AX$127*'Data by week'!$H$127+'Data by week'!$AX$133*'Data by week'!$H$133,2) | G9: =ROUND('Data by week'!$AY$116*'Data by week'!$H$116+'Data by week'!$AY$127*'Data by week'!$H$127+'Data by week'!$AY$133*'Data by week'!$H$133,2) | H9: =ROUNDUP(E9*'Read me'!$C$5+F9*'Read me'!$C$6+G9*'Read me'!$C$7,0) | I9: g | J9: Week 4 | K9: Year 7: W5, W7; Year 8: W4, W8; Year 9: W6, W8 | L9: Both plans, Plan A (freezer), Plan B (no freezer) | M9: Never taste any powder or solution. Salty splashes sting eyes, so wear goggles. Never taste it. Wash hands afterwards The dough is very salty and is not food: never eat it.
A10: Sugar, white | B10: 白糖 | C10: White sugar. | D10: Used up | E10: =ROUND('Data by week'!$AW$117*'Data by week'!$H$117,2) | F10: =ROUND('Data by week'!$AX$117*'Data by week'!$H$117,2) | G10: =ROUND('Data by week'!$AY$117*'Data by week'!$H$117,2) | H10: =ROUNDUP(E10*'Read me'!$C$5+F10*'Read me'!$C$6+G10*'Read me'!$C$7,0) | I10: teaspoons | J10: Week 4 | K10: Year 8: W4 | L10: Both plans | M10: Never taste.
A11: Teaspoons, metal | B11: 茶匙（不锈钢） | C11: Metal kitchen teaspoons; amounts on the kit cards are level teaspoons; Y9 claim 10 needs metal. | D11: Reusable | E11: =ROUND(MAX(N('Data by week'!$I$118)*'Data by week'!$H$118,N('Data by week'!$J$118)*'Data by week'!$H$118,N('Data by week'!$K$118)*'Data by week'!$H$118,N('Data by week'!$L$118)*'Data by week'!$H$118,N('Data by week'!$M$118)*'Data by week'!$H$118,N('Data by week'!$N$118)*'Data by week'!$H$118,N('Data by week'!$O$118)*'Data by week'!$H$118,N('Data by week'!$P$118)*'Data by week'!$H$118,N('Data by week'!$Q$118)*'Data by week'!$H$118,N('Data by week'!$R$118)*'Data by week'!$H$118),2) | F11: =ROUND(MAX(N('Data by week'!$S$118)*'Data by week'!$H$118,N('Data by week'!$T$118)*'Data by week'!$H$118,N('Data by week'!$U$118)*'Data by week'!$H$118,N('Data by week'!$V$118)*'Data by week'!$H$118,N('Data by week'!$W$118)*'Data by week'!$H$118,N('Data by week'!$X$118)*'Data by week'!$H$118,N('Data by week'!$Y$118)*'Data by week'!$H$118,N('Data by week'!$Z$118)*'Data by week'!$H$118,N('Data by week'!$AA$118)*'Data by week'!$H$118,N('Data by week'!$AB$118)*'Data by week'!$H$118),2) | G11: =ROUND(MAX(N('Data by week'!$AC$118)*'Data by week'!$H$118,N('Data by week'!$AD$118)*'Data by week'!$H$118,N('Data by week'!$AE$118)*'Data by week'!$H$118,N('Data by week'!$AF$118)*'Data by week'!$H$118,N('Data by week'!$AG$118)*'Data by week'!$H$118,N('Data by week'!$AH$118)*'Data by week'!$H$118,N('Data by week'!$AI$118)*'Data by week'!$H$118,N('Data by week'!$AJ$118)*'Data by week'!$H$118,N('Data by week'!$AK$118)*'Data by week'!$H$118,N('Data by week'!$AL$118)*'Data by week'!$H$118),2) | H11: =MAX(E11:G11) | I11: teaspoons | J11: Week 4 | K11: Year 7: W7; Year 8: W4, W8; Year 9: W6, W8 | L11: Both plans
A12: White vinegar | B12: 白醋 | C12: White (clear) vinegar. | D12: Used up | E12: =ROUND('Data by week'!$AW$119*'Data by week'!$H$119,2) | F12: =ROUND('Data by week'!$AX$119*'Data by week'!$H$119,2) | G12: =ROUND('Data by week'!$AY$119*'Data by week'!$H$119,2) | H12: =ROUNDUP(E12*'Read me'!$C$5+F12*'Read me'!$C$6+G12*'Read me'!$C$7,0) | I12: ml | J12: Week 4 | K12: Year 8: W4, W5, W8 | L12: Both plans | M12: Goggles when using vinegar; if it gets in the eyes, rinse with plenty of water and tell the teacher. Never taste.
A13: Electric kettle | B13: 电水壶 | C13: Teacher use only. | D13: Reusable | E13: =ROUND(MAX(N('Data by week'!$I$120)*'Data by week'!$H$120+N('Data by week'!$I$129)*'Data by week'!$H$129,N('Data by week'!$J$120)*'Data by week'!$H$120+N('Data by week'!$J$129)*'Data by week'!$H$129,N('Data by week'!$K$120)*'Data by week'!$H$120+N('Data by week'!$K$129)*'Data by week'!$H$129,N('Data by week'!$L$120)*'Data by week'!$H$120+N('Data by week'!$L$129)*'Data by week'!$H$129,N('Data by week'!$M$120)*'Data by week'!$H$120+N('Data by week'!$M$129)*'Data by week'!$H$129,N('Data by week'!$N$120)*'Data by week'!$H$120+N('Data by week'!$N$129)*'Data by week'!$H$129,N('Data by week'!$O$120)*'Data by week'!$H$120+N('Data by week'!$O$129)*'Data by week'!$H$129,N('Data by week'!$P$120)*'Data by week'!$H$120+N('Data by week'!$P$129)*'Data by week'!$H$129,N('Data by week'!$Q$120)*'Data by week'!$H$120+N('Data by week'!$Q$129)*'Data by week'!$H$129,N('Data by week'!$R$120)*'Data by week'!$H$120+N('Data by week'!$R$129)*'Data by week'!$H$129),2) | F13: =ROUND(MAX(N('Data by week'!$S$120)*'Data by week'!$H$120+N('Data by week'!$S$129)*'Data by week'!$H$129,N('Data by week'!$T$120)*'Data by week'!$H$120+N('Data by week'!$T$129)*'Data by week'!$H$129,N('Data by week'!$U$120)*'Data by week'!$H$120+N('Data by week'!$U$129)*'Data by week'!$H$129,N('Data by week'!$V$120)*'Data by week'!$H$120+N('Data by week'!$V$129)*'Data by week'!$H$129,N('Data by week'!$W$120)*'Data by week'!$H$120+N('Data by week'!$W$129)*'Data by week'!$H$129,N('Data by week'!$X$120)*'Data by week'!$H$120+N('Data by week'!$X$129)*'Data by week'!$H$129,N('Data by week'!$Y$120)*'Data by week'!$H$120+N('Data by week'!$Y$129)*'Data by week'!$H$129,N('Data by week'!$Z$120)*'Data by week'!$H$120+N('Data by week'!$Z$129)*'Data by week'!$H$129,N('Data by week'!$AA$120)*'Data by week'!$H$120+N('Data by week'!$AA$129)*'Data by week'!$H$129,N('Data by week'!$AB$120)*'Data by week'!$H$120+N('Data by week'!$AB$129)*'Data by week'!$H$129),2) | G13: =ROUND(MAX(N('Data by week'!$AC$120)*'Data by week'!$H$120+N('Data by week'!$AC$129)*'Data by week'!$H$129,N('Data by week'!$AD$120)*'Data by week'!$H$120+N('Data by week'!$AD$129)*'Data by week'!$H$129,N('Data by week'!$AE$120)*'Data by week'!$H$120+N('Data by week'!$AE$129)*'Data by week'!$H$129,N('Data by week'!$AF$120)*'Data by week'!$H$120+N('Data by week'!$AF$129)*'Data by week'!$H$129,N('Data by week'!$AG$120)*'Data by week'!$H$120+N('Data by week'!$AG$129)*'Data by week'!$H$129,N('Data by week'!$AH$120)*'Data by week'!$H$120+N('Data by week'!$AH$129)*'Data by week'!$H$129,N('Data by week'!$AI$120)*'Data by week'!$H$120+N('Data by week'!$AI$129)*'Data by week'!$H$129,N('Data by week'!$AJ$120)*'Data by week'!$H$120+N('Data by week'!$AJ$129)*'Data by week'!$H$129,N('Data by week'!$AK$120)*'Data by week'!$H$120+N('Data by week'!$AK$129)*'Data by week'!$H$129,N('Data by week'!$AL$120)*'Data by week'!$H$120+N('Data by week'!$AL$129)*'Data by week'!$H$129),2) | H13: =MAX(E13:G13) | I13: kettles | J13: Week 5 | K13: Year 7: W6; Year 8: W5; Year 9: W6, W8 | L13: Both plans, Plan B (no freezer) | M13: Hot water is teacher-only; students never handle the kettle or hot water. Teacher only; students never handle the kettle or boiling water. Teacher use only. Students never handle boiling water or the kettle
A14: Freezer space | B14: 冰柜空间 | C14: One level freezer drawer or fridge-freezer compartment, labelled 'Ice Engineers Y7: do not move' (Y7 Plan A, Weeks 5 to 8); a staff freezer compartment overnight for the Y8 notebook prop. | D14: Reusable | E14: =ROUND(MAX(N('Data by week'!$I$121)*'Data by week'!$H$121+N('Data by week'!$I$140)*'Data by week'!$H$140,N('Data by week'!$J$121)*'Data by week'!$H$121+N('Data by week'!$J$140)*'Data by week'!$H$140,N('Data by week'!$K$121)*'Data by week'!$H$121+N('Data by week'!$K$140)*'Data by week'!$H$140,N('Data by week'!$L$121)*'Data by week'!$H$121+N('Data by week'!$L$140)*'Data by week'!$H$140,N('Data by week'!$M$121)*'Data by week'!$H$121+N('Data by week'!$M$140)*'Data by week'!$H$140,N('Data by week'!$N$121)*'Data by week'!$H$121+N('Data by week'!$N$140)*'Data by week'!$H$140,N('Data by week'!$O$121)*'Data by week'!$H$121+N('Data by week'!$O$140)*'Data by week'!$H$140,N('Data by week'!$P$121)*'Data by week'!$H$121+N('Data by week'!$P$140)*'Data by week'!$H$140,N('Data by week'!$Q$121)*'Data by week'!$H$121+N('Data by week'!$Q$140)*'Data by week'!$H$140,N('Data by week'!$R$121)*'Data by week'!$H$121+N('Data by week'!$R$140)*'Data by week'!$H$140),2) | F14: =ROUND(MAX(N('Data by week'!$S$121)*'Data by week'!$H$121+N('Data by week'!$S$140)*'Data by week'!$H$140,N('Data by week'!$T$121)*'Data by week'!$H$121+N('Data by week'!$T$140)*'Data by week'!$H$140,N('Data by week'!$U$121)*'Data by week'!$H$121+N('Data by week'!$U$140)*'Data by week'!$H$140,N('Data by week'!$V$121)*'Data by week'!$H$121+N('Data by week'!$V$140)*'Data by week'!$H$140,N('Data by week'!$W$121)*'Data by week'!$H$121+N('Data by week'!$W$140)*'Data by week'!$H$140,N('Data by week'!$X$121)*'Data by week'!$H$121+N('Data by week'!$X$140)*'Data by week'!$H$140,N('Data by week'!$Y$121)*'Data by week'!$H$121+N('Data by week'!$Y$140)*'Data by week'!$H$140,N('Data by week'!$Z$121)*'Data by week'!$H$121+N('Data by week'!$Z$140)*'Data by week'!$H$140,N('Data by week'!$AA$121)*'Data by week'!$H$121+N('Data by week'!$AA$140)*'Data by week'!$H$140,N('Data by week'!$AB$121)*'Data by week'!$H$121+N('Data by week'!$AB$140)*'Data by week'!$H$140),2) | G14: =ROUND(MAX(N('Data by week'!$AC$121)*'Data by week'!$H$121+N('Data by week'!$AC$140)*'Data by week'!$H$140,N('Data by week'!$AD$121)*'Data by week'!$H$121+N('Data by week'!$AD$140)*'Data by week'!$H$140,N('Data by week'!$AE$121)*'Data by week'!$H$121+N('Data by week'!$AE$140)*'Data by week'!$H$140,N('Data by week'!$AF$121)*'Data by week'!$H$121+N('Data by week'!$AF$140)*'Data by week'!$H$140,N('Data by week'!$AG$121)*'Data by week'!$H$121+N('Data by week'!$AG$140)*'Data by week'!$H$140,N('Data by week'!$AH$121)*'Data by week'!$H$121+N('Data by week'!$AH$140)*'Data by week'!$H$140,N('Data by week'!$AI$121)*'Data by week'!$H$121+N('Data by week'!$AI$140)*'Data by week'!$H$140,N('Data by week'!$AJ$121)*'Data by week'!$H$121+N('Data by week'!$AJ$140)*'Data by week'!$H$140,N('Data by week'!$AK$121)*'Data by week'!$H$121+N('Data by week'!$AK$140)*'Data by week'!$H$140,N('Data by week'!$AL$121)*'Data by week'!$H$121+N('Data by week'!$AL$140)*'Data by week'!$H$140),2) | H14: =MAX(E14:G14) | I14: drawer | J14: Week 5 | K14: Year 7: W5, W6, W7, W8; Year 8: W10 | L14: Both plans, Plan A (freezer) | M14: Only the teacher puts samples into and takes them out of the freezer; keep trays flat and level.
A15: Fridge space | B15: 冰箱冷藏空间 | C15: One shelf to keep the red cabbage indicator (up to 3 days). | D15: Reusable | E15: =ROUND(MAX(N('Data by week'!$I$122)*'Data by week'!$H$122,N('Data by week'!$J$122)*'Data by week'!$H$122,N('Data by week'!$K$122)*'Data by week'!$H$122,N('Data by week'!$L$122)*'Data by week'!$H$122,N('Data by week'!$M$122)*'Data by week'!$H$122,N('Data by week'!$N$122)*'Data by week'!$H$122,N('Data by week'!$O$122)*'Data by week'!$H$122,N('Data by week'!$P$122)*'Data by week'!$H$122,N('Data by week'!$Q$122)*'Data by week'!$H$122,N('Data by week'!$R$122)*'Data by week'!$H$122),2) | F15: =ROUND(MAX(N('Data by week'!$S$122)*'Data by week'!$H$122,N('Data by week'!$T$122)*'Data by week'!$H$122,N('Data by week'!$U$122)*'Data by week'!$H$122,N('Data by week'!$V$122)*'Data by week'!$H$122,N('Data by week'!$W$122)*'Data by week'!$H$122,N('Data by week'!$X$122)*'Data by week'!$H$122,N('Data by week'!$Y$122)*'Data by week'!$H$122,N('Data by week'!$Z$122)*'Data by week'!$H$122,N('Data by week'!$AA$122)*'Data by week'!$H$122,N('Data by week'!$AB$122)*'Data by week'!$H$122),2) | G15: =ROUND(MAX(N('Data by week'!$AC$122)*'Data by week'!$H$122,N('Data by week'!$AD$122)*'Data by week'!$H$122,N('Data by week'!$AE$122)*'Data by week'!$H$122,N('Data by week'!$AF$122)*'Data by week'!$H$122,N('Data by week'!$AG$122)*'Data by week'!$H$122,N('Data by week'!$AH$122)*'Data by week'!$H$122,N('Data by week'!$AI$122)*'Data by week'!$H$122,N('Data by week'!$AJ$122)*'Data by week'!$H$122,N('Data by week'!$AK$122)*'Data by week'!$H$122,N('Data by week'!$AL$122)*'Data by week'!$H$122),2) | H15: =MAX(E15:G15) | I15: shelf space | J15: Week 5 | K15: Year 8: W5 | L15: Both plans | M15: Label the bottle 'Red cabbage indicator: do not drink'.
A16: Heatproof jug, at least 500 ml | B16: 耐热水壶（500毫升以上，可装开水） | C16: Heatproof, at least 500 ml, for chopped cabbage in hot kettle water; teacher only. | D16: Reusable | E16: =ROUND(MAX(N('Data by week'!$I$123)*'Data by week'!$H$123,N('Data by week'!$J$123)*'Data by week'!$H$123,N('Data by week'!$K$123)*'Data by week'!$H$123,N('Data by week'!$L$123)*'Data by week'!$H$123,N('Data by week'!$M$123)*'Data by week'!$H$123,N('Data by week'!$N$123)*'Data by week'!$H$123,N('Data by week'!$O$123)*'Data by week'!$H$123,N('Data by week'!$P$123)*'Data by week'!$H$123,N('Data by week'!$Q$123)*'Data by week'!$H$123,N('Data by week'!$R$123)*'Data by week'!$H$123),2) | F16: =ROUND(MAX(N('Data by week'!$S$123)*'Data by week'!$H$123,N('Data by week'!$T$123)*'Data by week'!$H$123,N('Data by week'!$U$123)*'Data by week'!$H$123,N('Data by week'!$V$123)*'Data by week'!$H$123,N('Data by week'!$W$123)*'Data by week'!$H$123,N('Data by week'!$X$123)*'Data by week'!$H$123,N('Data by week'!$Y$123)*'Data by week'!$H$123,N('Data by week'!$Z$123)*'Data by week'!$H$123,N('Data by week'!$AA$123)*'Data by week'!$H$123,N('Data by week'!$AB$123)*'Data by week'!$H$123),2) | G16: =ROUND(MAX(N('Data by week'!$AC$123)*'Data by week'!$H$123,N('Data by week'!$AD$123)*'Data by week'!$H$123,N('Data by week'!$AE$123)*'Data by week'!$H$123,N('Data by week'!$AF$123)*'Data by week'!$H$123,N('Data by week'!$AG$123)*'Data by week'!$H$123,N('Data by week'!$AH$123)*'Data by week'!$H$123,N('Data by week'!$AI$123)*'Data by week'!$H$123,N('Data by week'!$AJ$123)*'Data by week'!$H$123,N('Data by week'!$AK$123)*'Data by week'!$H$123,N('Data by week'!$AL$123)*'Data by week'!$H$123),2) | H16: =MAX(E16:G16) | I16: jugs | J16: Week 5 | K16: Year 8: W5 | L16: Both plans | M16: Teacher only.
A17: Lemon juice | B17: 柠檬汁 | C17: Lemon juice, about 10 ml per group. | D17: Used up | E17: =ROUND('Data by week'!$AW$124*'Data by week'!$H$124,2) | F17: =ROUND('Data by week'!$AX$124*'Data by week'!$H$124,2) | G17: =ROUND('Data by week'!$AY$124*'Data by week'!$H$124,2) | H17: =ROUNDUP(E17*'Read me'!$C$5+F17*'Read me'!$C$6+G17*'Read me'!$C$7,0) | I17: ml | J17: Week 5 | K17: Year 8: W5 | L17: Both plans | M17: Stings eyes: goggles. Never taste.
A18: Red cabbage | B18: 紫甘蓝 | C18: Fresh red cabbage; a quarter head makes one class's indicator. | D18: Used up | E18: =ROUND('Data by week'!$AW$126*'Data by week'!$H$126,2) | F18: =ROUND('Data by week'!$AX$126*'Data by week'!$H$126,2) | G18: =ROUND('Data by week'!$AY$126*'Data by week'!$H$126,2) | H18: =ROUNDUP(E18*'Read me'!$C$5+F18*'Read me'!$C$6+G18*'Read me'!$C$7,0) | I18: head | J18: Week 5 | K18: Year 8: W5 | L18: Both plans
A19: Sieve, kitchen | B19: 滤网（筛子） | C19: Kitchen sieve to strain the indicator. | D19: Reusable | E19: =ROUND(MAX(N('Data by week'!$I$128)*'Data by week'!$H$128,N('Data by week'!$J$128)*'Data by week'!$H$128,N('Data by week'!$K$128)*'Data by week'!$H$128,N('Data by week'!$L$128)*'Data by week'!$H$128,N('Data by week'!$M$128)*'Data by week'!$H$128,N('Data by week'!$N$128)*'Data by week'!$H$128,N('Data by week'!$O$128)*'Data by week'!$H$128,N('Data by week'!$P$128)*'Data by week'!$H$128,N('Data by week'!$Q$128)*'Data by week'!$H$128,N('Data by week'!$R$128)*'Data by week'!$H$128),2) | F19: =ROUND(MAX(N('Data by week'!$S$128)*'Data by week'!$H$128,N('Data by week'!$T$128)*'Data by week'!$H$128,N('Data by week'!$U$128)*'Data by week'!$H$128,N('Data by week'!$V$128)*'Data by week'!$H$128,N('Data by week'!$W$128)*'Data by week'!$H$128,N('Data by week'!$X$128)*'Data by week'!$H$128,N('Data by week'!$Y$128)*'Data by week'!$H$128,N('Data by week'!$Z$128)*'Data by week'!$H$128,N('Data by week'!$AA$128)*'Data by week'!$H$128,N('Data by week'!$AB$128)*'Data by week'!$H$128),2) | G19: =ROUND(MAX(N('Data by week'!$AC$128)*'Data by week'!$H$128,N('Data by week'!$AD$128)*'Data by week'!$H$128,N('Data by week'!$AE$128)*'Data by week'!$H$128,N('Data by week'!$AF$128)*'Data by week'!$H$128,N('Data by week'!$AG$128)*'Data by week'!$H$128,N('Data by week'!$AH$128)*'Data by week'!$H$128,N('Data by week'!$AI$128)*'Data by week'!$H$128,N('Data by week'!$AJ$128)*'Data by week'!$H$128,N('Data by week'!$AK$128)*'Data by week'!$H$128,N('Data by week'!$AL$128)*'Data by week'!$H$128),2) | H19: =MAX(E19:G19) | I19: sieve | J19: Week 5 | K19: Year 8: W5 | L19: Both plans
A20: Ice cubes | B20: 冰块 | C20: Ice cubes, fresh on the day; Y7 cubes from the same tray type filled to the same level; Y9 some crushed. | D20: Used up | E20: =ROUND('Data by week'!$AW$130*'Data by week'!$H$130,2) | F20: =ROUND('Data by week'!$AX$130*'Data by week'!$H$130,2) | G20: =ROUND('Data by week'!$AY$130*'Data by week'!$H$130,2) | H20: =ROUNDUP(E20*'Read me'!$C$5+F20*'Read me'!$C$6+G20*'Read me'!$C$7,0) | I20: kg | J20: Week 6 | K20: Year 7: W6; Year 9: W6, W8 | L20: Plan A (freezer) | M20: Gloves if holding ice for more than a minute; bags stay sealed until the measuring slot; no tasting; mop spills. Never taste the ice. Wear gloves if you handle it for more than a minute
A21: Rolling pin | B21: 擀面杖 | C21: For crushing ice cubes inside a clean bag. | D21: Reusable | E21: =ROUND(MAX(N('Data by week'!$I$132)*'Data by week'!$H$132,N('Data by week'!$J$132)*'Data by week'!$H$132,N('Data by week'!$K$132)*'Data by week'!$H$132,N('Data by week'!$L$132)*'Data by week'!$H$132,N('Data by week'!$M$132)*'Data by week'!$H$132,N('Data by week'!$N$132)*'Data by week'!$H$132,N('Data by week'!$O$132)*'Data by week'!$H$132,N('Data by week'!$P$132)*'Data by week'!$H$132,N('Data by week'!$Q$132)*'Data by week'!$H$132,N('Data by week'!$R$132)*'Data by week'!$H$132),2) | F21: =ROUND(MAX(N('Data by week'!$S$132)*'Data by week'!$H$132,N('Data by week'!$T$132)*'Data by week'!$H$132,N('Data by week'!$U$132)*'Data by week'!$H$132,N('Data by week'!$V$132)*'Data by week'!$H$132,N('Data by week'!$W$132)*'Data by week'!$H$132,N('Data by week'!$X$132)*'Data by week'!$H$132,N('Data by week'!$Y$132)*'Data by week'!$H$132,N('Data by week'!$Z$132)*'Data by week'!$H$132,N('Data by week'!$AA$132)*'Data by week'!$H$132,N('Data by week'!$AB$132)*'Data by week'!$H$132),2) | G21: =ROUND(MAX(N('Data by week'!$AC$132)*'Data by week'!$H$132,N('Data by week'!$AD$132)*'Data by week'!$H$132,N('Data by week'!$AE$132)*'Data by week'!$H$132,N('Data by week'!$AF$132)*'Data by week'!$H$132,N('Data by week'!$AG$132)*'Data by week'!$H$132,N('Data by week'!$AH$132)*'Data by week'!$H$132,N('Data by week'!$AI$132)*'Data by week'!$H$132,N('Data by week'!$AJ$132)*'Data by week'!$H$132,N('Data by week'!$AK$132)*'Data by week'!$H$132,N('Data by week'!$AL$132)*'Data by week'!$H$132),2) | H21: =MAX(E21:G21) | I21: rolling pin | J21: Week 6 | K21: Year 9: W6, W8 | L21: Plan A (freezer)
A22: Vacuum flask | B22: 保温瓶 | C22: Keeps warm water at about 50 to 60 °C through the lesson. | D22: Reusable | E22: =ROUND(MAX(N('Data by week'!$I$134)*'Data by week'!$H$134,N('Data by week'!$J$134)*'Data by week'!$H$134,N('Data by week'!$K$134)*'Data by week'!$H$134,N('Data by week'!$L$134)*'Data by week'!$H$134,N('Data by week'!$M$134)*'Data by week'!$H$134,N('Data by week'!$N$134)*'Data by week'!$H$134,N('Data by week'!$O$134)*'Data by week'!$H$134,N('Data by week'!$P$134)*'Data by week'!$H$134,N('Data by week'!$Q$134)*'Data by week'!$H$134,N('Data by week'!$R$134)*'Data by week'!$H$134),2) | F22: =ROUND(MAX(N('Data by week'!$S$134)*'Data by week'!$H$134,N('Data by week'!$T$134)*'Data by week'!$H$134,N('Data by week'!$U$134)*'Data by week'!$H$134,N('Data by week'!$V$134)*'Data by week'!$H$134,N('Data by week'!$W$134)*'Data by week'!$H$134,N('Data by week'!$X$134)*'Data by week'!$H$134,N('Data by week'!$Y$134)*'Data by week'!$H$134,N('Data by week'!$Z$134)*'Data by week'!$H$134,N('Data by week'!$AA$134)*'Data by week'!$H$134,N('Data by week'!$AB$134)*'Data by week'!$H$134),2) | G22: =ROUND(MAX(N('Data by week'!$AC$134)*'Data by week'!$H$134,N('Data by week'!$AD$134)*'Data by week'!$H$134,N('Data by week'!$AE$134)*'Data by week'!$H$134,N('Data by week'!$AF$134)*'Data by week'!$H$134,N('Data by week'!$AG$134)*'Data by week'!$H$134,N('Data by week'!$AH$134)*'Data by week'!$H$134,N('Data by week'!$AI$134)*'Data by week'!$H$134,N('Data by week'!$AJ$134)*'Data by week'!$H$134,N('Data by week'!$AK$134)*'Data by week'!$H$134,N('Data by week'!$AL$134)*'Data by week'!$H$134),2) | H22: =MAX(E22:G22) | I22: flasks | J22: Week 6 | K22: Year 9: W6, W8 | L22: Both plans
A23: Canteen napkins | B23: 食堂餐巾纸 | C23: Napkins from the school canteen (Y8 paper reference P2). | D23: Used up | E23: =ROUND('Data by week'!$AW$135*'Data by week'!$H$135,2) | F23: =ROUND('Data by week'!$AX$135*'Data by week'!$H$135,2) | G23: =ROUND('Data by week'!$AY$135*'Data by week'!$H$135,2) | H23: =ROUNDUP(E23*'Read me'!$C$5+F23*'Read me'!$C$6+G23*'Read me'!$C$7,0) | I23: napkins | J23: Week 8 | K23: Year 8: W8 | L23: Both plans
A24: Food colouring | B24: 食用色素 | C24: Any colour, small bottle. | D24: Used up | E24: =ROUND('Data by week'!$AW$136*'Data by week'!$H$136,2) | F24: =ROUND('Data by week'!$AX$136*'Data by week'!$H$136,2) | G24: =ROUND('Data by week'!$AY$136*'Data by week'!$H$136,2) | H24: =ROUNDUP(E24*'Read me'!$C$5+F24*'Read me'!$C$6+G24*'Read me'!$C$7,0) | I24: small bottle | J24: Week 8 | K24: Year 9: W8 | L24: Plan A (freezer) | M24: Nothing is tasted
A25: Food colouring | B25: 食用色素 | C25: Any colour, small bottle. | D25: Used up | E25: =ROUND('Data by week'!$AW$137*'Data by week'!$H$137,2) | F25: =ROUND('Data by week'!$AX$137*'Data by week'!$H$137,2) | G25: =ROUND('Data by week'!$AY$137*'Data by week'!$H$137,2) | H25: =ROUNDUP(E25*'Read me'!$C$5+F25*'Read me'!$C$6+G25*'Read me'!$C$7,0) | I25: drops | J25: Week 8 | K25: Year 8: W8 | L25: Both plans | M25: Nothing is tasted Stains skin and clothes: one drop only. Do not drink the water.
A26: Tablespoons, kitchen | B26: 汤匙 | C26: Kitchen tablespoons, levelled. | D26: Reusable | E26: =ROUND(MAX(N('Data by week'!$I$139)*'Data by week'!$H$139,N('Data by week'!$J$139)*'Data by week'!$H$139,N('Data by week'!$K$139)*'Data by week'!$H$139,N('Data by week'!$L$139)*'Data by week'!$H$139,N('Data by week'!$M$139)*'Data by week'!$H$139,N('Data by week'!$N$139)*'Data by week'!$H$139,N('Data by week'!$O$139)*'Data by week'!$H$139,N('Data by week'!$P$139)*'Data by week'!$H$139,N('Data by week'!$Q$139)*'Data by week'!$H$139,N('Data by week'!$R$139)*'Data by week'!$H$139),2) | F26: =ROUND(MAX(N('Data by week'!$S$139)*'Data by week'!$H$139,N('Data by week'!$T$139)*'Data by week'!$H$139,N('Data by week'!$U$139)*'Data by week'!$H$139,N('Data by week'!$V$139)*'Data by week'!$H$139,N('Data by week'!$W$139)*'Data by week'!$H$139,N('Data by week'!$X$139)*'Data by week'!$H$139,N('Data by week'!$Y$139)*'Data by week'!$H$139,N('Data by week'!$Z$139)*'Data by week'!$H$139,N('Data by week'!$AA$139)*'Data by week'!$H$139,N('Data by week'!$AB$139)*'Data by week'!$H$139),2) | G26: =ROUND(MAX(N('Data by week'!$AC$139)*'Data by week'!$H$139,N('Data by week'!$AD$139)*'Data by week'!$H$139,N('Data by week'!$AE$139)*'Data by week'!$H$139,N('Data by week'!$AF$139)*'Data by week'!$H$139,N('Data by week'!$AG$139)*'Data by week'!$H$139,N('Data by week'!$AH$139)*'Data by week'!$H$139,N('Data by week'!$AI$139)*'Data by week'!$H$139,N('Data by week'!$AJ$139)*'Data by week'!$H$139,N('Data by week'!$AK$139)*'Data by week'!$H$139,N('Data by week'!$AL$139)*'Data by week'!$H$139),2) | H26: =MAX(E26:G26) | I26: tablespoons | J26: Week 8 | K26: Year 8: W8 | L26: Both plans

Sheet Collect or borrow
A1: Item | B1: 中文名称（草稿） | C1: Specification | D1: Type | E1: Year 7 per class | F1: Year 8 per class | G1: Year 9 per class | H1: Total | I1: Unit | J1: First needed | K1: Weeks used | L1: Plan | M1: Safety and notes
A2: Bottle cap | B2: 瓶盖 | C2: 1 bottle cap for a mystery cup. | D2: Reusable | E2: =ROUND(MAX(N('Data by week'!$I$141)*'Data by week'!$H$141,N('Data by week'!$J$141)*'Data by week'!$H$141,N('Data by week'!$K$141)*'Data by week'!$H$141,N('Data by week'!$L$141)*'Data by week'!$H$141,N('Data by week'!$M$141)*'Data by week'!$H$141,N('Data by week'!$N$141)*'Data by week'!$H$141,N('Data by week'!$O$141)*'Data by week'!$H$141,N('Data by week'!$P$141)*'Data by week'!$H$141,N('Data by week'!$Q$141)*'Data by week'!$H$141,N('Data by week'!$R$141)*'Data by week'!$H$141),2) | F2: =ROUND(MAX(N('Data by week'!$S$141)*'Data by week'!$H$141,N('Data by week'!$T$141)*'Data by week'!$H$141,N('Data by week'!$U$141)*'Data by week'!$H$141,N('Data by week'!$V$141)*'Data by week'!$H$141,N('Data by week'!$W$141)*'Data by week'!$H$141,N('Data by week'!$X$141)*'Data by week'!$H$141,N('Data by week'!$Y$141)*'Data by week'!$H$141,N('Data by week'!$Z$141)*'Data by week'!$H$141,N('Data by week'!$AA$141)*'Data by week'!$H$141,N('Data by week'!$AB$141)*'Data by week'!$H$141),2) | G2: =ROUND(MAX(N('Data by week'!$AC$141)*'Data by week'!$H$141,N('Data by week'!$AD$141)*'Data by week'!$H$141,N('Data by week'!$AE$141)*'Data by week'!$H$141,N('Data by week'!$AF$141)*'Data by week'!$H$141,N('Data by week'!$AG$141)*'Data by week'!$H$141,N('Data by week'!$AH$141)*'Data by week'!$H$141,N('Data by week'!$AI$141)*'Data by week'!$H$141,N('Data by week'!$AJ$141)*'Data by week'!$H$141,N('Data by week'!$AK$141)*'Data by week'!$H$141,N('Data by week'!$AL$141)*'Data by week'!$H$141),2) | H2: =MAX(E2:G2) | I2: caps | J2: Week 2 | K2: Year 7: W2 | L2: Both plans | M2: Small objects: cups stay taped shut; never put small objects in your mouth.
A3: Coin | B3: 硬币 | C3: 1 coin for a mystery cup. | D3: Reusable | E3: =ROUND(MAX(N('Data by week'!$I$142)*'Data by week'!$H$142,N('Data by week'!$J$142)*'Data by week'!$H$142,N('Data by week'!$K$142)*'Data by week'!$H$142,N('Data by week'!$L$142)*'Data by week'!$H$142,N('Data by week'!$M$142)*'Data by week'!$H$142,N('Data by week'!$N$142)*'Data by week'!$H$142,N('Data by week'!$O$142)*'Data by week'!$H$142,N('Data by week'!$P$142)*'Data by week'!$H$142,N('Data by week'!$Q$142)*'Data by week'!$H$142,N('Data by week'!$R$142)*'Data by week'!$H$142),2) | F3: =ROUND(MAX(N('Data by week'!$S$142)*'Data by week'!$H$142,N('Data by week'!$T$142)*'Data by week'!$H$142,N('Data by week'!$U$142)*'Data by week'!$H$142,N('Data by week'!$V$142)*'Data by week'!$H$142,N('Data by week'!$W$142)*'Data by week'!$H$142,N('Data by week'!$X$142)*'Data by week'!$H$142,N('Data by week'!$Y$142)*'Data by week'!$H$142,N('Data by week'!$Z$142)*'Data by week'!$H$142,N('Data by week'!$AA$142)*'Data by week'!$H$142,N('Data by week'!$AB$142)*'Data by week'!$H$142),2) | G3: =ROUND(MAX(N('Data by week'!$AC$142)*'Data by week'!$H$142,N('Data by week'!$AD$142)*'Data by week'!$H$142,N('Data by week'!$AE$142)*'Data by week'!$H$142,N('Data by week'!$AF$142)*'Data by week'!$H$142,N('Data by week'!$AG$142)*'Data by week'!$H$142,N('Data by week'!$AH$142)*'Data by week'!$H$142,N('Data by week'!$AI$142)*'Data by week'!$H$142,N('Data by week'!$AJ$142)*'Data by week'!$H$142,N('Data by week'!$AK$142)*'Data by week'!$H$142,N('Data by week'!$AL$142)*'Data by week'!$H$142),2) | H3: =MAX(E3:G3) | I3: coins | J3: Week 2 | K3: Year 7: W2 | L3: Both plans | M3: Small objects: cups stay taped shut; never put small objects in your mouth.
A4: Dice | B4: 骰子 | C4: 1 die for a mystery cup. | D4: Reusable | E4: =ROUND(MAX(N('Data by week'!$I$143)*'Data by week'!$H$143,N('Data by week'!$J$143)*'Data by week'!$H$143,N('Data by week'!$K$143)*'Data by week'!$H$143,N('Data by week'!$L$143)*'Data by week'!$H$143,N('Data by week'!$M$143)*'Data by week'!$H$143,N('Data by week'!$N$143)*'Data by week'!$H$143,N('Data by week'!$O$143)*'Data by week'!$H$143,N('Data by week'!$P$143)*'Data by week'!$H$143,N('Data by week'!$Q$143)*'Data by week'!$H$143,N('Data by week'!$R$143)*'Data by week'!$H$143),2) | F4: =ROUND(MAX(N('Data by week'!$S$143)*'Data by week'!$H$143,N('Data by week'!$T$143)*'Data by week'!$H$143,N('Data by week'!$U$143)*'Data by week'!$H$143,N('Data by week'!$V$143)*'Data by week'!$H$143,N('Data by week'!$W$143)*'Data by week'!$H$143,N('Data by week'!$X$143)*'Data by week'!$H$143,N('Data by week'!$Y$143)*'Data by week'!$H$143,N('Data by week'!$Z$143)*'Data by week'!$H$143,N('Data by week'!$AA$143)*'Data by week'!$H$143,N('Data by week'!$AB$143)*'Data by week'!$H$143),2) | G4: =ROUND(MAX(N('Data by week'!$AC$143)*'Data by week'!$H$143,N('Data by week'!$AD$143)*'Data by week'!$H$143,N('Data by week'!$AE$143)*'Data by week'!$H$143,N('Data by week'!$AF$143)*'Data by week'!$H$143,N('Data by week'!$AG$143)*'Data by week'!$H$143,N('Data by week'!$AH$143)*'Data by week'!$H$143,N('Data by week'!$AI$143)*'Data by week'!$H$143,N('Data by week'!$AJ$143)*'Data by week'!$H$143,N('Data by week'!$AK$143)*'Data by week'!$H$143,N('Data by week'!$AL$143)*'Data by week'!$H$143),2) | H4: =MAX(E4:G4) | I4: dice | J4: Week 2 | K4: Year 7: W2 | L4: Both plans | M4: Small objects: cups stay taped shut; never put small objects in your mouth.
A5: Eraser | B5: 橡皮 | C5: 1 eraser for a mystery cup. | D5: Reusable | E5: =ROUND(MAX(N('Data by week'!$I$144)*'Data by week'!$H$144,N('Data by week'!$J$144)*'Data by week'!$H$144,N('Data by week'!$K$144)*'Data by week'!$H$144,N('Data by week'!$L$144)*'Data by week'!$H$144,N('Data by week'!$M$144)*'Data by week'!$H$144,N('Data by week'!$N$144)*'Data by week'!$H$144,N('Data by week'!$O$144)*'Data by week'!$H$144,N('Data by week'!$P$144)*'Data by week'!$H$144,N('Data by week'!$Q$144)*'Data by week'!$H$144,N('Data by week'!$R$144)*'Data by week'!$H$144),2) | F5: =ROUND(MAX(N('Data by week'!$S$144)*'Data by week'!$H$144,N('Data by week'!$T$144)*'Data by week'!$H$144,N('Data by week'!$U$144)*'Data by week'!$H$144,N('Data by week'!$V$144)*'Data by week'!$H$144,N('Data by week'!$W$144)*'Data by week'!$H$144,N('Data by week'!$X$144)*'Data by week'!$H$144,N('Data by week'!$Y$144)*'Data by week'!$H$144,N('Data by week'!$Z$144)*'Data by week'!$H$144,N('Data by week'!$AA$144)*'Data by week'!$H$144,N('Data by week'!$AB$144)*'Data by week'!$H$144),2) | G5: =ROUND(MAX(N('Data by week'!$AC$144)*'Data by week'!$H$144,N('Data by week'!$AD$144)*'Data by week'!$H$144,N('Data by week'!$AE$144)*'Data by week'!$H$144,N('Data by week'!$AF$144)*'Data by week'!$H$144,N('Data by week'!$AG$144)*'Data by week'!$H$144,N('Data by week'!$AH$144)*'Data by week'!$H$144,N('Data by week'!$AI$144)*'Data by week'!$H$144,N('Data by week'!$AJ$144)*'Data by week'!$H$144,N('Data by week'!$AK$144)*'Data by week'!$H$144,N('Data by week'!$AL$144)*'Data by week'!$H$144),2) | H5: =MAX(E5:G5) | I5: erasers | J5: Week 2 | K5: Year 7: W2 | L5: Both plans | M5: Small objects: cups stay taped shut.
A6: Hardback books, flat cover, about A4 | B6: 精装书（硬封面，约A4） | C6: Any hardback with a flat cover; the Y7 demo book needs a cover larger than an A4 sheet. | D6: Reusable | E6: =ROUND(MAX(N('Data by week'!$I$145)*'Data by week'!$H$145,N('Data by week'!$J$145)*'Data by week'!$H$145,N('Data by week'!$K$145)*'Data by week'!$H$145,N('Data by week'!$L$145)*'Data by week'!$H$145,N('Data by week'!$M$145)*'Data by week'!$H$145,N('Data by week'!$N$145)*'Data by week'!$H$145,N('Data by week'!$O$145)*'Data by week'!$H$145,N('Data by week'!$P$145)*'Data by week'!$H$145,N('Data by week'!$Q$145)*'Data by week'!$H$145,N('Data by week'!$R$145)*'Data by week'!$H$145),2) | F6: =ROUND(MAX(N('Data by week'!$S$145)*'Data by week'!$H$145,N('Data by week'!$T$145)*'Data by week'!$H$145,N('Data by week'!$U$145)*'Data by week'!$H$145,N('Data by week'!$V$145)*'Data by week'!$H$145,N('Data by week'!$W$145)*'Data by week'!$H$145,N('Data by week'!$X$145)*'Data by week'!$H$145,N('Data by week'!$Y$145)*'Data by week'!$H$145,N('Data by week'!$Z$145)*'Data by week'!$H$145,N('Data by week'!$AA$145)*'Data by week'!$H$145,N('Data by week'!$AB$145)*'Data by week'!$H$145),2) | G6: =ROUND(MAX(N('Data by week'!$AC$145)*'Data by week'!$H$145,N('Data by week'!$AD$145)*'Data by week'!$H$145,N('Data by week'!$AE$145)*'Data by week'!$H$145,N('Data by week'!$AF$145)*'Data by week'!$H$145,N('Data by week'!$AG$145)*'Data by week'!$H$145,N('Data by week'!$AH$145)*'Data by week'!$H$145,N('Data by week'!$AI$145)*'Data by week'!$H$145,N('Data by week'!$AJ$145)*'Data by week'!$H$145,N('Data by week'!$AK$145)*'Data by week'!$H$145,N('Data by week'!$AL$145)*'Data by week'!$H$145),2) | H6: =MAX(E6:G6) | I6: books | J6: Week 2 | K6: Year 7: W2; Year 8: W6; Year 9: W4, W8 | L6: Both plans | M6: Only the teacher drops the book, from about 1 m, onto a table or the floor; keep feet and hands clear.
A7: Marbles | B7: 玻璃弹珠 | C7: 3 marbles for the mystery cups. | D7: Reusable | E7: =ROUND(MAX(N('Data by week'!$I$146)*'Data by week'!$H$146,N('Data by week'!$J$146)*'Data by week'!$H$146,N('Data by week'!$K$146)*'Data by week'!$H$146,N('Data by week'!$L$146)*'Data by week'!$H$146,N('Data by week'!$M$146)*'Data by week'!$H$146,N('Data by week'!$N$146)*'Data by week'!$H$146,N('Data by week'!$O$146)*'Data by week'!$H$146,N('Data by week'!$P$146)*'Data by week'!$H$146,N('Data by week'!$Q$146)*'Data by week'!$H$146,N('Data by week'!$R$146)*'Data by week'!$H$146),2) | F7: =ROUND(MAX(N('Data by week'!$S$146)*'Data by week'!$H$146,N('Data by week'!$T$146)*'Data by week'!$H$146,N('Data by week'!$U$146)*'Data by week'!$H$146,N('Data by week'!$V$146)*'Data by week'!$H$146,N('Data by week'!$W$146)*'Data by week'!$H$146,N('Data by week'!$X$146)*'Data by week'!$H$146,N('Data by week'!$Y$146)*'Data by week'!$H$146,N('Data by week'!$Z$146)*'Data by week'!$H$146,N('Data by week'!$AA$146)*'Data by week'!$H$146,N('Data by week'!$AB$146)*'Data by week'!$H$146),2) | G7: =ROUND(MAX(N('Data by week'!$AC$146)*'Data by week'!$H$146,N('Data by week'!$AD$146)*'Data by week'!$H$146,N('Data by week'!$AE$146)*'Data by week'!$H$146,N('Data by week'!$AF$146)*'Data by week'!$H$146,N('Data by week'!$AG$146)*'Data by week'!$H$146,N('Data by week'!$AH$146)*'Data by week'!$H$146,N('Data by week'!$AI$146)*'Data by week'!$H$146,N('Data by week'!$AJ$146)*'Data by week'!$H$146,N('Data by week'!$AK$146)*'Data by week'!$H$146,N('Data by week'!$AL$146)*'Data by week'!$H$146),2) | H7: =MAX(E7:G7) | I7: marbles | J7: Week 2 | K7: Year 7: W2 | L7: Both plans | M7: Small objects: cups stay taped shut; never put small objects in your mouth.
A8: Scrap paper, A4 (used or spare) | B8: 废纸（A4，旧纸即可） | C8: Any used or spare A4 paper, for shading graphite patches (Y8 fingerprints). | D8: Used up | E8: =ROUND('Data by week'!$AW$147*'Data by week'!$H$147,2) | F8: =ROUND('Data by week'!$AX$147*'Data by week'!$H$147,2) | G8: =ROUND('Data by week'!$AY$147*'Data by week'!$H$147,2) | H8: =ROUNDUP(E8*'Read me'!$C$5+F8*'Read me'!$C$6+G8*'Read me'!$C$7,0) | I8: sheets | J8: Week 2 | K8: Year 8: W2 | L8: Both plans
A9: Small bell (mystery cup object) | B9: 小铃铛 | C9: Small enough to seal inside a paper cup. | D9: Reusable | E9: =ROUND(MAX(N('Data by week'!$I$148)*'Data by week'!$H$148,N('Data by week'!$J$148)*'Data by week'!$H$148,N('Data by week'!$K$148)*'Data by week'!$H$148,N('Data by week'!$L$148)*'Data by week'!$H$148,N('Data by week'!$M$148)*'Data by week'!$H$148,N('Data by week'!$N$148)*'Data by week'!$H$148,N('Data by week'!$O$148)*'Data by week'!$H$148,N('Data by week'!$P$148)*'Data by week'!$H$148,N('Data by week'!$Q$148)*'Data by week'!$H$148,N('Data by week'!$R$148)*'Data by week'!$H$148),2) | F9: =ROUND(MAX(N('Data by week'!$S$148)*'Data by week'!$H$148,N('Data by week'!$T$148)*'Data by week'!$H$148,N('Data by week'!$U$148)*'Data by week'!$H$148,N('Data by week'!$V$148)*'Data by week'!$H$148,N('Data by week'!$W$148)*'Data by week'!$H$148,N('Data by week'!$X$148)*'Data by week'!$H$148,N('Data by week'!$Y$148)*'Data by week'!$H$148,N('Data by week'!$Z$148)*'Data by week'!$H$148,N('Data by week'!$AA$148)*'Data by week'!$H$148,N('Data by week'!$AB$148)*'Data by week'!$H$148),2) | G9: =ROUND(MAX(N('Data by week'!$AC$148)*'Data by week'!$H$148,N('Data by week'!$AD$148)*'Data by week'!$H$148,N('Data by week'!$AE$148)*'Data by week'!$H$148,N('Data by week'!$AF$148)*'Data by week'!$H$148,N('Data by week'!$AG$148)*'Data by week'!$H$148,N('Data by week'!$AH$148)*'Data by week'!$H$148,N('Data by week'!$AI$148)*'Data by week'!$H$148,N('Data by week'!$AJ$148)*'Data by week'!$H$148,N('Data by week'!$AK$148)*'Data by week'!$H$148,N('Data by week'!$AL$148)*'Data by week'!$H$148),2) | H9: =MAX(E9:G9) | I9: bells | J9: Week 2 | K9: Year 7: W2 | L9: Both plans | M9: Small objects: cups stay taped shut; never put small objects in your mouth.
A10: Small wooden block (mystery cup object) | B10: 小木块 | C10: Small enough to seal inside a paper cup. | D10: Reusable | E10: =ROUND(MAX(N('Data by week'!$I$149)*'Data by week'!$H$149,N('Data by week'!$J$149)*'Data by week'!$H$149,N('Data by week'!$K$149)*'Data by week'!$H$149,N('Data by week'!$L$149)*'Data by week'!$H$149,N('Data by week'!$M$149)*'Data by week'!$H$149,N('Data by week'!$N$149)*'Data by week'!$H$149,N('Data by week'!$O$149)*'Data by week'!$H$149,N('Data by week'!$P$149)*'Data by week'!$H$149,N('Data by week'!$Q$149)*'Data by week'!$H$149,N('Data by week'!$R$149)*'Data by week'!$H$149),2) | F10: =ROUND(MAX(N('Data by week'!$S$149)*'Data by week'!$H$149,N('Data by week'!$T$149)*'Data by week'!$H$149,N('Data by week'!$U$149)*'Data by week'!$H$149,N('Data by week'!$V$149)*'Data by week'!$H$149,N('Data by week'!$W$149)*'Data by week'!$H$149,N('Data by week'!$X$149)*'Data by week'!$H$149,N('Data by week'!$Y$149)*'Data by week'!$H$149,N('Data by week'!$Z$149)*'Data by week'!$H$149,N('Data by week'!$AA$149)*'Data by week'!$H$149,N('Data by week'!$AB$149)*'Data by week'!$H$149),2) | G10: =ROUND(MAX(N('Data by week'!$AC$149)*'Data by week'!$H$149,N('Data by week'!$AD$149)*'Data by week'!$H$149,N('Data by week'!$AE$149)*'Data by week'!$H$149,N('Data by week'!$AF$149)*'Data by week'!$H$149,N('Data by week'!$AG$149)*'Data by week'!$H$149,N('Data by week'!$AH$149)*'Data by week'!$H$149,N('Data by week'!$AI$149)*'Data by week'!$H$149,N('Data by week'!$AJ$149)*'Data by week'!$H$149,N('Data by week'!$AK$149)*'Data by week'!$H$149,N('Data by week'!$AL$149)*'Data by week'!$H$149),2) | H10: =MAX(E10:G10) | I10: blocks | J10: Week 2 | K10: Year 7: W2 | L10: Both plans | M10: Small objects: cups stay taped shut.
A11: Phone, tablet or camera (teacher's own) | B11: 手机、平板电脑或相机（教师自备） | C11: Teacher's own device, charged; photographs data and plays music. | D11: Reusable | E11: =ROUND(MAX(N('Data by week'!$I$150)*'Data by week'!$H$150,N('Data by week'!$J$150)*'Data by week'!$H$150,N('Data by week'!$K$150)*'Data by week'!$H$150,N('Data by week'!$L$150)*'Data by week'!$H$150,N('Data by week'!$M$150)*'Data by week'!$H$150,N('Data by week'!$N$150)*'Data by week'!$H$150,N('Data by week'!$O$150)*'Data by week'!$H$150,N('Data by week'!$P$150)*'Data by week'!$H$150,N('Data by week'!$Q$150)*'Data by week'!$H$150,N('Data by week'!$R$150)*'Data by week'!$H$150),2) | F11: =ROUND(MAX(N('Data by week'!$S$150)*'Data by week'!$H$150,N('Data by week'!$T$150)*'Data by week'!$H$150,N('Data by week'!$U$150)*'Data by week'!$H$150,N('Data by week'!$V$150)*'Data by week'!$H$150,N('Data by week'!$W$150)*'Data by week'!$H$150,N('Data by week'!$X$150)*'Data by week'!$H$150,N('Data by week'!$Y$150)*'Data by week'!$H$150,N('Data by week'!$Z$150)*'Data by week'!$H$150,N('Data by week'!$AA$150)*'Data by week'!$H$150,N('Data by week'!$AB$150)*'Data by week'!$H$150),2) | G11: =ROUND(MAX(N('Data by week'!$AC$150)*'Data by week'!$H$150,N('Data by week'!$AD$150)*'Data by week'!$H$150,N('Data by week'!$AE$150)*'Data by week'!$H$150,N('Data by week'!$AF$150)*'Data by week'!$H$150,N('Data by week'!$AG$150)*'Data by week'!$H$150,N('Data by week'!$AH$150)*'Data by week'!$H$150,N('Data by week'!$AI$150)*'Data by week'!$H$150,N('Data by week'!$AJ$150)*'Data by week'!$H$150,N('Data by week'!$AK$150)*'Data by week'!$H$150,N('Data by week'!$AL$150)*'Data by week'!$H$150),2) | H11: =MAX(E11:G11) | I11: device | J11: Week 4 | K11: Year 9: W4, W8, W10 | L11: Both plans
A12: Plastic bottles, 500 ml, identical, clean | B12: 塑料瓶（500毫升，同款，洗净） | C12: Identical 500 ml plastic bottles, rinsed clean; one holds the Y8 cabbage indicator, labelled 'do not drink'. | D12: Reusable | E12: =ROUND(MAX(N('Data by week'!$I$151)*'Data by week'!$H$151,N('Data by week'!$J$151)*'Data by week'!$H$151,N('Data by week'!$K$151)*'Data by week'!$H$151,N('Data by week'!$L$151)*'Data by week'!$H$151,N('Data by week'!$M$151)*'Data by week'!$H$151,N('Data by week'!$N$151)*'Data by week'!$H$151,N('Data by week'!$O$151)*'Data by week'!$H$151,N('Data by week'!$P$151)*'Data by week'!$H$151,N('Data by week'!$Q$151)*'Data by week'!$H$151,N('Data by week'!$R$151)*'Data by week'!$H$151),2) | F12: =ROUND(MAX(N('Data by week'!$S$151)*'Data by week'!$H$151,N('Data by week'!$T$151)*'Data by week'!$H$151,N('Data by week'!$U$151)*'Data by week'!$H$151,N('Data by week'!$V$151)*'Data by week'!$H$151,N('Data by week'!$W$151)*'Data by week'!$H$151,N('Data by week'!$X$151)*'Data by week'!$H$151,N('Data by week'!$Y$151)*'Data by week'!$H$151,N('Data by week'!$Z$151)*'Data by week'!$H$151,N('Data by week'!$AA$151)*'Data by week'!$H$151,N('Data by week'!$AB$151)*'Data by week'!$H$151),2) | G12: =ROUND(MAX(N('Data by week'!$AC$151)*'Data by week'!$H$151,N('Data by week'!$AD$151)*'Data by week'!$H$151,N('Data by week'!$AE$151)*'Data by week'!$H$151,N('Data by week'!$AF$151)*'Data by week'!$H$151,N('Data by week'!$AG$151)*'Data by week'!$H$151,N('Data by week'!$AH$151)*'Data by week'!$H$151,N('Data by week'!$AI$151)*'Data by week'!$H$151,N('Data by week'!$AJ$151)*'Data by week'!$H$151,N('Data by week'!$AK$151)*'Data by week'!$H$151,N('Data by week'!$AL$151)*'Data by week'!$H$151),2) | H12: =MAX(E12:G12) | I12: bottles | J12: Week 5 | K12: Year 8: W5; Year 9: W8 | L12: Both plans | M12: Label clearly: do not drink. Only the teacher pours warm water. Bottles stay on the tray
A13: Small carrier bags or freezer bags with handles | B13: 带提手的小塑料袋或冷冻袋 | C13: Must have handles and must not leak (hold water on the strength rig). | D13: Used up | E13: =ROUND('Data by week'!$AW$152*'Data by week'!$H$152,2) | F13: =ROUND('Data by week'!$AX$152*'Data by week'!$H$152,2) | G13: =ROUND('Data by week'!$AY$152*'Data by week'!$H$152,2) | H13: =ROUNDUP(E13*'Read me'!$C$5+F13*'Read me'!$C$6+G13*'Read me'!$C$7,0) | I13: bags | J13: Week 5 | K13: Year 7: W5, W8 | L13: Both plans
A14: Textbooks for book stacks | B14: 课本（叠成书堆用） | C14: Equal-height stacks; students' own books are fine. | D14: Reusable | E14: =ROUND(MAX(N('Data by week'!$I$153)*'Data by week'!$H$153,N('Data by week'!$J$153)*'Data by week'!$H$153,N('Data by week'!$K$153)*'Data by week'!$H$153,N('Data by week'!$L$153)*'Data by week'!$H$153,N('Data by week'!$M$153)*'Data by week'!$H$153,N('Data by week'!$N$153)*'Data by week'!$H$153,N('Data by week'!$O$153)*'Data by week'!$H$153,N('Data by week'!$P$153)*'Data by week'!$H$153,N('Data by week'!$Q$153)*'Data by week'!$H$153,N('Data by week'!$R$153)*'Data by week'!$H$153),2) | F14: =ROUND(MAX(N('Data by week'!$S$153)*'Data by week'!$H$153,N('Data by week'!$T$153)*'Data by week'!$H$153,N('Data by week'!$U$153)*'Data by week'!$H$153,N('Data by week'!$V$153)*'Data by week'!$H$153,N('Data by week'!$W$153)*'Data by week'!$H$153,N('Data by week'!$X$153)*'Data by week'!$H$153,N('Data by week'!$Y$153)*'Data by week'!$H$153,N('Data by week'!$Z$153)*'Data by week'!$H$153,N('Data by week'!$AA$153)*'Data by week'!$H$153,N('Data by week'!$AB$153)*'Data by week'!$H$153),2) | G14: =ROUND(MAX(N('Data by week'!$AC$153)*'Data by week'!$H$153,N('Data by week'!$AD$153)*'Data by week'!$H$153,N('Data by week'!$AE$153)*'Data by week'!$H$153,N('Data by week'!$AF$153)*'Data by week'!$H$153,N('Data by week'!$AG$153)*'Data by week'!$H$153,N('Data by week'!$AH$153)*'Data by week'!$H$153,N('Data by week'!$AI$153)*'Data by week'!$H$153,N('Data by week'!$AJ$153)*'Data by week'!$H$153,N('Data by week'!$AK$153)*'Data by week'!$H$153,N('Data by week'!$AL$153)*'Data by week'!$H$153),2) | H14: =MAX(E14:G14) | I14: books | J14: Week 5 | K14: Year 7: W5, W8 | L14: Both plans
A15: Wood offcut for the trough template block, 12 x 2 cm | B15: 铝箔槽模具木块（12×2厘米） | C15: Wood offcut 12 cm long x 2 cm wide used as the template block for folding every foil trough (or a stack of rulers taped together); keep for next year. | D15: Reusable | E15: =ROUND(MAX(N('Data by week'!$I$154)*'Data by week'!$H$154,N('Data by week'!$J$154)*'Data by week'!$H$154,N('Data by week'!$K$154)*'Data by week'!$H$154,N('Data by week'!$L$154)*'Data by week'!$H$154,N('Data by week'!$M$154)*'Data by week'!$H$154,N('Data by week'!$N$154)*'Data by week'!$H$154,N('Data by week'!$O$154)*'Data by week'!$H$154,N('Data by week'!$P$154)*'Data by week'!$H$154,N('Data by week'!$Q$154)*'Data by week'!$H$154,N('Data by week'!$R$154)*'Data by week'!$H$154),2) | F15: =ROUND(MAX(N('Data by week'!$S$154)*'Data by week'!$H$154,N('Data by week'!$T$154)*'Data by week'!$H$154,N('Data by week'!$U$154)*'Data by week'!$H$154,N('Data by week'!$V$154)*'Data by week'!$H$154,N('Data by week'!$W$154)*'Data by week'!$H$154,N('Data by week'!$X$154)*'Data by week'!$H$154,N('Data by week'!$Y$154)*'Data by week'!$H$154,N('Data by week'!$Z$154)*'Data by week'!$H$154,N('Data by week'!$AA$154)*'Data by week'!$H$154,N('Data by week'!$AB$154)*'Data by week'!$H$154),2) | G15: =ROUND(MAX(N('Data by week'!$AC$154)*'Data by week'!$H$154,N('Data by week'!$AD$154)*'Data by week'!$H$154,N('Data by week'!$AE$154)*'Data by week'!$H$154,N('Data by week'!$AF$154)*'Data by week'!$H$154,N('Data by week'!$AG$154)*'Data by week'!$H$154,N('Data by week'!$AH$154)*'Data by week'!$H$154,N('Data by week'!$AI$154)*'Data by week'!$H$154,N('Data by week'!$AJ$154)*'Data by week'!$H$154,N('Data by week'!$AK$154)*'Data by week'!$H$154,N('Data by week'!$AL$154)*'Data by week'!$H$154),2) | H15: =MAX(E15:G15) | I15: blocks | J15: Week 5 | K15: Year 7: W5, W7 | L15: Both plans
A16: Bubble wrap | B16: 气泡膜 | C16: Bubble wrap pieces (also for wrapping a box if cool boxes are short). | D16: Reusable | E16: =ROUND(MAX(N('Data by week'!$I$155)*'Data by week'!$H$155,N('Data by week'!$J$155)*'Data by week'!$H$155,N('Data by week'!$K$155)*'Data by week'!$H$155,N('Data by week'!$L$155)*'Data by week'!$H$155,N('Data by week'!$M$155)*'Data by week'!$H$155,N('Data by week'!$N$155)*'Data by week'!$H$155,N('Data by week'!$O$155)*'Data by week'!$H$155,N('Data by week'!$P$155)*'Data by week'!$H$155,N('Data by week'!$Q$155)*'Data by week'!$H$155,N('Data by week'!$R$155)*'Data by week'!$H$155),2) | F16: =ROUND(MAX(N('Data by week'!$S$155)*'Data by week'!$H$155,N('Data by week'!$T$155)*'Data by week'!$H$155,N('Data by week'!$U$155)*'Data by week'!$H$155,N('Data by week'!$V$155)*'Data by week'!$H$155,N('Data by week'!$W$155)*'Data by week'!$H$155,N('Data by week'!$X$155)*'Data by week'!$H$155,N('Data by week'!$Y$155)*'Data by week'!$H$155,N('Data by week'!$Z$155)*'Data by week'!$H$155,N('Data by week'!$AA$155)*'Data by week'!$H$155,N('Data by week'!$AB$155)*'Data by week'!$H$155),2) | G16: =ROUND(MAX(N('Data by week'!$AC$155)*'Data by week'!$H$155,N('Data by week'!$AD$155)*'Data by week'!$H$155,N('Data by week'!$AE$155)*'Data by week'!$H$155,N('Data by week'!$AF$155)*'Data by week'!$H$155,N('Data by week'!$AG$155)*'Data by week'!$H$155,N('Data by week'!$AH$155)*'Data by week'!$H$155,N('Data by week'!$AI$155)*'Data by week'!$H$155,N('Data by week'!$AJ$155)*'Data by week'!$H$155,N('Data by week'!$AK$155)*'Data by week'!$H$155,N('Data by week'!$AL$155)*'Data by week'!$H$155),2) | H16: =MAX(E16:G16) | I16: pieces | J16: Week 6 | K16: Year 7: W6 | L16: Both plans
A17: Fabric scraps, one type, same size | B17: 布料碎片（同种布料、同样大小） | C17: Plain fabric scraps, all the same type, cut to the same size (Y7 15 x 15 cm squares or 25 x 10 cm strips; Y9 hats and cloth pieces). | D17: Reusable | E17: =ROUND(MAX(N('Data by week'!$I$156)*'Data by week'!$H$156,N('Data by week'!$J$156)*'Data by week'!$H$156,N('Data by week'!$K$156)*'Data by week'!$H$156,N('Data by week'!$L$156)*'Data by week'!$H$156,N('Data by week'!$M$156)*'Data by week'!$H$156,N('Data by week'!$N$156)*'Data by week'!$H$156,N('Data by week'!$O$156)*'Data by week'!$H$156,N('Data by week'!$P$156)*'Data by week'!$H$156,N('Data by week'!$Q$156)*'Data by week'!$H$156,N('Data by week'!$R$156)*'Data by week'!$H$156),2) | F17: =ROUND(MAX(N('Data by week'!$S$156)*'Data by week'!$H$156,N('Data by week'!$T$156)*'Data by week'!$H$156,N('Data by week'!$U$156)*'Data by week'!$H$156,N('Data by week'!$V$156)*'Data by week'!$H$156,N('Data by week'!$W$156)*'Data by week'!$H$156,N('Data by week'!$X$156)*'Data by week'!$H$156,N('Data by week'!$Y$156)*'Data by week'!$H$156,N('Data by week'!$Z$156)*'Data by week'!$H$156,N('Data by week'!$AA$156)*'Data by week'!$H$156,N('Data by week'!$AB$156)*'Data by week'!$H$156),2) | G17: =ROUND(MAX(N('Data by week'!$AC$156)*'Data by week'!$H$156,N('Data by week'!$AD$156)*'Data by week'!$H$156,N('Data by week'!$AE$156)*'Data by week'!$H$156,N('Data by week'!$AF$156)*'Data by week'!$H$156,N('Data by week'!$AG$156)*'Data by week'!$H$156,N('Data by week'!$AH$156)*'Data by week'!$H$156,N('Data by week'!$AI$156)*'Data by week'!$H$156,N('Data by week'!$AJ$156)*'Data by week'!$H$156,N('Data by week'!$AK$156)*'Data by week'!$H$156,N('Data by week'!$AL$156)*'Data by week'!$H$156),2) | H17: =MAX(E17:G17) | I17: pieces | J17: Week 6 | K17: Year 7: W6; Year 9: W8 | L17: Both plans | M17: For claim 4, wet the cloth with room-temperature water, not cold water
A18: Newspaper | B18: 报纸 | C18: Old newspaper. | D18: Used up | E18: =ROUND('Data by week'!$AW$157*'Data by week'!$H$157,2) | F18: =ROUND('Data by week'!$AX$157*'Data by week'!$H$157,2) | G18: =ROUND('Data by week'!$AY$157*'Data by week'!$H$157,2) | H18: =ROUNDUP(E18*'Read me'!$C$5+F18*'Read me'!$C$6+G18*'Read me'!$C$7,0) | I18: pieces | J18: Week 6 | K18: Year 7: W6 | L18: Both plans
A19: Shredded paper, finely shredded | B19: 碎纸（细碎） | C19: Fine shreds. | D19: Used up | E19: =ROUND('Data by week'!$AW$158*'Data by week'!$H$158,2) | F19: =ROUND('Data by week'!$AX$158*'Data by week'!$H$158,2) | G19: =ROUND('Data by week'!$AY$158*'Data by week'!$H$158,2) | H19: =ROUNDUP(E19*'Read me'!$C$5+F19*'Read me'!$C$6+G19*'Read me'!$C$7,0) | I19: g | J19: Week 7 | K19: Year 7: W7 | L19: Both plans
A20: Box with a lid (to wrap in bubble wrap) | B20: 带盖纸箱（外包气泡膜） | C20: Must hold a group's flat tray of ice strips, with its lid; only if cool boxes are short. | D20: Reusable | E20: =ROUND(MAX(N('Data by week'!$I$159)*'Data by week'!$H$159,N('Data by week'!$J$159)*'Data by week'!$H$159,N('Data by week'!$K$159)*'Data by week'!$H$159,N('Data by week'!$L$159)*'Data by week'!$H$159,N('Data by week'!$M$159)*'Data by week'!$H$159,N('Data by week'!$N$159)*'Data by week'!$H$159,N('Data by week'!$O$159)*'Data by week'!$H$159,N('Data by week'!$P$159)*'Data by week'!$H$159,N('Data by week'!$Q$159)*'Data by week'!$H$159,N('Data by week'!$R$159)*'Data by week'!$H$159),2) | F20: =ROUND(MAX(N('Data by week'!$S$159)*'Data by week'!$H$159,N('Data by week'!$T$159)*'Data by week'!$H$159,N('Data by week'!$U$159)*'Data by week'!$H$159,N('Data by week'!$V$159)*'Data by week'!$H$159,N('Data by week'!$W$159)*'Data by week'!$H$159,N('Data by week'!$X$159)*'Data by week'!$H$159,N('Data by week'!$Y$159)*'Data by week'!$H$159,N('Data by week'!$Z$159)*'Data by week'!$H$159,N('Data by week'!$AA$159)*'Data by week'!$H$159,N('Data by week'!$AB$159)*'Data by week'!$H$159),2) | G20: =ROUND(MAX(N('Data by week'!$AC$159)*'Data by week'!$H$159,N('Data by week'!$AD$159)*'Data by week'!$H$159,N('Data by week'!$AE$159)*'Data by week'!$H$159,N('Data by week'!$AF$159)*'Data by week'!$H$159,N('Data by week'!$AG$159)*'Data by week'!$H$159,N('Data by week'!$AH$159)*'Data by week'!$H$159,N('Data by week'!$AI$159)*'Data by week'!$H$159,N('Data by week'!$AJ$159)*'Data by week'!$H$159,N('Data by week'!$AK$159)*'Data by week'!$H$159,N('Data by week'!$AL$159)*'Data by week'!$H$159),2) | H20: =MAX(E20:G20) | I20: boxes | J20: Week 8 | K20: Year 7: W8 | L20: Plan A (freezer)
