Workbook

Sheet How_To_Use
B1: Admissions tracker, Years 1 to 10
B2: For the admission assessments of pack v3.1. One workbook for the whole admissions team.
B3: DEMO COPY: every candidate, number and score is fictional and for illustration only. Two rows are left incomplete on purpose so that you can see the Data check working. Demo bands are not worked out from the real band guides. Use Admissions_Tracker_v3.1.xlsx for real candidates.
B5: What it does
B6: Each year group has its own sheet (Year 1 to Year 10) with one row for each candidate. The Dashboard and Levels_Detail sheets count those rows and show where candidates are in the process, their English, maths and science levels, decisions, offers and support needs. You only ever type on the Year sheets.
B8: Using it, step by step
B9: 1. Go to the sheet for the year group the candidate has applied for. Type the candidate on the next empty row (rows 6 to 305).
B10: 2. Type in the white cells with blue text, from left to right, as the process moves on. Use the drop-downs. The sheet will not accept a score above the maximum shown in row 3.
B11: 3. Change the Status each time the candidate reaches the next stage (status table below). A candidate who is assessed but not yet decided stays at Assessed.
B12: 4. After the head of section has confirmed the decision: enter the recommendation, the support level and the dates from the final mark sheet, then set the status to Decision confirmed.
B13: 5. Check the Data check column. OK means the row is complete for its status. Anything else says what is missing. The Dashboard shows how many rows need checking.
B14: 6. Look at the Dashboard and Levels_Detail whenever you want the picture. They update by themselves; do not type on them.
... B17: Colour key
B18: Blue text on white | C18: Type here.
B19: Yellow, blue text, row 3 | C19: The maximum mark from the grading sheet for that year group. Change only if the grading sheet changes.
B20: Grey | C20: Not used in this year group (for example the reading paper in Years 1 to 3).
B21: Blue-grey, black text | C21: Calculated. Do not type.
B22: Red in Data check | C22: The row is incomplete for its status. Fix it.
B23: Band colours | C23: Orange and red tints mark the lower bands, green tints the higher bands, so that a row can be read at a glance.
B25: Status: what each stage means
B26: Applied | C26: Application received. No visit date yet.
B27: Visit booked | C27: Assessment visit arranged.
B28: Assessed | C28: The visit is done and the papers are marked. Waiting for the decision.
B29: Decision confirmed | C29: The head of section has confirmed the recommendation. The family has not been told yet.
B30: Family told | C30: The family has been told the outcome and given the assessment result and report.
B31: Enrolled | C31: An offer has been accepted and the student is joining.
B32: Withdrawn | C32: The family has withdrawn the application, or the school has closed it.
B34: Bands and ratings (full guide: 00_Admissions_Guide.md and each year's grading sheet)
B35: English, A to E | C35: A New to English, B Early acquisition, C Developing competence, D Competent, E Fluent.
B36: Maths and science, 1 to 4 | C36: 1 Well below expected, 2 Working towards, 3 Expected, 4 Greater depth.
B37: Suitability, 1 to 4 | C37: 1 Concern, 2 Some concern, 3 Good, 4 Strong. Enter the lowest rating.
B38: Recommendation | C38: Offer; Offer with English support; Offer with a learning plan; Further assessment before a decision; Unable to offer at this time.
B40: Column guide, with an example for a fictional Year 5 candidate
B41: Column | C41: Example | D41: What to enter | E41: Where it comes from
B42: Candidate number | C42: E05-0001 | D42: The number the school gives the candidate. Use it as the main identifier if the file is shared. | E42: Final mark sheet, top
B43: Name (or initials) | C43: Example Child | D43: Name or initials, as the school's data policy allows. | E43: Final mark sheet, top
B44: Date of birth | C44: 14/03/2016 | D44: Date of birth, day first. Used for age at assessment and the reading age gap. | E44: Final mark sheet, top
B45: Current school | C45: Example Bilingual School | D45: The school the student attends now. | E45: Final mark sheet, top
B46: Boarding (Y/N) | C46: N | D46: Y if the family has applied for boarding, otherwise N. | E46: Application form
B47: Date applied | C47: 01/09/2026 | D47: The day the application was received. | E47: Admissions record
B48: Date assessed | C48: 12/10/2026 | D48: The day of the assessment visit. | E48: Final mark sheet, top
B49: Assessor (initials) | C49: AB | D49: Initials of the assessor. | E49: Grading sheet
B50: Paper version sat | C50: v3.1 | D50: The paper version sat, printed on the front page of the student paper. | E50: Final mark sheet, top
B51: Status | C51: Assessed | D51: Choose from the list. Move the candidate on as each stage is reached (see the status table below).
B52: Listening score | C52: 6 | D52: Total listening score. The sheet will not accept more than the maximum in row 3. | E52: Grading sheet
B53: Listening band | C53: C | D53: Listening band A to E. | E53: Grading sheet; final mark sheet, Section 1
B54: Speaking band | C54: C | D54: Speaking band A to E. | E54: Interview sheet; final mark sheet, Section 1
B55: Early Reading Screen book band (Years 1 to 3) | C55: Yellow | D55: Years 1 to 3 only: the book band reached on the Early Reading Screen. | E55: Reading front sheet
B56: Reading paper score (Years 4 to 10) | C56: 15 | D56: Years 4 to 10 only: reading paper score. | E56: Reading front sheet; grading sheet
B57: Reading band | C57: C | D57: Reading band A to E. | E57: Final mark sheet, Section 1
B58: Sentence reading points (of 72) | C58: 34 | D58: Total sentence reading points out of 72. | E58: Reading front sheet, Part 3
B59: Reading age (calculated) | C59: 10:08 | D59: Calculated from the points: 5:00 plus 2 months for each point. Do not type. | E59: Calculated
B60: Reading aloud band (indicative) | C60: D | D60: Reading aloud band A to E (indicative). | E60: Final mark sheet, Section 1
B61: Writing score | C61: 10 | D61: Total writing score out of 16. | E61: Grading sheet
B62: Writing band | C62: C | D62: Writing band A to E. | E62: Grading sheet
B63: Overall English band | C63: C | D63: Overall English band A to E. | E63: Final mark sheet, Section 1
... B78: Date result and report given | C78: 15/10/2026 | D78: The day the assessment result and report was given with the marked papers. | E78: Final mark sheet, filing line
B79: Notes (no sensitive detail) | C79: Parents asked about boarding in term 2. | D79: Short practical notes only. No medical, safeguarding or family detail.
B80: Age at assessment (months) | C80: 103 | D80: Calculated from date of birth and date assessed. Do not type. | E80: Calculated
B81: Reading age minus age (months) | C81: -6 | D81: Calculated: reading age minus age, in months. Negative means below age. Do not type. | E81: Calculated
B82: Days from assessment to family told | C82: 3 | D82: Calculated: days from assessment to telling the family. Do not type. | E82: Calculated
B83: Data check | C83: OK | D83: Calculated. Shows what is missing, for example Band missing. Fix it on the Year sheet until it says OK. | E83: Calculated
B85: More than 300 rows in a year group
B86: Select row 305 on that Year sheet, copy it, select the rows below and paste. The formulas, drop-downs and colours come with it. The Dashboard counts down to row 1005.
B88: Personal data: please read
B89: This workbook holds personal data about children. Keep it in the secure admissions folder, share it only with the admissions team and the heads of section, and follow the school's data protection policy for how long it is kept. If you must send it, send the candidate number rather than the name. Do not type medical, safeguarding or family details in the Notes column: record Y in the follow-up columns and keep the detail in the candidate's secure file. When a year group has only a few candidates, take care before sharing percentages outside the team.
B91: If something looks wrong
B92: A drop-down will not accept my entry: use the list. A score is refused: it is above the maximum in row 3, or it is not a whole number. A Dashboard figure looks too low: check the Status and Data check columns on the Year sheet. Never delete a row to remove a candidate: set the status to Withdrawn, so that the history stays.

Sheet Dashboard
B1: Admissions dashboard, Years 1 to 10
B2: Assessment pack v3.1. Every figure is counted from the Year 1 to Year 10 sheets and updates by itself. Do not type on this sheet.
B3: DEMO COPY: every candidate, number and score here is fictional, to show how the dashboard reads.
B5: CANDIDATES ON FILE | E5: ASSESSED OR LATER | H5: DECISIONS CONFIRMED | K5: OFFERS MADE
B6: =K26 -> 80 | E6: =SUM(E26:H26) -> 60 | H6: =C57 -> 45 | K6: =D57+E57+F57 -> 38
B7: ="of which "&I26&" withdrawn" -> of which 6 withdrawn | E7: =IF(K26=0,"",TEXT(SUM(E26:H26)/K26,"0%")&" of candidates on file") -> 75% of candidates on file | H7: =J57&" assessed, waiting for a decision" -> 15 assessed, waiting for a decision | K7: ="of which "&E57&" with English support" -> of which 31 with English support
B9: OFFER RATE | E9: FAMILIES NOT YET TOLD | H9: DAYS TO TELL THE FAMILY | K9: ROWS TO CHECK
B10: =IF(C57=0,"",(D57+E57+F57)/C57) -> 0.84444444 | E10: =K57 -> 10 | H10: =IFERROR(AVERAGE('Year 1'!$AO$6:$AO$1005,'Year 2'!$AO$6:$AO$1005,'Year 3'!$AO$6:$AO$1005,'Year 4'!$AO$6:$AO$1005,'Year 5'!$AO$6:$AO$1005,'Year 6'!$AO$6:$AO$1005,'Year 7'!$AO$6:$AO$1005,'Year 8'!$AO$6:$AO$1005,'Year 9'!$AO$6:$AO$1005,'Year 10'!$AO$6:$AO$1005),"") -> 6.7352941 | K10: =L26 -> 2
B11: ="offers out of decisions confirmed" -> offers out of decisions confirmed | E11: ="decided, family not yet told" -> decided, family not yet told | H11: ="average, assessment to family told" -> average, assessment to family told | K11: ="see Data check on the Year sheets" -> see Data check on the Year sheets
B13: 1. Where candidates are in the process
B14: Status is chosen on each Year sheet. 'No status' means a row has a name or number but no status yet.
B15: Year group | C15: Applied | D15: Visit booked | E15: Assessed | F15: Decision confirmed | G15: Family told | H15: Enrolled | I15: Withdrawn | J15: No status | K15: Total | L15: Rows to check
B16: Year 1 | C16: =COUNTIF('Year 1'!$J$6:$J$1005,C$15) -> 1 | D16: =COUNTIF('Year 1'!$J$6:$J$1005,D$15) -> 0 | E16: =COUNTIF('Year 1'!$J$6:$J$1005,E$15) -> 0 | F16: =COUNTIF('Year 1'!$J$6:$J$1005,F$15) -> 1 | G16: =COUNTIF('Year 1'!$J$6:$J$1005,G$15) -> 2 | H16: =COUNTIF('Year 1'!$J$6:$J$1005,H$15) -> 2 | I16: =COUNTIF('Year 1'!$J$6:$J$1005,I$15) -> 0 | J16: =K16-SUM(C16:I16) -> 0 | K16: =SUMPRODUCT((('Year 1'!$B$6:$B$1005<>"")+('Year 1'!$A$6:$A$1005<>"")>0)*1) -> 6 | L16: =SUMPRODUCT(('Year 1'!$AP$6:$AP$1005<>"")*('Year 1'!$AP$6:$AP$1005<>"OK")) -> 0
B17: Year 2 | C17: =COUNTIF('Year 2'!$J$6:$J$1005,C$15) -> 1 | D17: =COUNTIF('Year 2'!$J$6:$J$1005,D$15) -> 0 | E17: =COUNTIF('Year 2'!$J$6:$J$1005,E$15) -> 1 | F17: =COUNTIF('Year 2'!$J$6:$J$1005,F$15) -> 2 | G17: =COUNTIF('Year 2'!$J$6:$J$1005,G$15) -> 2 | H17: =COUNTIF('Year 2'!$J$6:$J$1005,H$15) -> 0 | I17: =COUNTIF('Year 2'!$J$6:$J$1005,I$15) -> 1 | J17: =K17-SUM(C17:I17) -> 0 | K17: =SUMPRODUCT((('Year 2'!$B$6:$B$1005<>"")+('Year 2'!$A$6:$A$1005<>"")>0)*1) -> 7 | L17: =SUMPRODUCT(('Year 2'!$AP$6:$AP$1005<>"")*('Year 2'!$AP$6:$AP$1005<>"OK")) -> 0
B18: Year 3 | C18: =COUNTIF('Year 3'!$J$6:$J$1005,C$15) -> 0 | D18: =COUNTIF('Year 3'!$J$6:$J$1005,D$15) -> 1 | E18: =COUNTIF('Year 3'!$J$6:$J$1005,E$15) -> 2 | F18: =COUNTIF('Year 3'!$J$6:$J$1005,F$15) -> 0 | G18: =COUNTIF('Year 3'!$J$6:$J$1005,G$15) -> 4 | H18: =COUNTIF('Year 3'!$J$6:$J$1005,H$15) -> 1 | I18: =COUNTIF('Year 3'!$J$6:$J$1005,I$15) -> 0 | J18: =K18-SUM(C18:I18) -> 0 | K18: =SUMPRODUCT((('Year 3'!$B$6:$B$1005<>"")+('Year 3'!$A$6:$A$1005<>"")>0)*1) -> 8 | L18: =SUMPRODUCT(('Year 3'!$AP$6:$AP$1005<>"")*('Year 3'!$AP$6:$AP$1005<>"OK")) -> 0
B19: Year 4 | C19: =COUNTIF('Year 4'!$J$6:$J$1005,C$15) -> 1 | D19: =COUNTIF('Year 4'!$J$6:$J$1005,D$15) -> 1 | E19: =COUNTIF('Year 4'!$J$6:$J$1005,E$15) -> 2 | F19: =COUNTIF('Year 4'!$J$6:$J$1005,F$15) -> 2 | G19: =COUNTIF('Year 4'!$J$6:$J$1005,G$15) -> 1 | H19: =COUNTIF('Year 4'!$J$6:$J$1005,H$15) -> 1 | I19: =COUNTIF('Year 4'!$J$6:$J$1005,I$15) -> 0 | J19: =K19-SUM(C19:I19) -> 0 | K19: =SUMPRODUCT((('Year 4'!$B$6:$B$1005<>"")+('Year 4'!$A$6:$A$1005<>"")>0)*1) -> 8 | L19: =SUMPRODUCT(('Year 4'!$AP$6:$AP$1005<>"")*('Year 4'!$AP$6:$AP$1005<>"OK")) -> 0
B20: Year 5 | C20: =COUNTIF('Year 5'!$J$6:$J$1005,C$15) -> 0 | D20: =COUNTIF('Year 5'!$J$6:$J$1005,D$15) -> 0 | E20: =COUNTIF('Year 5'!$J$6:$J$1005,E$15) -> 3 | F20: =COUNTIF('Year 5'!$J$6:$J$1005,F$15) -> 0 | G20: =COUNTIF('Year 5'!$J$6:$J$1005,G$15) -> 2 | H20: =COUNTIF('Year 5'!$J$6:$J$1005,H$15) -> 2 | I20: =COUNTIF('Year 5'!$J$6:$J$1005,I$15) -> 2 | J20: =K20-SUM(C20:I20) -> 0 | K20: =SUMPRODUCT((('Year 5'!$B$6:$B$1005<>"")+('Year 5'!$A$6:$A$1005<>"")>0)*1) -> 9 | L20: =SUMPRODUCT(('Year 5'!$AP$6:$AP$1005<>"")*('Year 5'!$AP$6:$AP$1005<>"OK")) -> 1
B21: Year 6 | C21: =COUNTIF('Year 6'!$J$6:$J$1005,C$15) -> 0 | D21: =COUNTIF('Year 6'!$J$6:$J$1005,D$15) -> 1 | E21: =COUNTIF('Year 6'!$J$6:$J$1005,E$15) -> 1 | F21: =COUNTIF('Year 6'!$J$6:$J$1005,F$15) -> 2 | G21: =COUNTIF('Year 6'!$J$6:$J$1005,G$15) -> 3 | H21: =COUNTIF('Year 6'!$J$6:$J$1005,H$15) -> 1 | I21: =COUNTIF('Year 6'!$J$6:$J$1005,I$15) -> 1 | J21: =K21-SUM(C21:I21) -> 0 | K21: =SUMPRODUCT((('Year 6'!$B$6:$B$1005<>"")+('Year 6'!$A$6:$A$1005<>"")>0)*1) -> 9 | L21: =SUMPRODUCT(('Year 6'!$AP$6:$AP$1005<>"")*('Year 6'!$AP$6:$AP$1005<>"OK")) -> 0
B22: Year 7 | C22: =COUNTIF('Year 7'!$J$6:$J$1005,C$15) -> 3 | D22: =COUNTIF('Year 7'!$J$6:$J$1005,D$15) -> 0 | E22: =COUNTIF('Year 7'!$J$6:$J$1005,E$15) -> 2 | F22: =COUNTIF('Year 7'!$J$6:$J$1005,F$15) -> 1 | G22: =COUNTIF('Year 7'!$J$6:$J$1005,G$15) -> 3 | H22: =COUNTIF('Year 7'!$J$6:$J$1005,H$15) -> 0 | I22: =COUNTIF('Year 7'!$J$6:$J$1005,I$15) -> 0 | J22: =K22-SUM(C22:I22) -> 0 | K22: =SUMPRODUCT((('Year 7'!$B$6:$B$1005<>"")+('Year 7'!$A$6:$A$1005<>"")>0)*1) -> 9 | L22: =SUMPRODUCT(('Year 7'!$AP$6:$AP$1005<>"")*('Year 7'!$AP$6:$AP$1005<>"OK")) -> 0
B23: Year 8 | C23: =COUNTIF('Year 8'!$J$6:$J$1005,C$15) -> 1 | D23: =COUNTIF('Year 8'!$J$6:$J$1005,D$15) -> 1 | E23: =COUNTIF('Year 8'!$J$6:$J$1005,E$15) -> 0 | F23: =COUNTIF('Year 8'!$J$6:$J$1005,F$15) -> 0 | G23: =COUNTIF('Year 8'!$J$6:$J$1005,G$15) -> 4 | H23: =COUNTIF('Year 8'!$J$6:$J$1005,H$15) -> 2 | I23: =COUNTIF('Year 8'!$J$6:$J$1005,I$15) -> 0 | J23: =K23-SUM(C23:I23) -> 0 | K23: =SUMPRODUCT((('Year 8'!$B$6:$B$1005<>"")+('Year 8'!$A$6:$A$1005<>"")>0)*1) -> 8 | L23: =SUMPRODUCT(('Year 8'!$AP$6:$AP$1005<>"")*('Year 8'!$AP$6:$AP$1005<>"OK")) -> 1
B24: Year 9 | C24: =COUNTIF('Year 9'!$J$6:$J$1005,C$15) -> 0 | D24: =COUNTIF('Year 9'!$J$6:$J$1005,D$15) -> 1 | E24: =COUNTIF('Year 9'!$J$6:$J$1005,E$15) -> 1 | F24: =COUNTIF('Year 9'!$J$6:$J$1005,F$15) -> 1 | G24: =COUNTIF('Year 9'!$J$6:$J$1005,G$15) -> 3 | H24: =COUNTIF('Year 9'!$J$6:$J$1005,H$15) -> 1 | I24: =COUNTIF('Year 9'!$J$6:$J$1005,I$15) -> 1 | J24: =K24-SUM(C24:I24) -> 0 | K24: =SUMPRODUCT((('Year 9'!$B$6:$B$1005<>"")+('Year 9'!$A$6:$A$1005<>"")>0)*1) -> 8 | L24: =SUMPRODUCT(('Year 9'!$AP$6:$AP$1005<>"")*('Year 9'!$AP$6:$AP$1005<>"OK")) -> 0
B25: Year 10 | C25: =COUNTIF('Year 10'!$J$6:$J$1005,C$15) -> 1 | D25: =COUNTIF('Year 10'!$J$6:$J$1005,D$15) -> 1 | E25: =COUNTIF('Year 10'!$J$6:$J$1005,E$15) -> 3 | F25: =COUNTIF('Year 10'!$J$6:$J$1005,F$15) -> 1 | G25: =COUNTIF('Year 10'!$J$6:$J$1005,G$15) -> 0 | H25: =COUNTIF('Year 10'!$J$6:$J$1005,H$15) -> 1 | I25: =COUNTIF('Year 10'!$J$6:$J$1005,I$15) -> 1 | J25: =K25-SUM(C25:I25) -> 0 | K25: =SUMPRODUCT((('Year 10'!$B$6:$B$1005<>"")+('Year 10'!$A$6:$A$1005<>"")>0)*1) -> 8 | L25: =SUMPRODUCT(('Year 10'!$AP$6:$AP$1005<>"")*('Year 10'!$AP$6:$AP$1005<>"OK")) -> 0
B26: All years | C26: =SUM(C16:C25) -> 8 | D26: =SUM(D16:D25) -> 6 | E26: =SUM(E16:E25) -> 15 | F26: =SUM(F16:F25) -> 10 | G26: =SUM(G16:G25) -> 24 | H26: =SUM(H16:H25) -> 11 | I26: =SUM(I16:I25) -> 6 | J26: =SUM(J16:J25) -> 0 | ... L26: =SUM(L16:L25) -> 2
B28: 2. Overall English band
B29: A New to English, B Early acquisition, C Developing competence, D Competent, E Fluent. Counts every candidate with a band entered.
B30: Year group | C30: A | D30: B | E30: C | F30: D | G30: E | H30: Banded | I30: A or B (share) | J30: D or E (share)
B31: Year 1 | C31: =COUNTIF('Year 1'!$V$6:$V$1005,C$30) -> 1 | D31: =COUNTIF('Year 1'!$V$6:$V$1005,D$30) -> 1 | E31: =COUNTIF('Year 1'!$V$6:$V$1005,E$30) -> 3 | F31: =COUNTIF('Year 1'!$V$6:$V$1005,F$30) -> 0 | G31: =COUNTIF('Year 1'!$V$6:$V$1005,G$30) -> 0 | H31: =SUM(C31:G31) -> 5 | I31: =IF(H31=0,"",(C31+D31)/H31) -> 0.4 | J31: =IF(H31=0,"",(F31+G31)/H31) -> 0
B32: Year 2 | C32: =COUNTIF('Year 2'!$V$6:$V$1005,C$30) -> 1 | D32: =COUNTIF('Year 2'!$V$6:$V$1005,D$30) -> 0 | E32: =COUNTIF('Year 2'!$V$6:$V$1005,E$30) -> 3 | F32: =COUNTIF('Year 2'!$V$6:$V$1005,F$30) -> 1 | G32: =COUNTIF('Year 2'!$V$6:$V$1005,G$30) -> 0 | H32: =SUM(C32:G32) -> 5 | I32: =IF(H32=0,"",(C32+D32)/H32) -> 0.2 | J32: =IF(H32=0,"",(F32+G32)/H32) -> 0.2
B33: Year 3 | C33: =COUNTIF('Year 3'!$V$6:$V$1005,C$30) -> 2 | D33: =COUNTIF('Year 3'!$V$6:$V$1005,D$30) -> 2 | E33: =COUNTIF('Year 3'!$V$6:$V$1005,E$30) -> 1 | F33: =COUNTIF('Year 3'!$V$6:$V$1005,F$30) -> 2 | G33: =COUNTIF('Year 3'!$V$6:$V$1005,G$30) -> 0 | H33: =SUM(C33:G33) -> 7 | I33: =IF(H33=0,"",(C33+D33)/H33) -> 0.57142857 | J33: =IF(H33=0,"",(F33+G33)/H33) -> 0.28571429
B34: Year 4 | C34: =COUNTIF('Year 4'!$V$6:$V$1005,C$30) -> 0 | D34: =COUNTIF('Year 4'!$V$6:$V$1005,D$30) -> 4 | E34: =COUNTIF('Year 4'!$V$6:$V$1005,E$30) -> 2 | F34: =COUNTIF('Year 4'!$V$6:$V$1005,F$30) -> 0 | G34: =COUNTIF('Year 4'!$V$6:$V$1005,G$30) -> 0 | H34: =SUM(C34:G34) -> 6 | I34: =IF(H34=0,"",(C34+D34)/H34) -> 0.66666667 | J34: =IF(H34=0,"",(F34+G34)/H34) -> 0
B35: Year 5 | C35: =COUNTIF('Year 5'!$V$6:$V$1005,C$30) -> 1 | D35: =COUNTIF('Year 5'!$V$6:$V$1005,D$30) -> 3 | E35: =COUNTIF('Year 5'!$V$6:$V$1005,E$30) -> 3 | F35: =COUNTIF('Year 5'!$V$6:$V$1005,F$30) -> 0 | G35: =COUNTIF('Year 5'!$V$6:$V$1005,G$30) -> 0 | H35: =SUM(C35:G35) -> 7 | I35: =IF(H35=0,"",(C35+D35)/H35) -> 0.57142857 | J35: =IF(H35=0,"",(F35+G35)/H35) -> 0
B36: Year 6 | C36: =COUNTIF('Year 6'!$V$6:$V$1005,C$30) -> 0 | D36: =COUNTIF('Year 6'!$V$6:$V$1005,D$30) -> 4 | E36: =COUNTIF('Year 6'!$V$6:$V$1005,E$30) -> 2 | F36: =COUNTIF('Year 6'!$V$6:$V$1005,F$30) -> 1 | G36: =COUNTIF('Year 6'!$V$6:$V$1005,G$30) -> 0 | H36: =SUM(C36:G36) -> 7 | I36: =IF(H36=0,"",(C36+D36)/H36) -> 0.57142857 | J36: =IF(H36=0,"",(F36+G36)/H36) -> 0.14285714
B37: Year 7 | C37: =COUNTIF('Year 7'!$V$6:$V$1005,C$30) -> 1 | D37: =COUNTIF('Year 7'!$V$6:$V$1005,D$30) -> 2 | E37: =COUNTIF('Year 7'!$V$6:$V$1005,E$30) -> 3 | F37: =COUNTIF('Year 7'!$V$6:$V$1005,F$30) -> 0 | G37: =COUNTIF('Year 7'!$V$6:$V$1005,G$30) -> 0 | H37: =SUM(C37:G37) -> 6 | I37: =IF(H37=0,"",(C37+D37)/H37) -> 0.5 | J37: =IF(H37=0,"",(F37+G37)/H37) -> 0
B38: Year 8 | C38: =COUNTIF('Year 8'!$V$6:$V$1005,C$30) -> 1 | D38: =COUNTIF('Year 8'!$V$6:$V$1005,D$30) -> 2 | E38: =COUNTIF('Year 8'!$V$6:$V$1005,E$30) -> 3 | F38: =COUNTIF('Year 8'!$V$6:$V$1005,F$30) -> 0 | G38: =COUNTIF('Year 8'!$V$6:$V$1005,G$30) -> 0 | H38: =SUM(C38:G38) -> 6 | I38: =IF(H38=0,"",(C38+D38)/H38) -> 0.5 | J38: =IF(H38=0,"",(F38+G38)/H38) -> 0
B39: Year 9 | C39: =COUNTIF('Year 9'!$V$6:$V$1005,C$30) -> 0 | D39: =COUNTIF('Year 9'!$V$6:$V$1005,D$30) -> 2 | E39: =COUNTIF('Year 9'!$V$6:$V$1005,E$30) -> 2 | F39: =COUNTIF('Year 9'!$V$6:$V$1005,F$30) -> 1 | G39: =COUNTIF('Year 9'!$V$6:$V$1005,G$30) -> 1 | H39: =SUM(C39:G39) -> 6 | I39: =IF(H39=0,"",(C39+D39)/H39) -> 0.33333333 | J39: =IF(H39=0,"",(F39+G39)/H39) -> 0.33333333
B40: Year 10 | C40: =COUNTIF('Year 10'!$V$6:$V$1005,C$30) -> 1 | D40: =COUNTIF('Year 10'!$V$6:$V$1005,D$30) -> 1 | E40: =COUNTIF('Year 10'!$V$6:$V$1005,E$30) -> 2 | F40: =COUNTIF('Year 10'!$V$6:$V$1005,F$30) -> 1 | G40: =COUNTIF('Year 10'!$V$6:$V$1005,G$30) -> 0 | H40: =SUM(C40:G40) -> 5 | I40: =IF(H40=0,"",(C40+D40)/H40) -> 0.4 | J40: =IF(H40=0,"",(F40+G40)/H40) -> 0.2
B41: All years | C41: =SUM(C31:C40) -> 8 | D41: =SUM(D31:D40) -> 21 | E41: =SUM(E31:E40) -> 24 | F41: =SUM(F31:F40) -> 6 | G41: =SUM(G31:G40) -> 1 | H41: =SUM(H31:H40) -> 60 | I41: =IF(H41=0,"",(C41+D41)/H41) -> 0.48333333 | J41: =IF(H41=0,"",(F41+G41)/H41) -> 0.11666667
B44: 3. Decisions and offers
B45: Counts candidates whose status is Decision confirmed, Family told or Enrolled. Offer rate is the three kinds of offer divided by decisions confirmed.
B46: Year group | C46: Decisions confirmed | D46: Offer | E46: Offer with English support | F46: Offer with a learning plan | G46: Further assessment before a decision | H46: Unable to offer at this time | I46: Offer rate | J46: Assessed, no decision yet | K46: Decided, family not yet told
B47: Year 1 | C47: =(COUNTIFS('Year 1'!$J$6:$J$1005,"Decision confirmed")+COUNTIFS('Year 1'!$J$6:$J$1005,"Family told")+COUNTIFS('Year 1'!$J$6:$J$1005,"Enrolled")) -> 5 | D47: =(COUNTIFS('Year 1'!$J$6:$J$1005,"Decision confirmed",'Year 1'!$AG$6:$AG$1005,D$46)+COUNTIFS('Year 1'!$J$6:$J$1005,"Family told",'Year 1'!$AG$6:$AG$1005,D$46)+COUNTIFS('Year 1'!$J$6:$J$1005,"Enrolled",'Year 1'!$AG$6:$AG$1005,D$46)) -> 0 | E47: =(COUNTIFS('Year 1'!$J$6:$J$1005,"Decision confirmed",'Year 1'!$AG$6:$AG$1005,E$46)+COUNTIFS('Year 1'!$J$6:$J$1005,"Family told",'Year 1'!$AG$6:$AG$1005,E$46)+COUNTIFS('Year 1'!$J$6:$J$1005,"Enrolled",'Year 1'!$AG$6:$AG$1005,E$46)) -> 4 | F47: =(COUNTIFS('Year 1'!$J$6:$J$1005,"Decision confirmed",'Year 1'!$AG$6:$AG$1005,F$46)+COUNTIFS('Year 1'!$J$6:$J$1005,"Family told",'Year 1'!$AG$6:$AG$1005,F$46)+COUNTIFS('Year 1'!$J$6:$J$1005,"Enrolled",'Year 1'!$AG$6:$AG$1005,F$46)) -> 0 | G47: =(COUNTIFS('Year 1'!$J$6:$J$1005,"Decision confirmed",'Year 1'!$AG$6:$AG$1005,G$46)+COUNTIFS('Year 1'!$J$6:$J$1005,"Family told",'Year 1'!$AG$6:$AG$1005,G$46)+COUNTIFS('Year 1'!$J$6:$J$1005,"Enrolled",'Year 1'!$AG$6:$AG$1005,G$46)) -> 1 | H47: =(COUNTIFS('Year 1'!$J$6:$J$1005,"Decision confirmed",'Year 1'!$AG$6:$AG$1005,H$46)+COUNTIFS('Year 1'!$J$6:$J$1005,"Family told",'Year 1'!$AG$6:$AG$1005,H$46)+COUNTIFS('Year 1'!$J$6:$J$1005,"Enrolled",'Year 1'!$AG$6:$AG$1005,H$46)) -> 0 | I47: =IF(C47=0,"",(D47+E47+F47)/C47) -> 0.8 | J47: =COUNTIF('Year 1'!$J$6:$J$1005,"Assessed") -> 0 | K47: =COUNTIF('Year 1'!$J$6:$J$1005,"Decision confirmed") -> 1
B48: Year 2 | C48: =(COUNTIFS('Year 2'!$J$6:$J$1005,"Decision confirmed")+COUNTIFS('Year 2'!$J$6:$J$1005,"Family told")+COUNTIFS('Year 2'!$J$6:$J$1005,"Enrolled")) -> 4 | D48: =(COUNTIFS('Year 2'!$J$6:$J$1005,"Decision confirmed",'Year 2'!$AG$6:$AG$1005,D$46)+COUNTIFS('Year 2'!$J$6:$J$1005,"Family told",'Year 2'!$AG$6:$AG$1005,D$46)+COUNTIFS('Year 2'!$J$6:$J$1005,"Enrolled",'Year 2'!$AG$6:$AG$1005,D$46)) -> 1 | E48: =(COUNTIFS('Year 2'!$J$6:$J$1005,"Decision confirmed",'Year 2'!$AG$6:$AG$1005,E$46)+COUNTIFS('Year 2'!$J$6:$J$1005,"Family told",'Year 2'!$AG$6:$AG$1005,E$46)+COUNTIFS('Year 2'!$J$6:$J$1005,"Enrolled",'Year 2'!$AG$6:$AG$1005,E$46)) -> 3 | F48: =(COUNTIFS('Year 2'!$J$6:$J$1005,"Decision confirmed",'Year 2'!$AG$6:$AG$1005,F$46)+COUNTIFS('Year 2'!$J$6:$J$1005,"Family told",'Year 2'!$AG$6:$AG$1005,F$46)+COUNTIFS('Year 2'!$J$6:$J$1005,"Enrolled",'Year 2'!$AG$6:$AG$1005,F$46)) -> 0 | G48: =(COUNTIFS('Year 2'!$J$6:$J$1005,"Decision confirmed",'Year 2'!$AG$6:$AG$1005,G$46)+COUNTIFS('Year 2'!$J$6:$J$1005,"Family told",'Year 2'!$AG$6:$AG$1005,G$46)+COUNTIFS('Year 2'!$J$6:$J$1005,"Enrolled",'Year 2'!$AG$6:$AG$1005,G$46)) -> 0 | H48: =(COUNTIFS('Year 2'!$J$6:$J$1005,"Decision confirmed",'Year 2'!$AG$6:$AG$1005,H$46)+COUNTIFS('Year 2'!$J$6:$J$1005,"Family told",'Year 2'!$AG$6:$AG$1005,H$46)+COUNTIFS('Year 2'!$J$6:$J$1005,"Enrolled",'Year 2'!$AG$6:$AG$1005,H$46)) -> 0 | I48: =IF(C48=0,"",(D48+E48+F48)/C48) -> 1 | J48: =COUNTIF('Year 2'!$J$6:$J$1005,"Assessed") -> 1 | K48: =COUNTIF('Year 2'!$J$6:$J$1005,"Decision confirmed") -> 2
B49: Year 3 | C49: =(COUNTIFS('Year 3'!$J$6:$J$1005,"Decision confirmed")+COUNTIFS('Year 3'!$J$6:$J$1005,"Family told")+COUNTIFS('Year 3'!$J$6:$J$1005,"Enrolled")) -> 5 | D49: =(COUNTIFS('Year 3'!$J$6:$J$1005,"Decision confirmed",'Year 3'!$AG$6:$AG$1005,D$46)+COUNTIFS('Year 3'!$J$6:$J$1005,"Family told",'Year 3'!$AG$6:$AG$1005,D$46)+COUNTIFS('Year 3'!$J$6:$J$1005,"Enrolled",'Year 3'!$AG$6:$AG$1005,D$46)) -> 1 | E49: =(COUNTIFS('Year 3'!$J$6:$J$1005,"Decision confirmed",'Year 3'!$AG$6:$AG$1005,E$46)+COUNTIFS('Year 3'!$J$6:$J$1005,"Family told",'Year 3'!$AG$6:$AG$1005,E$46)+COUNTIFS('Year 3'!$J$6:$J$1005,"Enrolled",'Year 3'!$AG$6:$AG$1005,E$46)) -> 3 | F49: =(COUNTIFS('Year 3'!$J$6:$J$1005,"Decision confirmed",'Year 3'!$AG$6:$AG$1005,F$46)+COUNTIFS('Year 3'!$J$6:$J$1005,"Family told",'Year 3'!$AG$6:$AG$1005,F$46)+COUNTIFS('Year 3'!$J$6:$J$1005,"Enrolled",'Year 3'!$AG$6:$AG$1005,F$46)) -> 1 | G49: =(COUNTIFS('Year 3'!$J$6:$J$1005,"Decision confirmed",'Year 3'!$AG$6:$AG$1005,G$46)+COUNTIFS('Year 3'!$J$6:$J$1005,"Family told",'Year 3'!$AG$6:$AG$1005,G$46)+COUNTIFS('Year 3'!$J$6:$J$1005,"Enrolled",'Year 3'!$AG$6:$AG$1005,G$46)) -> 0 | H49: =(COUNTIFS('Year 3'!$J$6:$J$1005,"Decision confirmed",'Year 3'!$AG$6:$AG$1005,H$46)+COUNTIFS('Year 3'!$J$6:$J$1005,"Family told",'Year 3'!$AG$6:$AG$1005,H$46)+COUNTIFS('Year 3'!$J$6:$J$1005,"Enrolled",'Year 3'!$AG$6:$AG$1005,H$46)) -> 0 | I49: =IF(C49=0,"",(D49+E49+F49)/C49) -> 1 | J49: =COUNTIF('Year 3'!$J$6:$J$1005,"Assessed") -> 2 | K49: =COUNTIF('Year 3'!$J$6:$J$1005,"Decision confirmed") -> 0
B50: Year 4 | C50: =(COUNTIFS('Year 4'!$J$6:$J$1005,"Decision confirmed")+COUNTIFS('Year 4'!$J$6:$J$1005,"Family told")+COUNTIFS('Year 4'!$J$6:$J$1005,"Enrolled")) -> 4 | D50: =(COUNTIFS('Year 4'!$J$6:$J$1005,"Decision confirmed",'Year 4'!$AG$6:$AG$1005,D$46)+COUNTIFS('Year 4'!$J$6:$J$1005,"Family told",'Year 4'!$AG$6:$AG$1005,D$46)+COUNTIFS('Year 4'!$J$6:$J$1005,"Enrolled",'Year 4'!$AG$6:$AG$1005,D$46)) -> 0 | E50: =(COUNTIFS('Year 4'!$J$6:$J$1005,"Decision confirmed",'Year 4'!$AG$6:$AG$1005,E$46)+COUNTIFS('Year 4'!$J$6:$J$1005,"Family told",'Year 4'!$AG$6:$AG$1005,E$46)+COUNTIFS('Year 4'!$J$6:$J$1005,"Enrolled",'Year 4'!$AG$6:$AG$1005,E$46)) -> 4 | F50: =(COUNTIFS('Year 4'!$J$6:$J$1005,"Decision confirmed",'Year 4'!$AG$6:$AG$1005,F$46)+COUNTIFS('Year 4'!$J$6:$J$1005,"Family told",'Year 4'!$AG$6:$AG$1005,F$46)+COUNTIFS('Year 4'!$J$6:$J$1005,"Enrolled",'Year 4'!$AG$6:$AG$1005,F$46)) -> 0 | G50: =(COUNTIFS('Year 4'!$J$6:$J$1005,"Decision confirmed",'Year 4'!$AG$6:$AG$1005,G$46)+COUNTIFS('Year 4'!$J$6:$J$1005,"Family told",'Year 4'!$AG$6:$AG$1005,G$46)+COUNTIFS('Year 4'!$J$6:$J$1005,"Enrolled",'Year 4'!$AG$6:$AG$1005,G$46)) -> 0 | H50: =(COUNTIFS('Year 4'!$J$6:$J$1005,"Decision confirmed",'Year 4'!$AG$6:$AG$1005,H$46)+COUNTIFS('Year 4'!$J$6:$J$1005,"Family told",'Year 4'!$AG$6:$AG$1005,H$46)+COUNTIFS('Year 4'!$J$6:$J$1005,"Enrolled",'Year 4'!$AG$6:$AG$1005,H$46)) -> 0 | I50: =IF(C50=0,"",(D50+E50+F50)/C50) -> 1 | J50: =COUNTIF('Year 4'!$J$6:$J$1005,"Assessed") -> 2 | K50: =COUNTIF('Year 4'!$J$6:$J$1005,"Decision confirmed") -> 2
B51: Year 5 | C51: =(COUNTIFS('Year 5'!$J$6:$J$1005,"Decision confirmed")+COUNTIFS('Year 5'!$J$6:$J$1005,"Family told")+COUNTIFS('Year 5'!$J$6:$J$1005,"Enrolled")) -> 4 | D51: =(COUNTIFS('Year 5'!$J$6:$J$1005,"Decision confirmed",'Year 5'!$AG$6:$AG$1005,D$46)+COUNTIFS('Year 5'!$J$6:$J$1005,"Family told",'Year 5'!$AG$6:$AG$1005,D$46)+COUNTIFS('Year 5'!$J$6:$J$1005,"Enrolled",'Year 5'!$AG$6:$AG$1005,D$46)) -> 0 | E51: =(COUNTIFS('Year 5'!$J$6:$J$1005,"Decision confirmed",'Year 5'!$AG$6:$AG$1005,E$46)+COUNTIFS('Year 5'!$J$6:$J$1005,"Family told",'Year 5'!$AG$6:$AG$1005,E$46)+COUNTIFS('Year 5'!$J$6:$J$1005,"Enrolled",'Year 5'!$AG$6:$AG$1005,E$46)) -> 4 | F51: =(COUNTIFS('Year 5'!$J$6:$J$1005,"Decision confirmed",'Year 5'!$AG$6:$AG$1005,F$46)+COUNTIFS('Year 5'!$J$6:$J$1005,"Family told",'Year 5'!$AG$6:$AG$1005,F$46)+COUNTIFS('Year 5'!$J$6:$J$1005,"Enrolled",'Year 5'!$AG$6:$AG$1005,F$46)) -> 0 | G51: =(COUNTIFS('Year 5'!$J$6:$J$1005,"Decision confirmed",'Year 5'!$AG$6:$AG$1005,G$46)+COUNTIFS('Year 5'!$J$6:$J$1005,"Family told",'Year 5'!$AG$6:$AG$1005,G$46)+COUNTIFS('Year 5'!$J$6:$J$1005,"Enrolled",'Year 5'!$AG$6:$AG$1005,G$46)) -> 0 | H51: =(COUNTIFS('Year 5'!$J$6:$J$1005,"Decision confirmed",'Year 5'!$AG$6:$AG$1005,H$46)+COUNTIFS('Year 5'!$J$6:$J$1005,"Family told",'Year 5'!$AG$6:$AG$1005,H$46)+COUNTIFS('Year 5'!$J$6:$J$1005,"Enrolled",'Year 5'!$AG$6:$AG$1005,H$46)) -> 0 | I51: =IF(C51=0,"",(D51+E51+F51)/C51) -> 1 | J51: =COUNTIF('Year 5'!$J$6:$J$1005,"Assessed") -> 3 | K51: =COUNTIF('Year 5'!$J$6:$J$1005,"Decision confirmed") -> 0
B52: Year 6 | C52: =(COUNTIFS('Year 6'!$J$6:$J$1005,"Decision confirmed")+COUNTIFS('Year 6'!$J$6:$J$1005,"Family told")+COUNTIFS('Year 6'!$J$6:$J$1005,"Enrolled")) -> 6 | D52: =(COUNTIFS('Year 6'!$J$6:$J$1005,"Decision confirmed",'Year 6'!$AG$6:$AG$1005,D$46)+COUNTIFS('Year 6'!$J$6:$J$1005,"Family told",'Year 6'!$AG$6:$AG$1005,D$46)+COUNTIFS('Year 6'!$J$6:$J$1005,"Enrolled",'Year 6'!$AG$6:$AG$1005,D$46)) -> 1 | E52: =(COUNTIFS('Year 6'!$J$6:$J$1005,"Decision confirmed",'Year 6'!$AG$6:$AG$1005,E$46)+COUNTIFS('Year 6'!$J$6:$J$1005,"Family told",'Year 6'!$AG$6:$AG$1005,E$46)+COUNTIFS('Year 6'!$J$6:$J$1005,"Enrolled",'Year 6'!$AG$6:$AG$1005,E$46)) -> 2 | F52: =(COUNTIFS('Year 6'!$J$6:$J$1005,"Decision confirmed",'Year 6'!$AG$6:$AG$1005,F$46)+COUNTIFS('Year 6'!$J$6:$J$1005,"Family told",'Year 6'!$AG$6:$AG$1005,F$46)+COUNTIFS('Year 6'!$J$6:$J$1005,"Enrolled",'Year 6'!$AG$6:$AG$1005,F$46)) -> 1 | G52: =(COUNTIFS('Year 6'!$J$6:$J$1005,"Decision confirmed",'Year 6'!$AG$6:$AG$1005,G$46)+COUNTIFS('Year 6'!$J$6:$J$1005,"Family told",'Year 6'!$AG$6:$AG$1005,G$46)+COUNTIFS('Year 6'!$J$6:$J$1005,"Enrolled",'Year 6'!$AG$6:$AG$1005,G$46)) -> 2 | H52: =(COUNTIFS('Year 6'!$J$6:$J$1005,"Decision confirmed",'Year 6'!$AG$6:$AG$1005,H$46)+COUNTIFS('Year 6'!$J$6:$J$1005,"Family told",'Year 6'!$AG$6:$AG$1005,H$46)+COUNTIFS('Year 6'!$J$6:$J$1005,"Enrolled",'Year 6'!$AG$6:$AG$1005,H$46)) -> 0 | I52: =IF(C52=0,"",(D52+E52+F52)/C52) -> 0.66666667 | J52: =COUNTIF('Year 6'!$J$6:$J$1005,"Assessed") -> 1 | K52: =COUNTIF('Year 6'!$J$6:$J$1005,"Decision confirmed") -> 2
B53: Year 7 | C53: =(COUNTIFS('Year 7'!$J$6:$J$1005,"Decision confirmed")+COUNTIFS('Year 7'!$J$6:$J$1005,"Family told")+COUNTIFS('Year 7'!$J$6:$J$1005,"Enrolled")) -> 4 | D53: =(COUNTIFS('Year 7'!$J$6:$J$1005,"Decision confirmed",'Year 7'!$AG$6:$AG$1005,D$46)+COUNTIFS('Year 7'!$J$6:$J$1005,"Family told",'Year 7'!$AG$6:$AG$1005,D$46)+COUNTIFS('Year 7'!$J$6:$J$1005,"Enrolled",'Year 7'!$AG$6:$AG$1005,D$46)) -> 0 | E53: =(COUNTIFS('Year 7'!$J$6:$J$1005,"Decision confirmed",'Year 7'!$AG$6:$AG$1005,E$46)+COUNTIFS('Year 7'!$J$6:$J$1005,"Family told",'Year 7'!$AG$6:$AG$1005,E$46)+COUNTIFS('Year 7'!$J$6:$J$1005,"Enrolled",'Year 7'!$AG$6:$AG$1005,E$46)) -> 3 | F53: =(COUNTIFS('Year 7'!$J$6:$J$1005,"Decision confirmed",'Year 7'!$AG$6:$AG$1005,F$46)+COUNTIFS('Year 7'!$J$6:$J$1005,"Family told",'Year 7'!$AG$6:$AG$1005,F$46)+COUNTIFS('Year 7'!$J$6:$J$1005,"Enrolled",'Year 7'!$AG$6:$AG$1005,F$46)) -> 0 | G53: =(COUNTIFS('Year 7'!$J$6:$J$1005,"Decision confirmed",'Year 7'!$AG$6:$AG$1005,G$46)+COUNTIFS('Year 7'!$J$6:$J$1005,"Family told",'Year 7'!$AG$6:$AG$1005,G$46)+COUNTIFS('Year 7'!$J$6:$J$1005,"Enrolled",'Year 7'!$AG$6:$AG$1005,G$46)) -> 0 | H53: =(COUNTIFS('Year 7'!$J$6:$J$1005,"Decision confirmed",'Year 7'!$AG$6:$AG$1005,H$46)+COUNTIFS('Year 7'!$J$6:$J$1005,"Family told",'Year 7'!$AG$6:$AG$1005,H$46)+COUNTIFS('Year 7'!$J$6:$J$1005,"Enrolled",'Year 7'!$AG$6:$AG$1005,H$46)) -> 1 | I53: =IF(C53=0,"",(D53+E53+F53)/C53) -> 0.75 | J53: =COUNTIF('Year 7'!$J$6:$J$1005,"Assessed") -> 2 | K53: =COUNTIF('Year 7'!$J$6:$J$1005,"Decision confirmed") -> 1
B54: Year 8 | C54: =(COUNTIFS('Year 8'!$J$6:$J$1005,"Decision confirmed")+COUNTIFS('Year 8'!$J$6:$J$1005,"Family told")+COUNTIFS('Year 8'!$J$6:$J$1005,"Enrolled")) -> 6 | D54: =(COUNTIFS('Year 8'!$J$6:$J$1005,"Decision confirmed",'Year 8'!$AG$6:$AG$1005,D$46)+COUNTIFS('Year 8'!$J$6:$J$1005,"Family told",'Year 8'!$AG$6:$AG$1005,D$46)+COUNTIFS('Year 8'!$J$6:$J$1005,"Enrolled",'Year 8'!$AG$6:$AG$1005,D$46)) -> 0 | E54: =(COUNTIFS('Year 8'!$J$6:$J$1005,"Decision confirmed",'Year 8'!$AG$6:$AG$1005,E$46)+COUNTIFS('Year 8'!$J$6:$J$1005,"Family told",'Year 8'!$AG$6:$AG$1005,E$46)+COUNTIFS('Year 8'!$J$6:$J$1005,"Enrolled",'Year 8'!$AG$6:$AG$1005,E$46)) -> 5 | F54: =(COUNTIFS('Year 8'!$J$6:$J$1005,"Decision confirmed",'Year 8'!$AG$6:$AG$1005,F$46)+COUNTIFS('Year 8'!$J$6:$J$1005,"Family told",'Year 8'!$AG$6:$AG$1005,F$46)+COUNTIFS('Year 8'!$J$6:$J$1005,"Enrolled",'Year 8'!$AG$6:$AG$1005,F$46)) -> 0 | G54: =(COUNTIFS('Year 8'!$J$6:$J$1005,"Decision confirmed",'Year 8'!$AG$6:$AG$1005,G$46)+COUNTIFS('Year 8'!$J$6:$J$1005,"Family told",'Year 8'!$AG$6:$AG$1005,G$46)+COUNTIFS('Year 8'!$J$6:$J$1005,"Enrolled",'Year 8'!$AG$6:$AG$1005,G$46)) -> 0 | H54: =(COUNTIFS('Year 8'!$J$6:$J$1005,"Decision confirmed",'Year 8'!$AG$6:$AG$1005,H$46)+COUNTIFS('Year 8'!$J$6:$J$1005,"Family told",'Year 8'!$AG$6:$AG$1005,H$46)+COUNTIFS('Year 8'!$J$6:$J$1005,"Enrolled",'Year 8'!$AG$6:$AG$1005,H$46)) -> 1 | I54: =IF(C54=0,"",(D54+E54+F54)/C54) -> 0.83333333 | J54: =COUNTIF('Year 8'!$J$6:$J$1005,"Assessed") -> 0 | K54: =COUNTIF('Year 8'!$J$6:$J$1005,"Decision confirmed") -> 0
B55: Year 9 | C55: =(COUNTIFS('Year 9'!$J$6:$J$1005,"Decision confirmed")+COUNTIFS('Year 9'!$J$6:$J$1005,"Family told")+COUNTIFS('Year 9'!$J$6:$J$1005,"Enrolled")) -> 5 | D55: =(COUNTIFS('Year 9'!$J$6:$J$1005,"Decision confirmed",'Year 9'!$AG$6:$AG$1005,D$46)+COUNTIFS('Year 9'!$J$6:$J$1005,"Family told",'Year 9'!$AG$6:$AG$1005,D$46)+COUNTIFS('Year 9'!$J$6:$J$1005,"Enrolled",'Year 9'!$AG$6:$AG$1005,D$46)) -> 1 | E55: =(COUNTIFS('Year 9'!$J$6:$J$1005,"Decision confirmed",'Year 9'!$AG$6:$AG$1005,E$46)+COUNTIFS('Year 9'!$J$6:$J$1005,"Family told",'Year 9'!$AG$6:$AG$1005,E$46)+COUNTIFS('Year 9'!$J$6:$J$1005,"Enrolled",'Year 9'!$AG$6:$AG$1005,E$46)) -> 2 | F55: =(COUNTIFS('Year 9'!$J$6:$J$1005,"Decision confirmed",'Year 9'!$AG$6:$AG$1005,F$46)+COUNTIFS('Year 9'!$J$6:$J$1005,"Family told",'Year 9'!$AG$6:$AG$1005,F$46)+COUNTIFS('Year 9'!$J$6:$J$1005,"Enrolled",'Year 9'!$AG$6:$AG$1005,F$46)) -> 1 | G55: =(COUNTIFS('Year 9'!$J$6:$J$1005,"Decision confirmed",'Year 9'!$AG$6:$AG$1005,G$46)+COUNTIFS('Year 9'!$J$6:$J$1005,"Family told",'Year 9'!$AG$6:$AG$1005,G$46)+COUNTIFS('Year 9'!$J$6:$J$1005,"Enrolled",'Year 9'!$AG$6:$AG$1005,G$46)) -> 1 | H55: =(COUNTIFS('Year 9'!$J$6:$J$1005,"Decision confirmed",'Year 9'!$AG$6:$AG$1005,H$46)+COUNTIFS('Year 9'!$J$6:$J$1005,"Family told",'Year 9'!$AG$6:$AG$1005,H$46)+COUNTIFS('Year 9'!$J$6:$J$1005,"Enrolled",'Year 9'!$AG$6:$AG$1005,H$46)) -> 0 | I55: =IF(C55=0,"",(D55+E55+F55)/C55) -> 0.8 | J55: =COUNTIF('Year 9'!$J$6:$J$1005,"Assessed") -> 1 | K55: =COUNTIF('Year 9'!$J$6:$J$1005,"Decision confirmed") -> 1
B56: Year 10 | C56: =(COUNTIFS('Year 10'!$J$6:$J$1005,"Decision confirmed")+COUNTIFS('Year 10'!$J$6:$J$1005,"Family told")+COUNTIFS('Year 10'!$J$6:$J$1005,"Enrolled")) -> 2 | D56: =(COUNTIFS('Year 10'!$J$6:$J$1005,"Decision confirmed",'Year 10'!$AG$6:$AG$1005,D$46)+COUNTIFS('Year 10'!$J$6:$J$1005,"Family told",'Year 10'!$AG$6:$AG$1005,D$46)+COUNTIFS('Year 10'!$J$6:$J$1005,"Enrolled",'Year 10'!$AG$6:$AG$1005,D$46)) -> 0 | E56: =(COUNTIFS('Year 10'!$J$6:$J$1005,"Decision confirmed",'Year 10'!$AG$6:$AG$1005,E$46)+COUNTIFS('Year 10'!$J$6:$J$1005,"Family told",'Year 10'!$AG$6:$AG$1005,E$46)+COUNTIFS('Year 10'!$J$6:$J$1005,"Enrolled",'Year 10'!$AG$6:$AG$1005,E$46)) -> 1 | F56: =(COUNTIFS('Year 10'!$J$6:$J$1005,"Decision confirmed",'Year 10'!$AG$6:$AG$1005,F$46)+COUNTIFS('Year 10'!$J$6:$J$1005,"Family told",'Year 10'!$AG$6:$AG$1005,F$46)+COUNTIFS('Year 10'!$J$6:$J$1005,"Enrolled",'Year 10'!$AG$6:$AG$1005,F$46)) -> 0 | G56: =(COUNTIFS('Year 10'!$J$6:$J$1005,"Decision confirmed",'Year 10'!$AG$6:$AG$1005,G$46)+COUNTIFS('Year 10'!$J$6:$J$1005,"Family told",'Year 10'!$AG$6:$AG$1005,G$46)+COUNTIFS('Year 10'!$J$6:$J$1005,"Enrolled",'Year 10'!$AG$6:$AG$1005,G$46)) -> 1 | H56: =(COUNTIFS('Year 10'!$J$6:$J$1005,"Decision confirmed",'Year 10'!$AG$6:$AG$1005,H$46)+COUNTIFS('Year 10'!$J$6:$J$1005,"Family told",'Year 10'!$AG$6:$AG$1005,H$46)+COUNTIFS('Year 10'!$J$6:$J$1005,"Enrolled",'Year 10'!$AG$6:$AG$1005,H$46)) -> 0 | I56: =IF(C56=0,"",(D56+E56+F56)/C56) -> 0.5 | J56: =COUNTIF('Year 10'!$J$6:$J$1005,"Assessed") -> 3 | K56: =COUNTIF('Year 10'!$J$6:$J$1005,"Decision confirmed") -> 1
B57: All years | C57: =SUM(C47:C56) -> 45 | D57: =SUM(D47:D56) -> 4 | E57: =SUM(E47:E56) -> 31 | F57: =SUM(F47:F56) -> 3 | G57: =SUM(G47:G56) -> 5 | H57: =SUM(H47:H56) -> 2 | I57: =IF(C57=0,"",(D57+E57+F57)/C57) -> 0.84444444 | J57: =SUM(J47:J56) -> 15 | K57: =SUM(K47:K56) -> 10
B60: 4. Maths band
B61: 1 Well below expected, 2 Working towards, 3 Expected, 4 Greater depth (Years 7 to 10: boundaries are lower, the papers are harder). 'English barrier' counts the Yes answers.
B62: Year group | C62: 1 | D62: 2 | E62: 3 | F62: 4 | G62: Banded | H62: 3 or 4 (share) | I62: English barrier: Yes
B63: Year 1 | C63: =COUNTIF('Year 1'!$X$6:$X$1005,C$62) -> 1 | D63: =COUNTIF('Year 1'!$X$6:$X$1005,D$62) -> 2 | E63: =COUNTIF('Year 1'!$X$6:$X$1005,E$62) -> 2 | F63: =COUNTIF('Year 1'!$X$6:$X$1005,F$62) -> 0 | G63: =SUM(C63:F63) -> 5 | H63: =IF(G63=0,"",(E63+F63)/G63) -> 0.4 | I63: =COUNTIF('Year 1'!$Z$6:$Z$1005,"Yes") -> 0
B64: Year 2 | C64: =COUNTIF('Year 2'!$X$6:$X$1005,C$62) -> 0 | D64: =COUNTIF('Year 2'!$X$6:$X$1005,D$62) -> 2 | E64: =COUNTIF('Year 2'!$X$6:$X$1005,E$62) -> 3 | F64: =COUNTIF('Year 2'!$X$6:$X$1005,F$62) -> 0 | G64: =SUM(C64:F64) -> 5 | H64: =IF(G64=0,"",(E64+F64)/G64) -> 0.6 | I64: =COUNTIF('Year 2'!$Z$6:$Z$1005,"Yes") -> 0
B65: Year 3 | C65: =COUNTIF('Year 3'!$X$6:$X$1005,C$62) -> 1 | D65: =COUNTIF('Year 3'!$X$6:$X$1005,D$62) -> 3 | E65: =COUNTIF('Year 3'!$X$6:$X$1005,E$62) -> 1 | F65: =COUNTIF('Year 3'!$X$6:$X$1005,F$62) -> 2 | G65: =SUM(C65:F65) -> 7 | H65: =IF(G65=0,"",(E65+F65)/G65) -> 0.42857143 | I65: =COUNTIF('Year 3'!$Z$6:$Z$1005,"Yes") -> 0
B66: Year 4 | C66: =COUNTIF('Year 4'!$X$6:$X$1005,C$62) -> 0 | D66: =COUNTIF('Year 4'!$X$6:$X$1005,D$62) -> 4 | E66: =COUNTIF('Year 4'!$X$6:$X$1005,E$62) -> 2 | F66: =COUNTIF('Year 4'!$X$6:$X$1005,F$62) -> 0 | G66: =SUM(C66:F66) -> 6 | H66: =IF(G66=0,"",(E66+F66)/G66) -> 0.33333333 | I66: =COUNTIF('Year 4'!$Z$6:$Z$1005,"Yes") -> 0
B67: Year 5 | C67: =COUNTIF('Year 5'!$X$6:$X$1005,C$62) -> 0 | D67: =COUNTIF('Year 5'!$X$6:$X$1005,D$62) -> 3 | E67: =COUNTIF('Year 5'!$X$6:$X$1005,E$62) -> 4 | F67: =COUNTIF('Year 5'!$X$6:$X$1005,F$62) -> 0 | G67: =SUM(C67:F67) -> 7 | H67: =IF(G67=0,"",(E67+F67)/G67) -> 0.57142857 | I67: =COUNTIF('Year 5'!$Z$6:$Z$1005,"Yes") -> 1
B68: Year 6 | C68: =COUNTIF('Year 6'!$X$6:$X$1005,C$62) -> 2 | D68: =COUNTIF('Year 6'!$X$6:$X$1005,D$62) -> 3 | E68: =COUNTIF('Year 6'!$X$6:$X$1005,E$62) -> 1 | F68: =COUNTIF('Year 6'!$X$6:$X$1005,F$62) -> 1 | G68: =SUM(C68:F68) -> 7 | H68: =IF(G68=0,"",(E68+F68)/G68) -> 0.28571429 | I68: =COUNTIF('Year 6'!$Z$6:$Z$1005,"Yes") -> 0
B69: Year 7 | C69: =COUNTIF('Year 7'!$X$6:$X$1005,C$62) -> 1 | D69: =COUNTIF('Year 7'!$X$6:$X$1005,D$62) -> 3 | E69: =COUNTIF('Year 7'!$X$6:$X$1005,E$62) -> 1 | F69: =COUNTIF('Year 7'!$X$6:$X$1005,F$62) -> 1 | G69: =SUM(C69:F69) -> 6 | H69: =IF(G69=0,"",(E69+F69)/G69) -> 0.33333333 | I69: =COUNTIF('Year 7'!$Z$6:$Z$1005,"Yes") -> 0
B70: Year 8 | C70: =COUNTIF('Year 8'!$X$6:$X$1005,C$62) -> 1 | D70: =COUNTIF('Year 8'!$X$6:$X$1005,D$62) -> 2 | E70: =COUNTIF('Year 8'!$X$6:$X$1005,E$62) -> 3 | F70: =COUNTIF('Year 8'!$X$6:$X$1005,F$62) -> 0 | G70: =SUM(C70:F70) -> 6 | H70: =IF(G70=0,"",(E70+F70)/G70) -> 0.5 | I70: =COUNTIF('Year 8'!$Z$6:$Z$1005,"Yes") -> 1
B71: Year 9 | C71: =COUNTIF('Year 9'!$X$6:$X$1005,C$62) -> 0 | D71: =COUNTIF('Year 9'!$X$6:$X$1005,D$62) -> 3 | E71: =COUNTIF('Year 9'!$X$6:$X$1005,E$62) -> 1 | F71: =COUNTIF('Year 9'!$X$6:$X$1005,F$62) -> 2 | G71: =SUM(C71:F71) -> 6 | H71: =IF(G71=0,"",(E71+F71)/G71) -> 0.5 | I71: =COUNTIF('Year 9'!$Z$6:$Z$1005,"Yes") -> 0
B72: Year 10 | C72: =COUNTIF('Year 10'!$X$6:$X$1005,C$62) -> 0 | D72: =COUNTIF('Year 10'!$X$6:$X$1005,D$62) -> 2 | E72: =COUNTIF('Year 10'!$X$6:$X$1005,E$62) -> 3 | F72: =COUNTIF('Year 10'!$X$6:$X$1005,F$62) -> 0 | G72: =SUM(C72:F72) -> 5 | H72: =IF(G72=0,"",(E72+F72)/G72) -> 0.6 | I72: =COUNTIF('Year 10'!$Z$6:$Z$1005,"Yes") -> 1
B73: All years | C73: =SUM(C63:C72) -> 6 | D73: =SUM(D63:D72) -> 27 | E73: =SUM(E63:E72) -> 21 | F73: =SUM(F63:F72) -> 6 | G73: =SUM(G63:G72) -> 60 | H73: =IF(G73=0,"",(E73+F73)/G73) -> 0.45 | I73: =SUM(I63:I72) -> 3
B76: 5. Science band (Years 5 to 10)
B78: Year group | C78: 1 | D78: 2 | E78: 3 | F78: 4 | G78: Banded | H78: 3 or 4 (share)
B79: Year 5 | C79: =COUNTIF('Year 5'!$AB$6:$AB$1005,C$78) -> 1 | D79: =COUNTIF('Year 5'!$AB$6:$AB$1005,D$78) -> 3 | E79: =COUNTIF('Year 5'!$AB$6:$AB$1005,E$78) -> 3 | F79: =COUNTIF('Year 5'!$AB$6:$AB$1005,F$78) -> 0 | G79: =SUM(C79:F79) -> 7 | H79: =IF(G79=0,"",(E79+F79)/G79) -> 0.42857143
B80: Year 6 | C80: =COUNTIF('Year 6'!$AB$6:$AB$1005,C$78) -> 1 | D80: =COUNTIF('Year 6'!$AB$6:$AB$1005,D$78) -> 3 | E80: =COUNTIF('Year 6'!$AB$6:$AB$1005,E$78) -> 2 | F80: =COUNTIF('Year 6'!$AB$6:$AB$1005,F$78) -> 1 | G80: =SUM(C80:F80) -> 7 | H80: =IF(G80=0,"",(E80+F80)/G80) -> 0.42857143
B81: Year 7 | C81: =COUNTIF('Year 7'!$AB$6:$AB$1005,C$78) -> 1 | D81: =COUNTIF('Year 7'!$AB$6:$AB$1005,D$78) -> 2 | E81: =COUNTIF('Year 7'!$AB$6:$AB$1005,E$78) -> 2 | F81: =COUNTIF('Year 7'!$AB$6:$AB$1005,F$78) -> 1 | G81: =SUM(C81:F81) -> 6 | H81: =IF(G81=0,"",(E81+F81)/G81) -> 0.5
B82: Year 8 | C82: =COUNTIF('Year 8'!$AB$6:$AB$1005,C$78) -> 1 | D82: =COUNTIF('Year 8'!$AB$6:$AB$1005,D$78) -> 3 | E82: =COUNTIF('Year 8'!$AB$6:$AB$1005,E$78) -> 2 | F82: =COUNTIF('Year 8'!$AB$6:$AB$1005,F$78) -> 0 | G82: =SUM(C82:F82) -> 6 | H82: =IF(G82=0,"",(E82+F82)/G82) -> 0.33333333
B83: Year 9 | C83: =COUNTIF('Year 9'!$AB$6:$AB$1005,C$78) -> 1 | D83: =COUNTIF('Year 9'!$AB$6:$AB$1005,D$78) -> 2 | E83: =COUNTIF('Year 9'!$AB$6:$AB$1005,E$78) -> 2 | F83: =COUNTIF('Year 9'!$AB$6:$AB$1005,F$78) -> 1 | G83: =SUM(C83:F83) -> 6 | H83: =IF(G83=0,"",(E83+F83)/G83) -> 0.5
B84: Year 10 | C84: =COUNTIF('Year 10'!$AB$6:$AB$1005,C$78) -> 0 | D84: =COUNTIF('Year 10'!$AB$6:$AB$1005,D$78) -> 4 | E84: =COUNTIF('Year 10'!$AB$6:$AB$1005,E$78) -> 1 | F84: =COUNTIF('Year 10'!$AB$6:$AB$1005,F$78) -> 0 | G84: =SUM(C84:F84) -> 5 | H84: =IF(G84=0,"",(E84+F84)/G84) -> 0.2
B85: All years | C85: =SUM(C79:C84) -> 5 | D85: =SUM(D79:D84) -> 17 | E85: =SUM(E79:E84) -> 12 | F85: =SUM(F79:F84) -> 3 | G85: =SUM(G79:G84) -> 37 | H85: =IF(G85=0,"",(E85+F85)/G85) -> 0.40540541
B88: 6. Sentence reading and reading age
B89: Reading age = 5:00 plus 2 months for each point (Sentence Reading Guide, Section 6). The gap is reading age minus actual age at assessment. Indicative only; in Years 1 and 2 use as supporting evidence.
B90: Year group | C90: Students with a score | D90: Average points (of 72) | E90: Average gap (months) | F90: 12 or more months below age | G90: 1 to 11 months below age | H90: At or above age
B91: Year 1 | C91: =COUNT('Year 1'!$Q$6:$Q$1005) -> 5 | D91: =IFERROR(AVERAGE('Year 1'!$Q$6:$Q$1005),"") -> 6.8 | E91: =IFERROR(AVERAGE('Year 1'!$AN$6:$AN$1005),"") -> 5.8 | F91: =COUNTIF('Year 1'!$AN$6:$AN$1005,"<=-12") -> 0 | G91: =COUNTIFS('Year 1'!$AN$6:$AN$1005,"<0",'Year 1'!$AN$6:$AN$1005,">-12") -> 2 | H91: =COUNTIF('Year 1'!$AN$6:$AN$1005,">=0") -> 3
B92: Year 2 | C92: =COUNT('Year 2'!$Q$6:$Q$1005) -> 5 | D92: =IFERROR(AVERAGE('Year 2'!$Q$6:$Q$1005),"") -> 13.8 | E92: =IFERROR(AVERAGE('Year 2'!$AN$6:$AN$1005),"") -> 10.8 | F92: =COUNTIF('Year 2'!$AN$6:$AN$1005,"<=-12") -> 1 | G92: =COUNTIFS('Year 2'!$AN$6:$AN$1005,"<0",'Year 2'!$AN$6:$AN$1005,">-12") -> 1 | H92: =COUNTIF('Year 2'!$AN$6:$AN$1005,">=0") -> 3
B93: Year 3 | C93: =COUNT('Year 3'!$Q$6:$Q$1005) -> 7 | D93: =IFERROR(AVERAGE('Year 3'!$Q$6:$Q$1005),"") -> 12 | E93: =IFERROR(AVERAGE('Year 3'!$AN$6:$AN$1005),"") -> -8.4285714 | F93: =COUNTIF('Year 3'!$AN$6:$AN$1005,"<=-12") -> 4 | G93: =COUNTIFS('Year 3'!$AN$6:$AN$1005,"<0",'Year 3'!$AN$6:$AN$1005,">-12") -> 1 | H93: =COUNTIF('Year 3'!$AN$6:$AN$1005,">=0") -> 2
B94: Year 4 | C94: =COUNT('Year 4'!$Q$6:$Q$1005) -> 6 | D94: =IFERROR(AVERAGE('Year 4'!$Q$6:$Q$1005),"") -> 16.166667 | E94: =IFERROR(AVERAGE('Year 4'!$AN$6:$AN$1005),"") -> -11.5 | F94: =COUNTIF('Year 4'!$AN$6:$AN$1005,"<=-12") -> 4 | G94: =COUNTIFS('Year 4'!$AN$6:$AN$1005,"<0",'Year 4'!$AN$6:$AN$1005,">-12") -> 1 | H94: =COUNTIF('Year 4'!$AN$6:$AN$1005,">=0") -> 1
B95: Year 5 | C95: =COUNT('Year 5'!$Q$6:$Q$1005) -> 7 | D95: =IFERROR(AVERAGE('Year 5'!$Q$6:$Q$1005),"") -> 16.714286 | E95: =IFERROR(AVERAGE('Year 5'!$AN$6:$AN$1005),"") -> -22.571429 | F95: =COUNTIF('Year 5'!$AN$6:$AN$1005,"<=-12") -> 5 | G95: =COUNTIFS('Year 5'!$AN$6:$AN$1005,"<0",'Year 5'!$AN$6:$AN$1005,">-12") -> 1 | H95: =COUNTIF('Year 5'!$AN$6:$AN$1005,">=0") -> 1
B96: Year 6 | C96: =COUNT('Year 6'!$Q$6:$Q$1005) -> 7 | D96: =IFERROR(AVERAGE('Year 6'!$Q$6:$Q$1005),"") -> 29.571429 | E96: =IFERROR(AVERAGE('Year 6'!$AN$6:$AN$1005),"") -> -5.5714286 | F96: =COUNTIF('Year 6'!$AN$6:$AN$1005,"<=-12") -> 3 | G96: =COUNTIFS('Year 6'!$AN$6:$AN$1005,"<0",'Year 6'!$AN$6:$AN$1005,">-12") -> 3 | H96: =COUNTIF('Year 6'!$AN$6:$AN$1005,">=0") -> 1
B97: Year 7 | C97: =COUNT('Year 7'!$Q$6:$Q$1005) -> 6 | D97: =IFERROR(AVERAGE('Year 7'!$Q$6:$Q$1005),"") -> 35.5 | E97: =IFERROR(AVERAGE('Year 7'!$AN$6:$AN$1005),"") -> -7.6666667 | F97: =COUNTIF('Year 7'!$AN$6:$AN$1005,"<=-12") -> 2 | G97: =COUNTIFS('Year 7'!$AN$6:$AN$1005,"<0",'Year 7'!$AN$6:$AN$1005,">-12") -> 1 | H97: =COUNTIF('Year 7'!$AN$6:$AN$1005,">=0") -> 3
B98: Year 8 | C98: =COUNT('Year 8'!$Q$6:$Q$1005) -> 6 | D98: =IFERROR(AVERAGE('Year 8'!$Q$6:$Q$1005),"") -> 39.833333 | E98: =IFERROR(AVERAGE('Year 8'!$AN$6:$AN$1005),"") -> -10.333333 | F98: =COUNTIF('Year 8'!$AN$6:$AN$1005,"<=-12") -> 2 | G98: =COUNTIFS('Year 8'!$AN$6:$AN$1005,"<0",'Year 8'!$AN$6:$AN$1005,">-12") -> 1 | H98: =COUNTIF('Year 8'!$AN$6:$AN$1005,">=0") -> 3
B99: Year 9 | C99: =COUNT('Year 9'!$Q$6:$Q$1005) -> 6 | D99: =IFERROR(AVERAGE('Year 9'!$Q$6:$Q$1005),"") -> 53.166667 | E99: =IFERROR(AVERAGE('Year 9'!$AN$6:$AN$1005),"") -> 2 | F99: =COUNTIF('Year 9'!$AN$6:$AN$1005,"<=-12") -> 2 | G99: =COUNTIFS('Year 9'!$AN$6:$AN$1005,"<0",'Year 9'!$AN$6:$AN$1005,">-12") -> 2 | H99: =COUNTIF('Year 9'!$AN$6:$AN$1005,">=0") -> 2
B100: Year 10 | C100: =COUNT('Year 10'!$Q$6:$Q$1005) -> 5 | D100: =IFERROR(AVERAGE('Year 10'!$Q$6:$Q$1005),"") -> 55.4 | E100: =IFERROR(AVERAGE('Year 10'!$AN$6:$AN$1005),"") -> -3.2 | F100: =COUNTIF('Year 10'!$AN$6:$AN$1005,"<=-12") -> 1 | G100: =COUNTIFS('Year 10'!$AN$6:$AN$1005,"<0",'Year 10'!$AN$6:$AN$1005,">-12") -> 2 | H100: =COUNTIF('Year 10'!$AN$6:$AN$1005,">=0") -> 2
B101: All years | C101: =SUM(C91:C100) -> 60 | D101: =IFERROR(AVERAGE('Year 1'!$Q$6:$Q$1005,'Year 2'!$Q$6:$Q$1005,'Year 3'!$Q$6:$Q$1005,'Year 4'!$Q$6:$Q$1005,'Year 5'!$Q$6:$Q$1005,'Year 6'!$Q$6:$Q$1005,'Year 7'!$Q$6:$Q$1005,'Year 8'!$Q$6:$Q$1005,'Year 9'!$Q$6:$Q$1005,'Year 10'!$Q$6:$Q$1005),"") -> 27.6 | E101: =IFERROR(AVERAGE('Year 1'!$AN$6:$AN$1005,'Year 2'!$AN$6:$AN$1005,'Year 3'!$AN$6:$AN$1005,'Year 4'!$AN$6:$AN$1005,'Year 5'!$AN$6:$AN$1005,'Year 6'!$AN$6:$AN$1005,'Year 7'!$AN$6:$AN$1005,'Year 8'!$AN$6:$AN$1005,'Year 9'!$AN$6:$AN$1005,'Year 10'!$AN$6:$AN$1005),"") -> -5.9 | F101: =SUM(F91:F100) -> 24 | G101: =SUM(G91:G100) -> 15 | H101: =SUM(H91:H100) -> 21
B104: 7. Support recommended and follow-ups
B105: Support level is counted from the Support column. Follow-ups are counts only: details stay in the secure candidate file.
B106: Year group | C106: Intensive (new to English) | D106: Timetabled support lessons | E106: In-class support and monitoring | F106: None needed | G106: Learning needs follow-up | H106: Wellbeing follow-up | I106: Safeguarding referral made | J106: Suitability rated 1 (concern) | K106: Boarding applicants
B107: Year 1 | C107: =COUNTIF('Year 1'!$AH$6:$AH$1005,C$106) -> 1 | D107: =COUNTIF('Year 1'!$AH$6:$AH$1005,D$106) -> 1 | E107: =COUNTIF('Year 1'!$AH$6:$AH$1005,E$106) -> 2 | F107: =COUNTIF('Year 1'!$AH$6:$AH$1005,F$106) -> 0 | G107: =COUNTIF('Year 1'!$AD$6:$AD$1005,"Y") -> 1 | H107: =COUNTIF('Year 1'!$AE$6:$AE$1005,"Y") -> 0 | I107: =COUNTIF('Year 1'!$AF$6:$AF$1005,"Y") -> 0 | J107: =COUNTIF('Year 1'!$AC$6:$AC$1005,1) -> 1 | K107: =COUNTIF('Year 1'!$E$6:$E$1005,"Y") -> 1
B108: Year 2 | C108: =COUNTIF('Year 2'!$AH$6:$AH$1005,C$106) -> 1 | D108: =COUNTIF('Year 2'!$AH$6:$AH$1005,D$106) -> 0 | E108: =COUNTIF('Year 2'!$AH$6:$AH$1005,E$106) -> 2 | F108: =COUNTIF('Year 2'!$AH$6:$AH$1005,F$106) -> 1 | G108: =COUNTIF('Year 2'!$AD$6:$AD$1005,"Y") -> 1 | H108: =COUNTIF('Year 2'!$AE$6:$AE$1005,"Y") -> 1 | I108: =COUNTIF('Year 2'!$AF$6:$AF$1005,"Y") -> 0 | J108: =COUNTIF('Year 2'!$AC$6:$AC$1005,1) -> 0 | K108: =COUNTIF('Year 2'!$E$6:$E$1005,"Y") -> 2
B109: Year 3 | C109: =COUNTIF('Year 3'!$AH$6:$AH$1005,C$106) -> 1 | D109: =COUNTIF('Year 3'!$AH$6:$AH$1005,D$106) -> 2 | E109: =COUNTIF('Year 3'!$AH$6:$AH$1005,E$106) -> 1 | F109: =COUNTIF('Year 3'!$AH$6:$AH$1005,F$106) -> 1 | G109: =COUNTIF('Year 3'!$AD$6:$AD$1005,"Y") -> 1 | H109: =COUNTIF('Year 3'!$AE$6:$AE$1005,"Y") -> 1 | I109: =COUNTIF('Year 3'!$AF$6:$AF$1005,"Y") -> 0 | J109: =COUNTIF('Year 3'!$AC$6:$AC$1005,1) -> 0 | K109: =COUNTIF('Year 3'!$E$6:$E$1005,"Y") -> 6
B110: Year 4 | C110: =COUNTIF('Year 4'!$AH$6:$AH$1005,C$106) -> 0 | D110: =COUNTIF('Year 4'!$AH$6:$AH$1005,D$106) -> 3 | E110: =COUNTIF('Year 4'!$AH$6:$AH$1005,E$106) -> 1 | F110: =COUNTIF('Year 4'!$AH$6:$AH$1005,F$106) -> 0 | G110: =COUNTIF('Year 4'!$AD$6:$AD$1005,"Y") -> 1 | H110: =COUNTIF('Year 4'!$AE$6:$AE$1005,"Y") -> 1 | I110: =COUNTIF('Year 4'!$AF$6:$AF$1005,"Y") -> 0 | J110: =COUNTIF('Year 4'!$AC$6:$AC$1005,1) -> 0 | K110: =COUNTIF('Year 4'!$E$6:$E$1005,"Y") -> 2
B111: Year 5 | C111: =COUNTIF('Year 5'!$AH$6:$AH$1005,C$106) -> 0 | D111: =COUNTIF('Year 5'!$AH$6:$AH$1005,D$106) -> 3 | E111: =COUNTIF('Year 5'!$AH$6:$AH$1005,E$106) -> 1 | F111: =COUNTIF('Year 5'!$AH$6:$AH$1005,F$106) -> 0 | G111: =COUNTIF('Year 5'!$AD$6:$AD$1005,"Y") -> 0 | H111: =COUNTIF('Year 5'!$AE$6:$AE$1005,"Y") -> 1 | I111: =COUNTIF('Year 5'!$AF$6:$AF$1005,"Y") -> 0 | J111: =COUNTIF('Year 5'!$AC$6:$AC$1005,1) -> 0 | K111: =COUNTIF('Year 5'!$E$6:$E$1005,"Y") -> 0
B112: Year 6 | C112: =COUNTIF('Year 6'!$AH$6:$AH$1005,C$106) -> 0 | D112: =COUNTIF('Year 6'!$AH$6:$AH$1005,D$106) -> 2 | E112: =COUNTIF('Year 6'!$AH$6:$AH$1005,E$106) -> 1 | F112: =COUNTIF('Year 6'!$AH$6:$AH$1005,F$106) -> 1 | G112: =COUNTIF('Year 6'!$AD$6:$AD$1005,"Y") -> 1 | H112: =COUNTIF('Year 6'!$AE$6:$AE$1005,"Y") -> 3 | I112: =COUNTIF('Year 6'!$AF$6:$AF$1005,"Y") -> 1 | J112: =COUNTIF('Year 6'!$AC$6:$AC$1005,1) -> 1 | K112: =COUNTIF('Year 6'!$E$6:$E$1005,"Y") -> 3
B113: Year 7 | C113: =COUNTIF('Year 7'!$AH$6:$AH$1005,C$106) -> 0 | D113: =COUNTIF('Year 7'!$AH$6:$AH$1005,D$106) -> 2 | E113: =COUNTIF('Year 7'!$AH$6:$AH$1005,E$106) -> 1 | F113: =COUNTIF('Year 7'!$AH$6:$AH$1005,F$106) -> 0 | G113: =COUNTIF('Year 7'!$AD$6:$AD$1005,"Y") -> 0 | H113: =COUNTIF('Year 7'!$AE$6:$AE$1005,"Y") -> 0 | I113: =COUNTIF('Year 7'!$AF$6:$AF$1005,"Y") -> 0 | J113: =COUNTIF('Year 7'!$AC$6:$AC$1005,1) -> 1 | K113: =COUNTIF('Year 7'!$E$6:$E$1005,"Y") -> 3
B114: Year 8 | C114: =COUNTIF('Year 8'!$AH$6:$AH$1005,C$106) -> 0 | D114: =COUNTIF('Year 8'!$AH$6:$AH$1005,D$106) -> 2 | E114: =COUNTIF('Year 8'!$AH$6:$AH$1005,E$106) -> 3 | F114: =COUNTIF('Year 8'!$AH$6:$AH$1005,F$106) -> 0 | G114: =COUNTIF('Year 8'!$AD$6:$AD$1005,"Y") -> 2 | H114: =COUNTIF('Year 8'!$AE$6:$AE$1005,"Y") -> 0 | I114: =COUNTIF('Year 8'!$AF$6:$AF$1005,"Y") -> 0 | J114: =COUNTIF('Year 8'!$AC$6:$AC$1005,1) -> 0 | K114: =COUNTIF('Year 8'!$E$6:$E$1005,"Y") -> 3
B115: Year 9 | C115: =COUNTIF('Year 9'!$AH$6:$AH$1005,C$106) -> 0 | D115: =COUNTIF('Year 9'!$AH$6:$AH$1005,D$106) -> 2 | E115: =COUNTIF('Year 9'!$AH$6:$AH$1005,E$106) -> 1 | F115: =COUNTIF('Year 9'!$AH$6:$AH$1005,F$106) -> 1 | G115: =COUNTIF('Year 9'!$AD$6:$AD$1005,"Y") -> 0 | H115: =COUNTIF('Year 9'!$AE$6:$AE$1005,"Y") -> 1 | I115: =COUNTIF('Year 9'!$AF$6:$AF$1005,"Y") -> 0 | J115: =COUNTIF('Year 9'!$AC$6:$AC$1005,1) -> 1 | K115: =COUNTIF('Year 9'!$E$6:$E$1005,"Y") -> 3
...

Sheet Levels_Detail
B1: Levels in detail, Years 1 to 10
B2: Each English skill by year group, and average scores. Counted from the Year sheets; do not type on this sheet.
B3: DEMO COPY: every candidate, number and score here is fictional, to show how the dashboard reads.
B5: Share of candidates banded D or E, by skill
B6: Year group | C6: Listening | D6: Speaking | E6: Reading | F6: Reading aloud (indicative) | G6: Writing | H6: Overall English
B7: Year 1 | C7: =IFERROR((COUNTIF('Year 1'!$L$6:$L$1005,"D")+COUNTIF('Year 1'!$L$6:$L$1005,"E"))/COUNTA('Year 1'!$L$6:$L$1005),"") -> 0 | D7: =IFERROR((COUNTIF('Year 1'!$M$6:$M$1005,"D")+COUNTIF('Year 1'!$M$6:$M$1005,"E"))/COUNTA('Year 1'!$M$6:$M$1005),"") -> 0.2 | E7: =IFERROR((COUNTIF('Year 1'!$P$6:$P$1005,"D")+COUNTIF('Year 1'!$P$6:$P$1005,"E"))/COUNTA('Year 1'!$P$6:$P$1005),"") -> 0 | F7: =IFERROR((COUNTIF('Year 1'!$S$6:$S$1005,"D")+COUNTIF('Year 1'!$S$6:$S$1005,"E"))/COUNTA('Year 1'!$S$6:$S$1005),"") -> 1 | G7: =IFERROR((COUNTIF('Year 1'!$U$6:$U$1005,"D")+COUNTIF('Year 1'!$U$6:$U$1005,"E"))/COUNTA('Year 1'!$U$6:$U$1005),"") -> 0 | H7: =IFERROR((COUNTIF('Year 1'!$V$6:$V$1005,"D")+COUNTIF('Year 1'!$V$6:$V$1005,"E"))/COUNTA('Year 1'!$V$6:$V$1005),"") -> 0
B8: Year 2 | C8: =IFERROR((COUNTIF('Year 2'!$L$6:$L$1005,"D")+COUNTIF('Year 2'!$L$6:$L$1005,"E"))/COUNTA('Year 2'!$L$6:$L$1005),"") -> 0.6 | D8: =IFERROR((COUNTIF('Year 2'!$M$6:$M$1005,"D")+COUNTIF('Year 2'!$M$6:$M$1005,"E"))/COUNTA('Year 2'!$M$6:$M$1005),"") -> 0.4 | E8: =IFERROR((COUNTIF('Year 2'!$P$6:$P$1005,"D")+COUNTIF('Year 2'!$P$6:$P$1005,"E"))/COUNTA('Year 2'!$P$6:$P$1005),"") -> 0.2 | F8: =IFERROR((COUNTIF('Year 2'!$S$6:$S$1005,"D")+COUNTIF('Year 2'!$S$6:$S$1005,"E"))/COUNTA('Year 2'!$S$6:$S$1005),"") -> 0.8 | G8: =IFERROR((COUNTIF('Year 2'!$U$6:$U$1005,"D")+COUNTIF('Year 2'!$U$6:$U$1005,"E"))/COUNTA('Year 2'!$U$6:$U$1005),"") -> 0.2 | H8: =IFERROR((COUNTIF('Year 2'!$V$6:$V$1005,"D")+COUNTIF('Year 2'!$V$6:$V$1005,"E"))/COUNTA('Year 2'!$V$6:$V$1005),"") -> 0.2
B9: Year 3 | C9: =IFERROR((COUNTIF('Year 3'!$L$6:$L$1005,"D")+COUNTIF('Year 3'!$L$6:$L$1005,"E"))/COUNTA('Year 3'!$L$6:$L$1005),"") -> 0.28571429 | D9: =IFERROR((COUNTIF('Year 3'!$M$6:$M$1005,"D")+COUNTIF('Year 3'!$M$6:$M$1005,"E"))/COUNTA('Year 3'!$M$6:$M$1005),"") -> 0.14285714 | E9: =IFERROR((COUNTIF('Year 3'!$P$6:$P$1005,"D")+COUNTIF('Year 3'!$P$6:$P$1005,"E"))/COUNTA('Year 3'!$P$6:$P$1005),"") -> 0.28571429 | F9: =IFERROR((COUNTIF('Year 3'!$S$6:$S$1005,"D")+COUNTIF('Year 3'!$S$6:$S$1005,"E"))/COUNTA('Year 3'!$S$6:$S$1005),"") -> 0.42857143 | G9: =IFERROR((COUNTIF('Year 3'!$U$6:$U$1005,"D")+COUNTIF('Year 3'!$U$6:$U$1005,"E"))/COUNTA('Year 3'!$U$6:$U$1005),"") -> 0.28571429 | H9: =IFERROR((COUNTIF('Year 3'!$V$6:$V$1005,"D")+COUNTIF('Year 3'!$V$6:$V$1005,"E"))/COUNTA('Year 3'!$V$6:$V$1005),"") -> 0.28571429
B10: Year 4 | C10: =IFERROR((COUNTIF('Year 4'!$L$6:$L$1005,"D")+COUNTIF('Year 4'!$L$6:$L$1005,"E"))/COUNTA('Year 4'!$L$6:$L$1005),"") -> 0.16666667 | D10: =IFERROR((COUNTIF('Year 4'!$M$6:$M$1005,"D")+COUNTIF('Year 4'!$M$6:$M$1005,"E"))/COUNTA('Year 4'!$M$6:$M$1005),"") -> 0.16666667 | E10: =IFERROR((COUNTIF('Year 4'!$P$6:$P$1005,"D")+COUNTIF('Year 4'!$P$6:$P$1005,"E"))/COUNTA('Year 4'!$P$6:$P$1005),"") -> 0 | F10: =IFERROR((COUNTIF('Year 4'!$S$6:$S$1005,"D")+COUNTIF('Year 4'!$S$6:$S$1005,"E"))/COUNTA('Year 4'!$S$6:$S$1005),"") -> 0.33333333 | G10: =IFERROR((COUNTIF('Year 4'!$U$6:$U$1005,"D")+COUNTIF('Year 4'!$U$6:$U$1005,"E"))/COUNTA('Year 4'!$U$6:$U$1005),"") -> 0 | H10: =IFERROR((COUNTIF('Year 4'!$V$6:$V$1005,"D")+COUNTIF('Year 4'!$V$6:$V$1005,"E"))/COUNTA('Year 4'!$V$6:$V$1005),"") -> 0
B11: Year 5 | C11: =IFERROR((COUNTIF('Year 5'!$L$6:$L$1005,"D")+COUNTIF('Year 5'!$L$6:$L$1005,"E"))/COUNTA('Year 5'!$L$6:$L$1005),"") -> 0 | D11: =IFERROR((COUNTIF('Year 5'!$M$6:$M$1005,"D")+COUNTIF('Year 5'!$M$6:$M$1005,"E"))/COUNTA('Year 5'!$M$6:$M$1005),"") -> 0 | E11: =IFERROR((COUNTIF('Year 5'!$P$6:$P$1005,"D")+COUNTIF('Year 5'!$P$6:$P$1005,"E"))/COUNTA('Year 5'!$P$6:$P$1005),"") -> 0.14285714 | F11: =IFERROR((COUNTIF('Year 5'!$S$6:$S$1005,"D")+COUNTIF('Year 5'!$S$6:$S$1005,"E"))/COUNTA('Year 5'!$S$6:$S$1005),"") -> 0.28571429 | G11: =IFERROR((COUNTIF('Year 5'!$U$6:$U$1005,"D")+COUNTIF('Year 5'!$U$6:$U$1005,"E"))/COUNTA('Year 5'!$U$6:$U$1005),"") -> 0.14285714 | H11: =IFERROR((COUNTIF('Year 5'!$V$6:$V$1005,"D")+COUNTIF('Year 5'!$V$6:$V$1005,"E"))/COUNTA('Year 5'!$V$6:$V$1005),"") -> 0
B12: Year 6 | C12: =IFERROR((COUNTIF('Year 6'!$L$6:$L$1005,"D")+COUNTIF('Year 6'!$L$6:$L$1005,"E"))/COUNTA('Year 6'!$L$6:$L$1005),"") -> 0.14285714 | D12: =IFERROR((COUNTIF('Year 6'!$M$6:$M$1005,"D")+COUNTIF('Year 6'!$M$6:$M$1005,"E"))/COUNTA('Year 6'!$M$6:$M$1005),"") -> 0.14285714 | E12: =IFERROR((COUNTIF('Year 6'!$P$6:$P$1005,"D")+COUNTIF('Year 6'!$P$6:$P$1005,"E"))/COUNTA('Year 6'!$P$6:$P$1005),"") -> 0.14285714 | F12: =IFERROR((COUNTIF('Year 6'!$S$6:$S$1005,"D")+COUNTIF('Year 6'!$S$6:$S$1005,"E"))/COUNTA('Year 6'!$S$6:$S$1005),"") -> 0.71428571 | G12: =IFERROR((COUNTIF('Year 6'!$U$6:$U$1005,"D")+COUNTIF('Year 6'!$U$6:$U$1005,"E"))/COUNTA('Year 6'!$U$6:$U$1005),"") -> 0.14285714 | H12: =IFERROR((COUNTIF('Year 6'!$V$6:$V$1005,"D")+COUNTIF('Year 6'!$V$6:$V$1005,"E"))/COUNTA('Year 6'!$V$6:$V$1005),"") -> 0.14285714
B13: Year 7 | C13: =IFERROR((COUNTIF('Year 7'!$L$6:$L$1005,"D")+COUNTIF('Year 7'!$L$6:$L$1005,"E"))/COUNTA('Year 7'!$L$6:$L$1005),"") -> 0.16666667 | D13: =IFERROR((COUNTIF('Year 7'!$M$6:$M$1005,"D")+COUNTIF('Year 7'!$M$6:$M$1005,"E"))/COUNTA('Year 7'!$M$6:$M$1005),"") -> 0 | E13: =IFERROR((COUNTIF('Year 7'!$P$6:$P$1005,"D")+COUNTIF('Year 7'!$P$6:$P$1005,"E"))/COUNTA('Year 7'!$P$6:$P$1005),"") -> 0.16666667 | F13: =IFERROR((COUNTIF('Year 7'!$S$6:$S$1005,"D")+COUNTIF('Year 7'!$S$6:$S$1005,"E"))/COUNTA('Year 7'!$S$6:$S$1005),"") -> 0.83333333 | G13: =IFERROR((COUNTIF('Year 7'!$U$6:$U$1005,"D")+COUNTIF('Year 7'!$U$6:$U$1005,"E"))/COUNTA('Year 7'!$U$6:$U$1005),"") -> 0 | H13: =IFERROR((COUNTIF('Year 7'!$V$6:$V$1005,"D")+COUNTIF('Year 7'!$V$6:$V$1005,"E"))/COUNTA('Year 7'!$V$6:$V$1005),"") -> 0
B14: Year 8 | C14: =IFERROR((COUNTIF('Year 8'!$L$6:$L$1005,"D")+COUNTIF('Year 8'!$L$6:$L$1005,"E"))/COUNTA('Year 8'!$L$6:$L$1005),"") -> 0 | D14: =IFERROR((COUNTIF('Year 8'!$M$6:$M$1005,"D")+COUNTIF('Year 8'!$M$6:$M$1005,"E"))/COUNTA('Year 8'!$M$6:$M$1005),"") -> 0 | E14: =IFERROR((COUNTIF('Year 8'!$P$6:$P$1005,"D")+COUNTIF('Year 8'!$P$6:$P$1005,"E"))/COUNTA('Year 8'!$P$6:$P$1005),"") -> 0.33333333 | F14: =IFERROR((COUNTIF('Year 8'!$S$6:$S$1005,"D")+COUNTIF('Year 8'!$S$6:$S$1005,"E"))/COUNTA('Year 8'!$S$6:$S$1005),"") -> 0.66666667 | G14: =IFERROR((COUNTIF('Year 8'!$U$6:$U$1005,"D")+COUNTIF('Year 8'!$U$6:$U$1005,"E"))/COUNTA('Year 8'!$U$6:$U$1005),"") -> 0 | H14: =IFERROR((COUNTIF('Year 8'!$V$6:$V$1005,"D")+COUNTIF('Year 8'!$V$6:$V$1005,"E"))/COUNTA('Year 8'!$V$6:$V$1005),"") -> 0
B15: Year 9 | C15: =IFERROR((COUNTIF('Year 9'!$L$6:$L$1005,"D")+COUNTIF('Year 9'!$L$6:$L$1005,"E"))/COUNTA('Year 9'!$L$6:$L$1005),"") -> 0.33333333 | D15: =IFERROR((COUNTIF('Year 9'!$M$6:$M$1005,"D")+COUNTIF('Year 9'!$M$6:$M$1005,"E"))/COUNTA('Year 9'!$M$6:$M$1005),"") -> 0.33333333 | E15: =IFERROR((COUNTIF('Year 9'!$P$6:$P$1005,"D")+COUNTIF('Year 9'!$P$6:$P$1005,"E"))/COUNTA('Year 9'!$P$6:$P$1005),"") -> 0.33333333 | F15: =IFERROR((COUNTIF('Year 9'!$S$6:$S$1005,"D")+COUNTIF('Year 9'!$S$6:$S$1005,"E"))/COUNTA('Year 9'!$S$6:$S$1005),"") -> 0.83333333 | G15: =IFERROR((COUNTIF('Year 9'!$U$6:$U$1005,"D")+COUNTIF('Year 9'!$U$6:$U$1005,"E"))/COUNTA('Year 9'!$U$6:$U$1005),"") -> 0.33333333 | H15: =IFERROR((COUNTIF('Year 9'!$V$6:$V$1005,"D")+COUNTIF('Year 9'!$V$6:$V$1005,"E"))/COUNTA('Year 9'!$V$6:$V$1005),"") -> 0.33333333
B16: Year 10 | C16: =IFERROR((COUNTIF('Year 10'!$L$6:$L$1005,"D")+COUNTIF('Year 10'!$L$6:$L$1005,"E"))/COUNTA('Year 10'!$L$6:$L$1005),"") -> 0.2 | D16: =IFERROR((COUNTIF('Year 10'!$M$6:$M$1005,"D")+COUNTIF('Year 10'!$M$6:$M$1005,"E"))/COUNTA('Year 10'!$M$6:$M$1005),"") -> 0 | E16: =IFERROR((COUNTIF('Year 10'!$P$6:$P$1005,"D")+COUNTIF('Year 10'!$P$6:$P$1005,"E"))/COUNTA('Year 10'!$P$6:$P$1005),"") -> 0.2 | F16: =IFERROR((COUNTIF('Year 10'!$S$6:$S$1005,"D")+COUNTIF('Year 10'!$S$6:$S$1005,"E"))/COUNTA('Year 10'!$S$6:$S$1005),"") -> 0.8 | G16: =IFERROR((COUNTIF('Year 10'!$U$6:$U$1005,"D")+COUNTIF('Year 10'!$U$6:$U$1005,"E"))/COUNTA('Year 10'!$U$6:$U$1005),"") -> 0.2 | H16: =IFERROR((COUNTIF('Year 10'!$V$6:$V$1005,"D")+COUNTIF('Year 10'!$V$6:$V$1005,"E"))/COUNTA('Year 10'!$V$6:$V$1005),"") -> 0.2
B17: All years | C17: =IFERROR((COUNTIF('Year 1'!$L$6:$L$1005,"D")+COUNTIF('Year 1'!$L$6:$L$1005,"E")+COUNTIF('Year 2'!$L$6:$L$1005,"D")+COUNTIF('Year 2'!$L$6:$L$1005,"E")+COUNTIF('Year 3'!$L$6:$L$1005,"D")+COUNTIF('Year 3'!$L$6:$L$1005,"E")+COUNTIF('Year 4'!$L$6:$L$1005,"D")+COUNTIF('Year 4'!$L$6:$L$1005,"E")+COUNTIF('Year 5'!$L$6:$L$1005,"D")+COUNTIF('Year 5'!$L$6:$L$1005,"E")+COUNTIF('Year 6'!$L$6:$L$1005,"D")+COUNTIF('Year 6'!$L$6:$L$1005,"E")+COUNTIF('Year 7'!$L$6:$L$1005,"D")+COUNTIF('Year 7'!$L$6:$L$1005,"E")+COUNTIF('Year 8'!$L$6:$L$1005,"D")+COUNTIF('Year 8'!$L$6:$L$1005,"E")+COUNTIF('Year 9'!$L$6:$L$1005,"D")+COUNTIF('Year 9'!$L$6:$L$1005,"E")+COUNTIF('Year 10'!$L$6:$L$1005,"D")+COUNTIF('Year 10'!$L$6:$L$1005,"E"))/(COUNTA('Year 1'!$L$6:$L$1005)+COUNTA('Year 2'!$L$6:$L$1005)+COUNTA('Year 3'!$L$6:$L$1005)+COUNTA('Year 4'!$L$6:$L$1005)+COUNTA('Year 5'!$L$6:$L$1005)+COUNTA('Year 6'!$L$6:$L$1005)+COUNTA('Year 7'!$L$6:$L$1005)+COUNTA('Year 8'!$L$6:$L$1005)+COUNTA('Year 9'!$L$6:$L$1005)+COUNTA('Year 10'!$L$6:$L$1005)),"") -> 0.18333333 | D17: =IFERROR((COUNTIF('Year 1'!$M$6:$M$1005,"D")+COUNTIF('Year 1'!$M$6:$M$1005,"E")+COUNTIF('Year 2'!$M$6:$M$1005,"D")+COUNTIF('Year 2'!$M$6:$M$1005,"E")+COUNTIF('Year 3'!$M$6:$M$1005,"D")+COUNTIF('Year 3'!$M$6:$M$1005,"E")+COUNTIF('Year 4'!$M$6:$M$1005,"D")+COUNTIF('Year 4'!$M$6:$M$1005,"E")+COUNTIF('Year 5'!$M$6:$M$1005,"D")+COUNTIF('Year 5'!$M$6:$M$1005,"E")+COUNTIF('Year 6'!$M$6:$M$1005,"D")+COUNTIF('Year 6'!$M$6:$M$1005,"E")+COUNTIF('Year 7'!$M$6:$M$1005,"D")+COUNTIF('Year 7'!$M$6:$M$1005,"E")+COUNTIF('Year 8'!$M$6:$M$1005,"D")+COUNTIF('Year 8'!$M$6:$M$1005,"E")+COUNTIF('Year 9'!$M$6:$M$1005,"D")+COUNTIF('Year 9'!$M$6:$M$1005,"E")+COUNTIF('Year 10'!$M$6:$M$1005,"D")+COUNTIF('Year 10'!$M$6:$M$1005,"E"))/(COUNTA('Year 1'!$M$6:$M$1005)+COUNTA('Year 2'!$M$6:$M$1005)+COUNTA('Year 3'!$M$6:$M$1005)+COUNTA('Year 4'!$M$6:$M$1005)+COUNTA('Year 5'!$M$6:$M$1005)+COUNTA('Year 6'!$M$6:$M$1005)+COUNTA('Year 7'!$M$6:$M$1005)+COUNTA('Year 8'!$M$6:$M$1005)+COUNTA('Year 9'!$M$6:$M$1005)+COUNTA('Year 10'!$M$6:$M$1005)),"") -> 0.13559322 | E17: =IFERROR((COUNTIF('Year 1'!$P$6:$P$1005,"D")+COUNTIF('Year 1'!$P$6:$P$1005,"E")+COUNTIF('Year 2'!$P$6:$P$1005,"D")+COUNTIF('Year 2'!$P$6:$P$1005,"E")+COUNTIF('Year 3'!$P$6:$P$1005,"D")+COUNTIF('Year 3'!$P$6:$P$1005,"E")+COUNTIF('Year 4'!$P$6:$P$1005,"D")+COUNTIF('Year 4'!$P$6:$P$1005,"E")+COUNTIF('Year 5'!$P$6:$P$1005,"D")+COUNTIF('Year 5'!$P$6:$P$1005,"E")+COUNTIF('Year 6'!$P$6:$P$1005,"D")+COUNTIF('Year 6'!$P$6:$P$1005,"E")+COUNTIF('Year 7'!$P$6:$P$1005,"D")+COUNTIF('Year 7'!$P$6:$P$1005,"E")+COUNTIF('Year 8'!$P$6:$P$1005,"D")+COUNTIF('Year 8'!$P$6:$P$1005,"E")+COUNTIF('Year 9'!$P$6:$P$1005,"D")+COUNTIF('Year 9'!$P$6:$P$1005,"E")+COUNTIF('Year 10'!$P$6:$P$1005,"D")+COUNTIF('Year 10'!$P$6:$P$1005,"E"))/(COUNTA('Year 1'!$P$6:$P$1005)+COUNTA('Year 2'!$P$6:$P$1005)+COUNTA('Year 3'!$P$6:$P$1005)+COUNTA('Year 4'!$P$6:$P$1005)+COUNTA('Year 5'!$P$6:$P$1005)+COUNTA('Year 6'!$P$6:$P$1005)+COUNTA('Year 7'!$P$6:$P$1005)+COUNTA('Year 8'!$P$6:$P$1005)+COUNTA('Year 9'!$P$6:$P$1005)+COUNTA('Year 10'!$P$6:$P$1005)),"") -> 0.18333333 | F17: =IFERROR((COUNTIF('Year 1'!$S$6:$S$1005,"D")+COUNTIF('Year 1'!$S$6:$S$1005,"E")+COUNTIF('Year 2'!$S$6:$S$1005,"D")+COUNTIF('Year 2'!$S$6:$S$1005,"E")+COUNTIF('Year 3'!$S$6:$S$1005,"D")+COUNTIF('Year 3'!$S$6:$S$1005,"E")+COUNTIF('Year 4'!$S$6:$S$1005,"D")+COUNTIF('Year 4'!$S$6:$S$1005,"E")+COUNTIF('Year 5'!$S$6:$S$1005,"D")+COUNTIF('Year 5'!$S$6:$S$1005,"E")+COUNTIF('Year 6'!$S$6:$S$1005,"D")+COUNTIF('Year 6'!$S$6:$S$1005,"E")+COUNTIF('Year 7'!$S$6:$S$1005,"D")+COUNTIF('Year 7'!$S$6:$S$1005,"E")+COUNTIF('Year 8'!$S$6:$S$1005,"D")+COUNTIF('Year 8'!$S$6:$S$1005,"E")+COUNTIF('Year 9'!$S$6:$S$1005,"D")+COUNTIF('Year 9'!$S$6:$S$1005,"E")+COUNTIF('Year 10'!$S$6:$S$1005,"D")+COUNTIF('Year 10'!$S$6:$S$1005,"E"))/(COUNTA('Year 1'!$S$6:$S$1005)+COUNTA('Year 2'!$S$6:$S$1005)+COUNTA('Year 3'!$S$6:$S$1005)+COUNTA('Year 4'!$S$6:$S$1005)+COUNTA('Year 5'!$S$6:$S$1005)+COUNTA('Year 6'!$S$6:$S$1005)+COUNTA('Year 7'!$S$6:$S$1005)+COUNTA('Year 8'!$S$6:$S$1005)+COUNTA('Year 9'!$S$6:$S$1005)+COUNTA('Year 10'!$S$6:$S$1005)),"") -> 0.65 | G17: =IFERROR((COUNTIF('Year 1'!$U$6:$U$1005,"D")+COUNTIF('Year 1'!$U$6:$U$1005,"E")+COUNTIF('Year 2'!$U$6:$U$1005,"D")+COUNTIF('Year 2'!$U$6:$U$1005,"E")+COUNTIF('Year 3'!$U$6:$U$1005,"D")+COUNTIF('Year 3'!$U$6:$U$1005,"E")+COUNTIF('Year 4'!$U$6:$U$1005,"D")+COUNTIF('Year 4'!$U$6:$U$1005,"E")+COUNTIF('Year 5'!$U$6:$U$1005,"D")+COUNTIF('Year 5'!$U$6:$U$1005,"E")+COUNTIF('Year 6'!$U$6:$U$1005,"D")+COUNTIF('Year 6'!$U$6:$U$1005,"E")+COUNTIF('Year 7'!$U$6:$U$1005,"D")+COUNTIF('Year 7'!$U$6:$U$1005,"E")+COUNTIF('Year 8'!$U$6:$U$1005,"D")+COUNTIF('Year 8'!$U$6:$U$1005,"E")+COUNTIF('Year 9'!$U$6:$U$1005,"D")+COUNTIF('Year 9'!$U$6:$U$1005,"E")+COUNTIF('Year 10'!$U$6:$U$1005,"D")+COUNTIF('Year 10'!$U$6:$U$1005,"E"))/(COUNTA('Year 1'!$U$6:$U$1005)+COUNTA('Year 2'!$U$6:$U$1005)+COUNTA('Year 3'!$U$6:$U$1005)+COUNTA('Year 4'!$U$6:$U$1005)+COUNTA('Year 5'!$U$6:$U$1005)+COUNTA('Year 6'!$U$6:$U$1005)+COUNTA('Year 7'!$U$6:$U$1005)+COUNTA('Year 8'!$U$6:$U$1005)+COUNTA('Year 9'!$U$6:$U$1005)+COUNTA('Year 10'!$U$6:$U$1005)),"") -> 0.13333333 | H17: =IFERROR((COUNTIF('Year 1'!$V$6:$V$1005,"D")+COUNTIF('Year 1'!$V$6:$V$1005,"E")+COUNTIF('Year 2'!$V$6:$V$1005,"D")+COUNTIF('Year 2'!$V$6:$V$1005,"E")+COUNTIF('Year 3'!$V$6:$V$1005,"D")+COUNTIF('Year 3'!$V$6:$V$1005,"E")+COUNTIF('Year 4'!$V$6:$V$1005,"D")+COUNTIF('Year 4'!$V$6:$V$1005,"E")+COUNTIF('Year 5'!$V$6:$V$1005,"D")+COUNTIF('Year 5'!$V$6:$V$1005,"E")+COUNTIF('Year 6'!$V$6:$V$1005,"D")+COUNTIF('Year 6'!$V$6:$V$1005,"E")+COUNTIF('Year 7'!$V$6:$V$1005,"D")+COUNTIF('Year 7'!$V$6:$V$1005,"E")+COUNTIF('Year 8'!$V$6:$V$1005,"D")+COUNTIF('Year 8'!$V$6:$V$1005,"E")+COUNTIF('Year 9'!$V$6:$V$1005,"D")+COUNTIF('Year 9'!$V$6:$V$1005,"E")+COUNTIF('Year 10'!$V$6:$V$1005,"D")+COUNTIF('Year 10'!$V$6:$V$1005,"E"))/(COUNTA('Year 1'!$V$6:$V$1005)+COUNTA('Year 2'!$V$6:$V$1005)+COUNTA('Year 3'!$V$6:$V$1005)+COUNTA('Year 4'!$V$6:$V$1005)+COUNTA('Year 5'!$V$6:$V$1005)+COUNTA('Year 6'!$V$6:$V$1005)+COUNTA('Year 7'!$V$6:$V$1005)+COUNTA('Year 8'!$V$6:$V$1005)+COUNTA('Year 9'!$V$6:$V$1005)+COUNTA('Year 10'!$V$6:$V$1005)),"") -> 0.11666667
B19: Share of candidates banded A or B, by skill (the students who will need most English support)
B20: Year group | C20: Listening | D20: Speaking | E20: Reading | F20: Reading aloud (indicative) | G20: Writing | H20: Overall English
B21: Year 1 | C21: =IFERROR((COUNTIF('Year 1'!$L$6:$L$1005,"A")+COUNTIF('Year 1'!$L$6:$L$1005,"B"))/COUNTA('Year 1'!$L$6:$L$1005),"") -> 0.6 | D21: =IFERROR((COUNTIF('Year 1'!$M$6:$M$1005,"A")+COUNTIF('Year 1'!$M$6:$M$1005,"B"))/COUNTA('Year 1'!$M$6:$M$1005),"") -> 0.4 | E21: =IFERROR((COUNTIF('Year 1'!$P$6:$P$1005,"A")+COUNTIF('Year 1'!$P$6:$P$1005,"B"))/COUNTA('Year 1'!$P$6:$P$1005),"") -> 0.4 | F21: =IFERROR((COUNTIF('Year 1'!$S$6:$S$1005,"A")+COUNTIF('Year 1'!$S$6:$S$1005,"B"))/COUNTA('Year 1'!$S$6:$S$1005),"") -> 0 | G21: =IFERROR((COUNTIF('Year 1'!$U$6:$U$1005,"A")+COUNTIF('Year 1'!$U$6:$U$1005,"B"))/COUNTA('Year 1'!$U$6:$U$1005),"") -> 0.4 | H21: =IFERROR((COUNTIF('Year 1'!$V$6:$V$1005,"A")+COUNTIF('Year 1'!$V$6:$V$1005,"B"))/COUNTA('Year 1'!$V$6:$V$1005),"") -> 0.4
B22: Year 2 | C22: =IFERROR((COUNTIF('Year 2'!$L$6:$L$1005,"A")+COUNTIF('Year 2'!$L$6:$L$1005,"B"))/COUNTA('Year 2'!$L$6:$L$1005),"") -> 0.2 | D22: =IFERROR((COUNTIF('Year 2'!$M$6:$M$1005,"A")+COUNTIF('Year 2'!$M$6:$M$1005,"B"))/COUNTA('Year 2'!$M$6:$M$1005),"") -> 0.2 | E22: =IFERROR((COUNTIF('Year 2'!$P$6:$P$1005,"A")+COUNTIF('Year 2'!$P$6:$P$1005,"B"))/COUNTA('Year 2'!$P$6:$P$1005),"") -> 0.4 | F22: =IFERROR((COUNTIF('Year 2'!$S$6:$S$1005,"A")+COUNTIF('Year 2'!$S$6:$S$1005,"B"))/COUNTA('Year 2'!$S$6:$S$1005),"") -> 0 | G22: =IFERROR((COUNTIF('Year 2'!$U$6:$U$1005,"A")+COUNTIF('Year 2'!$U$6:$U$1005,"B"))/COUNTA('Year 2'!$U$6:$U$1005),"") -> 0.2 | H22: =IFERROR((COUNTIF('Year 2'!$V$6:$V$1005,"A")+COUNTIF('Year 2'!$V$6:$V$1005,"B"))/COUNTA('Year 2'!$V$6:$V$1005),"") -> 0.2
B23: Year 3 | C23: =IFERROR((COUNTIF('Year 3'!$L$6:$L$1005,"A")+COUNTIF('Year 3'!$L$6:$L$1005,"B"))/COUNTA('Year 3'!$L$6:$L$1005),"") -> 0.71428571 | D23: =IFERROR((COUNTIF('Year 3'!$M$6:$M$1005,"A")+COUNTIF('Year 3'!$M$6:$M$1005,"B"))/COUNTA('Year 3'!$M$6:$M$1005),"") -> 0.42857143 | E23: =IFERROR((COUNTIF('Year 3'!$P$6:$P$1005,"A")+COUNTIF('Year 3'!$P$6:$P$1005,"B"))/COUNTA('Year 3'!$P$6:$P$1005),"") -> 0.57142857 | F23: =IFERROR((COUNTIF('Year 3'!$S$6:$S$1005,"A")+COUNTIF('Year 3'!$S$6:$S$1005,"B"))/COUNTA('Year 3'!$S$6:$S$1005),"") -> 0.57142857 | G23: =IFERROR((COUNTIF('Year 3'!$U$6:$U$1005,"A")+COUNTIF('Year 3'!$U$6:$U$1005,"B"))/COUNTA('Year 3'!$U$6:$U$1005),"") -> 0.42857143 | H23: =IFERROR((COUNTIF('Year 3'!$V$6:$V$1005,"A")+COUNTIF('Year 3'!$V$6:$V$1005,"B"))/COUNTA('Year 3'!$V$6:$V$1005),"") -> 0.57142857
B24: Year 4 | C24: =IFERROR((COUNTIF('Year 4'!$L$6:$L$1005,"A")+COUNTIF('Year 4'!$L$6:$L$1005,"B"))/COUNTA('Year 4'!$L$6:$L$1005),"") -> 0.5 | D24: =IFERROR((COUNTIF('Year 4'!$M$6:$M$1005,"A")+COUNTIF('Year 4'!$M$6:$M$1005,"B"))/COUNTA('Year 4'!$M$6:$M$1005),"") -> 0.83333333 | E24: =IFERROR((COUNTIF('Year 4'!$P$6:$P$1005,"A")+COUNTIF('Year 4'!$P$6:$P$1005,"B"))/COUNTA('Year 4'!$P$6:$P$1005),"") -> 0.66666667 | F24: =IFERROR((COUNTIF('Year 4'!$S$6:$S$1005,"A")+COUNTIF('Year 4'!$S$6:$S$1005,"B"))/COUNTA('Year 4'!$S$6:$S$1005),"") -> 0.16666667 | G24: =IFERROR((COUNTIF('Year 4'!$U$6:$U$1005,"A")+COUNTIF('Year 4'!$U$6:$U$1005,"B"))/COUNTA('Year 4'!$U$6:$U$1005),"") -> 0.5 | H24: =IFERROR((COUNTIF('Year 4'!$V$6:$V$1005,"A")+COUNTIF('Year 4'!$V$6:$V$1005,"B"))/COUNTA('Year 4'!$V$6:$V$1005),"") -> 0.66666667
B25: Year 5 | C25: =IFERROR((COUNTIF('Year 5'!$L$6:$L$1005,"A")+COUNTIF('Year 5'!$L$6:$L$1005,"B"))/COUNTA('Year 5'!$L$6:$L$1005),"") -> 0.85714286 | D25: =IFERROR((COUNTIF('Year 5'!$M$6:$M$1005,"A")+COUNTIF('Year 5'!$M$6:$M$1005,"B"))/COUNTA('Year 5'!$M$6:$M$1005),"") -> 0.66666667 | E25: =IFERROR((COUNTIF('Year 5'!$P$6:$P$1005,"A")+COUNTIF('Year 5'!$P$6:$P$1005,"B"))/COUNTA('Year 5'!$P$6:$P$1005),"") -> 0.57142857 | F25: =IFERROR((COUNTIF('Year 5'!$S$6:$S$1005,"A")+COUNTIF('Year 5'!$S$6:$S$1005,"B"))/COUNTA('Year 5'!$S$6:$S$1005),"") -> 0.57142857 | G25: =IFERROR((COUNTIF('Year 5'!$U$6:$U$1005,"A")+COUNTIF('Year 5'!$U$6:$U$1005,"B"))/COUNTA('Year 5'!$U$6:$U$1005),"") -> 0.42857143 | H25: =IFERROR((COUNTIF('Year 5'!$V$6:$V$1005,"A")+COUNTIF('Year 5'!$V$6:$V$1005,"B"))/COUNTA('Year 5'!$V$6:$V$1005),"") -> 0.57142857
B26: Year 6 | C26: =IFERROR((COUNTIF('Year 6'!$L$6:$L$1005,"A")+COUNTIF('Year 6'!$L$6:$L$1005,"B"))/COUNTA('Year 6'!$L$6:$L$1005),"") -> 0.57142857 | D26: =IFERROR((COUNTIF('Year 6'!$M$6:$M$1005,"A")+COUNTIF('Year 6'!$M$6:$M$1005,"B"))/COUNTA('Year 6'!$M$6:$M$1005),"") -> 0.42857143 | E26: =IFERROR((COUNTIF('Year 6'!$P$6:$P$1005,"A")+COUNTIF('Year 6'!$P$6:$P$1005,"B"))/COUNTA('Year 6'!$P$6:$P$1005),"") -> 0.42857143 | F26: =IFERROR((COUNTIF('Year 6'!$S$6:$S$1005,"A")+COUNTIF('Year 6'!$S$6:$S$1005,"B"))/COUNTA('Year 6'!$S$6:$S$1005),"") -> 0 | G26: =IFERROR((COUNTIF('Year 6'!$U$6:$U$1005,"A")+COUNTIF('Year 6'!$U$6:$U$1005,"B"))/COUNTA('Year 6'!$U$6:$U$1005),"") -> 0.57142857 | H26: =IFERROR((COUNTIF('Year 6'!$V$6:$V$1005,"A")+COUNTIF('Year 6'!$V$6:$V$1005,"B"))/COUNTA('Year 6'!$V$6:$V$1005),"") -> 0.57142857
B27: Year 7 | C27: =IFERROR((COUNTIF('Year 7'!$L$6:$L$1005,"A")+COUNTIF('Year 7'!$L$6:$L$1005,"B"))/COUNTA('Year 7'!$L$6:$L$1005),"") -> 0.33333333 | D27: =IFERROR((COUNTIF('Year 7'!$M$6:$M$1005,"A")+COUNTIF('Year 7'!$M$6:$M$1005,"B"))/COUNTA('Year 7'!$M$6:$M$1005),"") -> 0.5 | E27: =IFERROR((COUNTIF('Year 7'!$P$6:$P$1005,"A")+COUNTIF('Year 7'!$P$6:$P$1005,"B"))/COUNTA('Year 7'!$P$6:$P$1005),"") -> 0.66666667 | F27: =IFERROR((COUNTIF('Year 7'!$S$6:$S$1005,"A")+COUNTIF('Year 7'!$S$6:$S$1005,"B"))/COUNTA('Year 7'!$S$6:$S$1005),"") -> 0.16666667 | G27: =IFERROR((COUNTIF('Year 7'!$U$6:$U$1005,"A")+COUNTIF('Year 7'!$U$6:$U$1005,"B"))/COUNTA('Year 7'!$U$6:$U$1005),"") -> 0.5 | H27: =IFERROR((COUNTIF('Year 7'!$V$6:$V$1005,"A")+COUNTIF('Year 7'!$V$6:$V$1005,"B"))/COUNTA('Year 7'!$V$6:$V$1005),"") -> 0.5
B28: Year 8 | C28: =IFERROR((COUNTIF('Year 8'!$L$6:$L$1005,"A")+COUNTIF('Year 8'!$L$6:$L$1005,"B"))/COUNTA('Year 8'!$L$6:$L$1005),"") -> 0.5 | D28: =IFERROR((COUNTIF('Year 8'!$M$6:$M$1005,"A")+COUNTIF('Year 8'!$M$6:$M$1005,"B"))/COUNTA('Year 8'!$M$6:$M$1005),"") -> 0.5 | E28: =IFERROR((COUNTIF('Year 8'!$P$6:$P$1005,"A")+COUNTIF('Year 8'!$P$6:$P$1005,"B"))/COUNTA('Year 8'!$P$6:$P$1005),"") -> 0.5 | F28: =IFERROR((COUNTIF('Year 8'!$S$6:$S$1005,"A")+COUNTIF('Year 8'!$S$6:$S$1005,"B"))/COUNTA('Year 8'!$S$6:$S$1005),"") -> 0.16666667 | G28: =IFERROR((COUNTIF('Year 8'!$U$6:$U$1005,"A")+COUNTIF('Year 8'!$U$6:$U$1005,"B"))/COUNTA('Year 8'!$U$6:$U$1005),"") -> 0.33333333 | H28: =IFERROR((COUNTIF('Year 8'!$V$6:$V$1005,"A")+COUNTIF('Year 8'!$V$6:$V$1005,"B"))/COUNTA('Year 8'!$V$6:$V$1005),"") -> 0.5
B29: Year 9 | C29: =IFERROR((COUNTIF('Year 9'!$L$6:$L$1005,"A")+COUNTIF('Year 9'!$L$6:$L$1005,"B"))/COUNTA('Year 9'!$L$6:$L$1005),"") -> 0.33333333 | D29: =IFERROR((COUNTIF('Year 9'!$M$6:$M$1005,"A")+COUNTIF('Year 9'!$M$6:$M$1005,"B"))/COUNTA('Year 9'!$M$6:$M$1005),"") -> 0.16666667 | E29: =IFERROR((COUNTIF('Year 9'!$P$6:$P$1005,"A")+COUNTIF('Year 9'!$P$6:$P$1005,"B"))/COUNTA('Year 9'!$P$6:$P$1005),"") -> 0.5 | F29: =IFERROR((COUNTIF('Year 9'!$S$6:$S$1005,"A")+COUNTIF('Year 9'!$S$6:$S$1005,"B"))/COUNTA('Year 9'!$S$6:$S$1005),"") -> 0 | G29: =IFERROR((COUNTIF('Year 9'!$U$6:$U$1005,"A")+COUNTIF('Year 9'!$U$6:$U$1005,"B"))/COUNTA('Year 9'!$U$6:$U$1005),"") -> 0.33333333 | H29: =IFERROR((COUNTIF('Year 9'!$V$6:$V$1005,"A")+COUNTIF('Year 9'!$V$6:$V$1005,"B"))/COUNTA('Year 9'!$V$6:$V$1005),"") -> 0.33333333
B30: Year 10 | C30: =IFERROR((COUNTIF('Year 10'!$L$6:$L$1005,"A")+COUNTIF('Year 10'!$L$6:$L$1005,"B"))/COUNTA('Year 10'!$L$6:$L$1005),"") -> 0.4 | D30: =IFERROR((COUNTIF('Year 10'!$M$6:$M$1005,"A")+COUNTIF('Year 10'!$M$6:$M$1005,"B"))/COUNTA('Year 10'!$M$6:$M$1005),"") -> 0.4 | E30: =IFERROR((COUNTIF('Year 10'!$P$6:$P$1005,"A")+COUNTIF('Year 10'!$P$6:$P$1005,"B"))/COUNTA('Year 10'!$P$6:$P$1005),"") -> 0.2 | F30: =IFERROR((COUNTIF('Year 10'!$S$6:$S$1005,"A")+COUNTIF('Year 10'!$S$6:$S$1005,"B"))/COUNTA('Year 10'!$S$6:$S$1005),"") -> 0.2 | G30: =IFERROR((COUNTIF('Year 10'!$U$6:$U$1005,"A")+COUNTIF('Year 10'!$U$6:$U$1005,"B"))/COUNTA('Year 10'!$U$6:$U$1005),"") -> 0.4 | H30: =IFERROR((COUNTIF('Year 10'!$V$6:$V$1005,"A")+COUNTIF('Year 10'!$V$6:$V$1005,"B"))/COUNTA('Year 10'!$V$6:$V$1005),"") -> 0.4
B31: All years | C31: =IFERROR((COUNTIF('Year 1'!$L$6:$L$1005,"A")+COUNTIF('Year 1'!$L$6:$L$1005,"B")+COUNTIF('Year 2'!$L$6:$L$1005,"A")+COUNTIF('Year 2'!$L$6:$L$1005,"B")+COUNTIF('Year 3'!$L$6:$L$1005,"A")+COUNTIF('Year 3'!$L$6:$L$1005,"B")+COUNTIF('Year 4'!$L$6:$L$1005,"A")+COUNTIF('Year 4'!$L$6:$L$1005,"B")+COUNTIF('Year 5'!$L$6:$L$1005,"A")+COUNTIF('Year 5'!$L$6:$L$1005,"B")+COUNTIF('Year 6'!$L$6:$L$1005,"A")+COUNTIF('Year 6'!$L$6:$L$1005,"B")+COUNTIF('Year 7'!$L$6:$L$1005,"A")+COUNTIF('Year 7'!$L$6:$L$1005,"B")+COUNTIF('Year 8'!$L$6:$L$1005,"A")+COUNTIF('Year 8'!$L$6:$L$1005,"B")+COUNTIF('Year 9'!$L$6:$L$1005,"A")+COUNTIF('Year 9'!$L$6:$L$1005,"B")+COUNTIF('Year 10'!$L$6:$L$1005,"A")+COUNTIF('Year 10'!$L$6:$L$1005,"B"))/(COUNTA('Year 1'!$L$6:$L$1005)+COUNTA('Year 2'!$L$6:$L$1005)+COUNTA('Year 3'!$L$6:$L$1005)+COUNTA('Year 4'!$L$6:$L$1005)+COUNTA('Year 5'!$L$6:$L$1005)+COUNTA('Year 6'!$L$6:$L$1005)+COUNTA('Year 7'!$L$6:$L$1005)+COUNTA('Year 8'!$L$6:$L$1005)+COUNTA('Year 9'!$L$6:$L$1005)+COUNTA('Year 10'!$L$6:$L$1005)),"") -> 0.51666667 | D31: =IFERROR((COUNTIF('Year 1'!$M$6:$M$1005,"A")+COUNTIF('Year 1'!$M$6:$M$1005,"B")+COUNTIF('Year 2'!$M$6:$M$1005,"A")+COUNTIF('Year 2'!$M$6:$M$1005,"B")+COUNTIF('Year 3'!$M$6:$M$1005,"A")+COUNTIF('Year 3'!$M$6:$M$1005,"B")+COUNTIF('Year 4'!$M$6:$M$1005,"A")+COUNTIF('Year 4'!$M$6:$M$1005,"B")+COUNTIF('Year 5'!$M$6:$M$1005,"A")+COUNTIF('Year 5'!$M$6:$M$1005,"B")+COUNTIF('Year 6'!$M$6:$M$1005,"A")+COUNTIF('Year 6'!$M$6:$M$1005,"B")+COUNTIF('Year 7'!$M$6:$M$1005,"A")+COUNTIF('Year 7'!$M$6:$M$1005,"B")+COUNTIF('Year 8'!$M$6:$M$1005,"A")+COUNTIF('Year 8'!$M$6:$M$1005,"B")+COUNTIF('Year 9'!$M$6:$M$1005,"A")+COUNTIF('Year 9'!$M$6:$M$1005,"B")+COUNTIF('Year 10'!$M$6:$M$1005,"A")+COUNTIF('Year 10'!$M$6:$M$1005,"B"))/(COUNTA('Year 1'!$M$6:$M$1005)+COUNTA('Year 2'!$M$6:$M$1005)+COUNTA('Year 3'!$M$6:$M$1005)+COUNTA('Year 4'!$M$6:$M$1005)+COUNTA('Year 5'!$M$6:$M$1005)+COUNTA('Year 6'!$M$6:$M$1005)+COUNTA('Year 7'!$M$6:$M$1005)+COUNTA('Year 8'!$M$6:$M$1005)+COUNTA('Year 9'!$M$6:$M$1005)+COUNTA('Year 10'!$M$6:$M$1005)),"") -> 0.45762712 | E31: =IFERROR((COUNTIF('Year 1'!$P$6:$P$1005,"A")+COUNTIF('Year 1'!$P$6:$P$1005,"B")+COUNTIF('Year 2'!$P$6:$P$1005,"A")+COUNTIF('Year 2'!$P$6:$P$1005,"B")+COUNTIF('Year 3'!$P$6:$P$1005,"A")+COUNTIF('Year 3'!$P$6:$P$1005,"B")+COUNTIF('Year 4'!$P$6:$P$1005,"A")+COUNTIF('Year 4'!$P$6:$P$1005,"B")+COUNTIF('Year 5'!$P$6:$P$1005,"A")+COUNTIF('Year 5'!$P$6:$P$1005,"B")+COUNTIF('Year 6'!$P$6:$P$1005,"A")+COUNTIF('Year 6'!$P$6:$P$1005,"B")+COUNTIF('Year 7'!$P$6:$P$1005,"A")+COUNTIF('Year 7'!$P$6:$P$1005,"B")+COUNTIF('Year 8'!$P$6:$P$1005,"A")+COUNTIF('Year 8'!$P$6:$P$1005,"B")+COUNTIF('Year 9'!$P$6:$P$1005,"A")+COUNTIF('Year 9'!$P$6:$P$1005,"B")+COUNTIF('Year 10'!$P$6:$P$1005,"A")+COUNTIF('Year 10'!$P$6:$P$1005,"B"))/(COUNTA('Year 1'!$P$6:$P$1005)+COUNTA('Year 2'!$P$6:$P$1005)+COUNTA('Year 3'!$P$6:$P$1005)+COUNTA('Year 4'!$P$6:$P$1005)+COUNTA('Year 5'!$P$6:$P$1005)+COUNTA('Year 6'!$P$6:$P$1005)+COUNTA('Year 7'!$P$6:$P$1005)+COUNTA('Year 8'!$P$6:$P$1005)+COUNTA('Year 9'!$P$6:$P$1005)+COUNTA('Year 10'!$P$6:$P$1005)),"") -> 0.5 | F31: =IFERROR((COUNTIF('Year 1'!$S$6:$S$1005,"A")+COUNTIF('Year 1'!$S$6:$S$1005,"B")+COUNTIF('Year 2'!$S$6:$S$1005,"A")+COUNTIF('Year 2'!$S$6:$S$1005,"B")+COUNTIF('Year 3'!$S$6:$S$1005,"A")+COUNTIF('Year 3'!$S$6:$S$1005,"B")+COUNTIF('Year 4'!$S$6:$S$1005,"A")+COUNTIF('Year 4'!$S$6:$S$1005,"B")+COUNTIF('Year 5'!$S$6:$S$1005,"A")+COUNTIF('Year 5'!$S$6:$S$1005,"B")+COUNTIF('Year 6'!$S$6:$S$1005,"A")+COUNTIF('Year 6'!$S$6:$S$1005,"B")+COUNTIF('Year 7'!$S$6:$S$1005,"A")+COUNTIF('Year 7'!$S$6:$S$1005,"B")+COUNTIF('Year 8'!$S$6:$S$1005,"A")+COUNTIF('Year 8'!$S$6:$S$1005,"B")+COUNTIF('Year 9'!$S$6:$S$1005,"A")+COUNTIF('Year 9'!$S$6:$S$1005,"B")+COUNTIF('Year 10'!$S$6:$S$1005,"A")+COUNTIF('Year 10'!$S$6:$S$1005,"B"))/(COUNTA('Year 1'!$S$6:$S$1005)+COUNTA('Year 2'!$S$6:$S$1005)+COUNTA('Year 3'!$S$6:$S$1005)+COUNTA('Year 4'!$S$6:$S$1005)+COUNTA('Year 5'!$S$6:$S$1005)+COUNTA('Year 6'!$S$6:$S$1005)+COUNTA('Year 7'!$S$6:$S$1005)+COUNTA('Year 8'!$S$6:$S$1005)+COUNTA('Year 9'!$S$6:$S$1005)+COUNTA('Year 10'!$S$6:$S$1005)),"") -> 0.2 | G31: =IFERROR((COUNTIF('Year 1'!$U$6:$U$1005,"A")+COUNTIF('Year 1'!$U$6:$U$1005,"B")+COUNTIF('Year 2'!$U$6:$U$1005,"A")+COUNTIF('Year 2'!$U$6:$U$1005,"B")+COUNTIF('Year 3'!$U$6:$U$1005,"A")+COUNTIF('Year 3'!$U$6:$U$1005,"B")+COUNTIF('Year 4'!$U$6:$U$1005,"A")+COUNTIF('Year 4'!$U$6:$U$1005,"B")+COUNTIF('Year 5'!$U$6:$U$1005,"A")+COUNTIF('Year 5'!$U$6:$U$1005,"B")+COUNTIF('Year 6'!$U$6:$U$1005,"A")+COUNTIF('Year 6'!$U$6:$U$1005,"B")+COUNTIF('Year 7'!$U$6:$U$1005,"A")+COUNTIF('Year 7'!$U$6:$U$1005,"B")+COUNTIF('Year 8'!$U$6:$U$1005,"A")+COUNTIF('Year 8'!$U$6:$U$1005,"B")+COUNTIF('Year 9'!$U$6:$U$1005,"A")+COUNTIF('Year 9'!$U$6:$U$1005,"B")+COUNTIF('Year 10'!$U$6:$U$1005,"A")+COUNTIF('Year 10'!$U$6:$U$1005,"B"))/(COUNTA('Year 1'!$U$6:$U$1005)+COUNTA('Year 2'!$U$6:$U$1005)+COUNTA('Year 3'!$U$6:$U$1005)+COUNTA('Year 4'!$U$6:$U$1005)+COUNTA('Year 5'!$U$6:$U$1005)+COUNTA('Year 6'!$U$6:$U$1005)+COUNTA('Year 7'!$U$6:$U$1005)+COUNTA('Year 8'!$U$6:$U$1005)+COUNTA('Year 9'!$U$6:$U$1005)+COUNTA('Year 10'!$U$6:$U$1005)),"") -> 0.41666667 | H31: =IFERROR((COUNTIF('Year 1'!$V$6:$V$1005,"A")+COUNTIF('Year 1'!$V$6:$V$1005,"B")+COUNTIF('Year 2'!$V$6:$V$1005,"A")+COUNTIF('Year 2'!$V$6:$V$1005,"B")+COUNTIF('Year 3'!$V$6:$V$1005,"A")+COUNTIF('Year 3'!$V$6:$V$1005,"B")+COUNTIF('Year 4'!$V$6:$V$1005,"A")+COUNTIF('Year 4'!$V$6:$V$1005,"B")+COUNTIF('Year 5'!$V$6:$V$1005,"A")+COUNTIF('Year 5'!$V$6:$V$1005,"B")+COUNTIF('Year 6'!$V$6:$V$1005,"A")+COUNTIF('Year 6'!$V$6:$V$1005,"B")+COUNTIF('Year 7'!$V$6:$V$1005,"A")+COUNTIF('Year 7'!$V$6:$V$1005,"B")+COUNTIF('Year 8'!$V$6:$V$1005,"A")+COUNTIF('Year 8'!$V$6:$V$1005,"B")+COUNTIF('Year 9'!$V$6:$V$1005,"A")+COUNTIF('Year 9'!$V$6:$V$1005,"B")+COUNTIF('Year 10'!$V$6:$V$1005,"A")+COUNTIF('Year 10'!$V$6:$V$1005,"B"))/(COUNTA('Year 1'!$V$6:$V$1005)+COUNTA('Year 2'!$V$6:$V$1005)+COUNTA('Year 3'!$V$6:$V$1005)+COUNTA('Year 4'!$V$6:$V$1005)+COUNTA('Year 5'!$V$6:$V$1005)+COUNTA('Year 6'!$V$6:$V$1005)+COUNTA('Year 7'!$V$6:$V$1005)+COUNTA('Year 8'!$V$6:$V$1005)+COUNTA('Year 9'!$V$6:$V$1005)+COUNTA('Year 10'!$V$6:$V$1005)),"") -> 0.48333333
B33: Average score as a percentage of the maximum
B34: Year group | C34: Listening | D34: Reading paper | E34: Writing | F34: Maths | G34: Science
B35: Year 1 | C35: =IFERROR(AVERAGE('Year 1'!$K$6:$K$1005)/'Year 1'!$K$3,"") -> 0.38 | D35: n/a | E35: =IFERROR(AVERAGE('Year 1'!$T$6:$T$1005)/'Year 1'!$T$3,"") -> 0.4 | F35: =IFERROR(AVERAGE('Year 1'!$W$6:$W$1005)/'Year 1'!$W$3,"") -> 0.50666667 | G35: n/a
B36: Year 2 | C36: =IFERROR(AVERAGE('Year 2'!$K$6:$K$1005)/'Year 2'!$K$3,"") -> 0.58 | D36: n/a | E36: =IFERROR(AVERAGE('Year 2'!$T$6:$T$1005)/'Year 2'!$T$3,"") -> 0.5125 | F36: =IFERROR(AVERAGE('Year 2'!$W$6:$W$1005)/'Year 2'!$W$3,"") -> 0.57 | G36: n/a
B37: Year 3 | C37: =IFERROR(AVERAGE('Year 3'!$K$6:$K$1005)/'Year 3'!$K$3,"") -> 0.42857143 | D37: n/a | E37: =IFERROR(AVERAGE('Year 3'!$T$6:$T$1005)/'Year 3'!$T$3,"") -> 0.51785714 | F37: =IFERROR(AVERAGE('Year 3'!$W$6:$W$1005)/'Year 3'!$W$3,"") -> 0.57142857 | G37: n/a
B38: Year 4 | C38: =IFERROR(AVERAGE('Year 4'!$K$6:$K$1005)/'Year 4'!$K$3,"") -> 0.4375 | D38: =IFERROR(AVERAGE('Year 4'!$O$6:$O$1005)/'Year 4'!$O$3,"") -> 0.38194444 | E38: =IFERROR(AVERAGE('Year 4'!$T$6:$T$1005)/'Year 4'!$T$3,"") -> 0.41666667 | F38: =IFERROR(AVERAGE('Year 4'!$W$6:$W$1005)/'Year 4'!$W$3,"") -> 0.49333333 | G38: n/a
B39: Year 5 | C39: =IFERROR(AVERAGE('Year 5'!$K$6:$K$1005)/'Year 5'!$K$3,"") -> 0.33928571 | D39: =IFERROR(AVERAGE('Year 5'!$O$6:$O$1005)/'Year 5'!$O$3,"") -> 0.4047619 | E39: =IFERROR(AVERAGE('Year 5'!$T$6:$T$1005)/'Year 5'!$T$3,"") -> 0.42857143 | F39: =IFERROR(AVERAGE('Year 5'!$W$6:$W$1005)/'Year 5'!$W$3,"") -> 0.54857143 | G39: =IFERROR(AVERAGE('Year 5'!$AA$6:$AA$1005)/'Year 5'!$AA$3,"") -> 0.47142857
B40: Year 6 | C40: =IFERROR(AVERAGE('Year 6'!$K$6:$K$1005)/'Year 6'!$K$3,"") -> 0.44642857 | D40: =IFERROR(AVERAGE('Year 6'!$O$6:$O$1005)/'Year 6'!$O$3,"") -> 0.45238095 | E40: =IFERROR(AVERAGE('Year 6'!$T$6:$T$1005)/'Year 6'!$T$3,"") -> 0.48214286 | F40: =IFERROR(AVERAGE('Year 6'!$W$6:$W$1005)/'Year 6'!$W$3,"") -> 0.46857143 | G40: =IFERROR(AVERAGE('Year 6'!$AA$6:$AA$1005)/'Year 6'!$AA$3,"") -> 0.51428571
B41: Year 7 | C41: =IFERROR(AVERAGE('Year 7'!$K$6:$K$1005)/'Year 7'!$K$3,"") -> 0.42708333 | D41: =IFERROR(AVERAGE('Year 7'!$O$6:$O$1005)/'Year 7'!$O$3,"") -> 0.42708333 | E41: =IFERROR(AVERAGE('Year 7'!$T$6:$T$1005)/'Year 7'!$T$3,"") -> 0.46875 | F41: =IFERROR(AVERAGE('Year 7'!$W$6:$W$1005)/'Year 7'!$W$3,"") -> 0.52222222 | G41: =IFERROR(AVERAGE('Year 7'!$AA$6:$AA$1005)/'Year 7'!$AA$3,"") -> 0.48333333
B42: Year 8 | C42: =IFERROR(AVERAGE('Year 8'!$K$6:$K$1005)/'Year 8'!$K$3,"") -> 0.42708333 | D42: =IFERROR(AVERAGE('Year 8'!$O$6:$O$1005)/'Year 8'!$O$3,"") -> 0.40625 | E42: =IFERROR(AVERAGE('Year 8'!$T$6:$T$1005)/'Year 8'!$T$3,"") -> 0.48958333 | F42: =IFERROR(AVERAGE('Year 8'!$W$6:$W$1005)/'Year 8'!$W$3,"") -> 0.51666667 | G42: =IFERROR(AVERAGE('Year 8'!$AA$6:$AA$1005)/'Year 8'!$AA$3,"") -> 0.46666667
B43: Year 9 | C43: =IFERROR(AVERAGE('Year 9'!$K$6:$K$1005)/'Year 9'!$K$3,"") -> 0.60416667 | D43: =IFERROR(AVERAGE('Year 9'!$O$6:$O$1005)/'Year 9'!$O$3,"") -> 0.55208333 | E43: =IFERROR(AVERAGE('Year 9'!$T$6:$T$1005)/'Year 9'!$T$3,"") -> 0.55208333 | F43: =IFERROR(AVERAGE('Year 9'!$W$6:$W$1005)/'Year 9'!$W$3,"") -> 0.62777778 | G43: =IFERROR(AVERAGE('Year 9'!$AA$6:$AA$1005)/'Year 9'!$AA$3,"") -> 0.58333333
B44: Year 10 | C44: =IFERROR(AVERAGE('Year 10'!$K$6:$K$1005)/'Year 10'!$K$3,"") -> 0.5125 | D44: =IFERROR(AVERAGE('Year 10'!$O$6:$O$1005)/'Year 10'!$O$3,"") -> 0.5125 | E44: =IFERROR(AVERAGE('Year 10'!$T$6:$T$1005)/'Year 10'!$T$3,"") -> 0.5625 | F44: =IFERROR(AVERAGE('Year 10'!$W$6:$W$1005)/'Year 10'!$W$3,"") -> 0.54 | G44: =IFERROR(AVERAGE('Year 10'!$AA$6:$AA$1005)/'Year 10'!$AA$3,"") -> 0.44
B47: Listening band, counts
B48: Year group | C48: A | D48: B | E48: C | F48: D | G48: E | H48: Banded
B49: Year 1 | C49: =COUNTIF('Year 1'!$L$6:$L$1005,C$48) -> 1 | D49: =COUNTIF('Year 1'!$L$6:$L$1005,D$48) -> 2 | E49: =COUNTIF('Year 1'!$L$6:$L$1005,E$48) -> 2 | F49: =COUNTIF('Year 1'!$L$6:$L$1005,F$48) -> 0 | G49: =COUNTIF('Year 1'!$L$6:$L$1005,G$48) -> 0 | H49: =SUM(C49:G49) -> 5
B50: Year 2 | C50: =COUNTIF('Year 2'!$L$6:$L$1005,C$48) -> 0 | D50: =COUNTIF('Year 2'!$L$6:$L$1005,D$48) -> 1 | E50: =COUNTIF('Year 2'!$L$6:$L$1005,E$48) -> 1 | F50: =COUNTIF('Year 2'!$L$6:$L$1005,F$48) -> 3 | G50: =COUNTIF('Year 2'!$L$6:$L$1005,G$48) -> 0 | H50: =SUM(C50:G50) -> 5
B51: Year 3 | C51: =COUNTIF('Year 3'!$L$6:$L$1005,C$48) -> 2 | D51: =COUNTIF('Year 3'!$L$6:$L$1005,D$48) -> 3 | E51: =COUNTIF('Year 3'!$L$6:$L$1005,E$48) -> 0 | F51: =COUNTIF('Year 3'!$L$6:$L$1005,F$48) -> 2 | G51: =COUNTIF('Year 3'!$L$6:$L$1005,G$48) -> 0 | H51: =SUM(C51:G51) -> 7
B52: Year 4 | C52: =COUNTIF('Year 4'!$L$6:$L$1005,C$48) -> 0 | D52: =COUNTIF('Year 4'!$L$6:$L$1005,D$48) -> 3 | E52: =COUNTIF('Year 4'!$L$6:$L$1005,E$48) -> 2 | F52: =COUNTIF('Year 4'!$L$6:$L$1005,F$48) -> 1 | G52: =COUNTIF('Year 4'!$L$6:$L$1005,G$48) -> 0 | H52: =SUM(C52:G52) -> 6
B53: Year 5 | C53: =COUNTIF('Year 5'!$L$6:$L$1005,C$48) -> 1 | D53: =COUNTIF('Year 5'!$L$6:$L$1005,D$48) -> 5 | E53: =COUNTIF('Year 5'!$L$6:$L$1005,E$48) -> 1 | F53: =COUNTIF('Year 5'!$L$6:$L$1005,F$48) -> 0 | G53: =COUNTIF('Year 5'!$L$6:$L$1005,G$48) -> 0 | H53: =SUM(C53:G53) -> 7
B54: Year 6 | C54: =COUNTIF('Year 6'!$L$6:$L$1005,C$48) -> 0 | D54: =COUNTIF('Year 6'!$L$6:$L$1005,D$48) -> 4 | E54: =COUNTIF('Year 6'!$L$6:$L$1005,E$48) -> 2 | F54: =COUNTIF('Year 6'!$L$6:$L$1005,F$48) -> 1 | G54: =COUNTIF('Year 6'!$L$6:$L$1005,G$48) -> 0 | H54: =SUM(C54:G54) -> 7
B55: Year 7 | C55: =COUNTIF('Year 7'!$L$6:$L$1005,C$48) -> 1 | D55: =COUNTIF('Year 7'!$L$6:$L$1005,D$48) -> 1 | E55: =COUNTIF('Year 7'!$L$6:$L$1005,E$48) -> 3 | F55: =COUNTIF('Year 7'!$L$6:$L$1005,F$48) -> 1 | G55: =COUNTIF('Year 7'!$L$6:$L$1005,G$48) -> 0 | H55: =SUM(C55:G55) -> 6
B56: Year 8 | C56: =COUNTIF('Year 8'!$L$6:$L$1005,C$48) -> 0 | D56: =COUNTIF('Year 8'!$L$6:$L$1005,D$48) -> 3 | E56: =COUNTIF('Year 8'!$L$6:$L$1005,E$48) -> 3 | F56: =COUNTIF('Year 8'!$L$6:$L$1005,F$48) -> 0 | G56: =COUNTIF('Year 8'!$L$6:$L$1005,G$48) -> 0 | H56: =SUM(C56:G56) -> 6
B57: Year 9 | C57: =COUNTIF('Year 9'!$L$6:$L$1005,C$48) -> 0 | D57: =COUNTIF('Year 9'!$L$6:$L$1005,D$48) -> 2 | E57: =COUNTIF('Year 9'!$L$6:$L$1005,E$48) -> 2 | F57: =COUNTIF('Year 9'!$L$6:$L$1005,F$48) -> 1 | G57: =COUNTIF('Year 9'!$L$6:$L$1005,G$48) -> 1 | H57: =SUM(C57:G57) -> 6
B58: Year 10 | C58: =COUNTIF('Year 10'!$L$6:$L$1005,C$48) -> 1 | D58: =COUNTIF('Year 10'!$L$6:$L$1005,D$48) -> 1 | E58: =COUNTIF('Year 10'!$L$6:$L$1005,E$48) -> 2 | F58: =COUNTIF('Year 10'!$L$6:$L$1005,F$48) -> 1 | G58: =COUNTIF('Year 10'!$L$6:$L$1005,G$48) -> 0 | H58: =SUM(C58:G58) -> 5
B59: All years | C59: =SUM(C49:C58) -> 6 | D59: =SUM(D49:D58) -> 25 | E59: =SUM(E49:E58) -> 18 | F59: =SUM(F49:F58) -> 10 | G59: =SUM(G49:G58) -> 1 | H59: =SUM(H49:H58) -> 60
B62: Speaking band, counts
B63: Year group | C63: A | D63: B | E63: C | F63: D | G63: E | H63: Banded
B64: Year 1 | C64: =COUNTIF('Year 1'!$M$6:$M$1005,C$63) -> 1 | D64: =COUNTIF('Year 1'!$M$6:$M$1005,D$63) -> 1 | E64: =COUNTIF('Year 1'!$M$6:$M$1005,E$63) -> 2 | F64: =COUNTIF('Year 1'!$M$6:$M$1005,F$63) -> 1 | G64: =COUNTIF('Year 1'!$M$6:$M$1005,G$63) -> 0 | H64: =SUM(C64:G64) -> 5
B65: Year 2 | C65: =COUNTIF('Year 2'!$M$6:$M$1005,C$63) -> 1 | D65: =COUNTIF('Year 2'!$M$6:$M$1005,D$63) -> 0 | E65: =COUNTIF('Year 2'!$M$6:$M$1005,E$63) -> 2 | F65: =COUNTIF('Year 2'!$M$6:$M$1005,F$63) -> 2 | G65: =COUNTIF('Year 2'!$M$6:$M$1005,G$63) -> 0 | H65: =SUM(C65:G65) -> 5
B66: Year 3 | C66: =COUNTIF('Year 3'!$M$6:$M$1005,C$63) -> 2 | D66: =COUNTIF('Year 3'!$M$6:$M$1005,D$63) -> 1 | E66: =COUNTIF('Year 3'!$M$6:$M$1005,E$63) -> 3 | F66: =COUNTIF('Year 3'!$M$6:$M$1005,F$63) -> 1 | G66: =COUNTIF('Year 3'!$M$6:$M$1005,G$63) -> 0 | H66: =SUM(C66:G66) -> 7
B67: Year 4 | C67: =COUNTIF('Year 4'!$M$6:$M$1005,C$63) -> 0 | D67: =COUNTIF('Year 4'!$M$6:$M$1005,D$63) -> 5 | E67: =COUNTIF('Year 4'!$M$6:$M$1005,E$63) -> 0 | F67: =COUNTIF('Year 4'!$M$6:$M$1005,F$63) -> 1 | G67: =COUNTIF('Year 4'!$M$6:$M$1005,G$63) -> 0 | H67: =SUM(C67:G67) -> 6
B68: Year 5 | C68: =COUNTIF('Year 5'!$M$6:$M$1005,C$63) -> 1 | D68: =COUNTIF('Year 5'!$M$6:$M$1005,D$63) -> 3 | E68: =COUNTIF('Year 5'!$M$6:$M$1005,E$63) -> 2 | F68: =COUNTIF('Year 5'!$M$6:$M$1005,F$63) -> 0 | G68: =COUNTIF('Year 5'!$M$6:$M$1005,G$63) -> 0 | H68: =SUM(C68:G68) -> 6
B69: Year 6 | C69: =COUNTIF('Year 6'!$M$6:$M$1005,C$63) -> 1 | D69: =COUNTIF('Year 6'!$M$6:$M$1005,D$63) -> 2 | E69: =COUNTIF('Year 6'!$M$6:$M$1005,E$63) -> 3 | F69: =COUNTIF('Year 6'!$M$6:$M$1005,F$63) -> 1 | G69: =COUNTIF('Year 6'!$M$6:$M$1005,G$63) -> 0 | H69: =SUM(C69:G69) -> 7
B70: Year 7 | C70: =COUNTIF('Year 7'!$M$6:$M$1005,C$63) -> 1 | D70: =COUNTIF('Year 7'!$M$6:$M$1005,D$63) -> 2 | E70: =COUNTIF('Year 7'!$M$6:$M$1005,E$63) -> 3 | F70: =COUNTIF('Year 7'!$M$6:$M$1005,F$63) -> 0 | G70: =COUNTIF('Year 7'!$M$6:$M$1005,G$63) -> 0 | H70: =SUM(C70:G70) -> 6
B71: Year 8 | C71: =COUNTIF('Year 8'!$M$6:$M$1005,C$63) -> 1 | D71: =COUNTIF('Year 8'!$M$6:$M$1005,D$63) -> 2 | E71: =COUNTIF('Year 8'!$M$6:$M$1005,E$63) -> 3 | F71: =COUNTIF('Year 8'!$M$6:$M$1005,F$63) -> 0 | G71: =COUNTIF('Year 8'!$M$6:$M$1005,G$63) -> 0 | H71: =SUM(C71:G71) -> 6
B72: Year 9 | C72: =COUNTIF('Year 9'!$M$6:$M$1005,C$63) -> 0 | D72: =COUNTIF('Year 9'!$M$6:$M$1005,D$63) -> 1 | E72: =COUNTIF('Year 9'!$M$6:$M$1005,E$63) -> 3 | F72: =COUNTIF('Year 9'!$M$6:$M$1005,F$63) -> 0 | G72: =COUNTIF('Year 9'!$M$6:$M$1005,G$63) -> 2 | H72: =SUM(C72:G72) -> 6
B73: Year 10 | C73: =COUNTIF('Year 10'!$M$6:$M$1005,C$63) -> 1 | D73: =COUNTIF('Year 10'!$M$6:$M$1005,D$63) -> 1 | E73: =COUNTIF('Year 10'!$M$6:$M$1005,E$63) -> 3 | F73: =COUNTIF('Year 10'!$M$6:$M$1005,F$63) -> 0 | G73: =COUNTIF('Year 10'!$M$6:$M$1005,G$63) -> 0 | H73: =SUM(C73:G73) -> 5
B74: All years | C74: =SUM(C64:C73) -> 9 | D74: =SUM(D64:D73) -> 18 | E74: =SUM(E64:E73) -> 24 | F74: =SUM(F64:F73) -> 6 | G74: =SUM(G64:G73) -> 2 | H74: =SUM(H64:H73) -> 59
B77: Reading band, counts
B78: Year group | C78: A | D78: B | E78: C | F78: D | G78: E | H78: Banded
B79: Year 1 | C79: =COUNTIF('Year 1'!$P$6:$P$1005,C$78) -> 1 | D79: =COUNTIF('Year 1'!$P$6:$P$1005,D$78) -> 1 | E79: =COUNTIF('Year 1'!$P$6:$P$1005,E$78) -> 3 | F79: =COUNTIF('Year 1'!$P$6:$P$1005,F$78) -> 0 | G79: =COUNTIF('Year 1'!$P$6:$P$1005,G$78) -> 0 | H79: =SUM(C79:G79) -> 5
B80: Year 2 | C80: =COUNTIF('Year 2'!$P$6:$P$1005,C$78) -> 1 | D80: =COUNTIF('Year 2'!$P$6:$P$1005,D$78) -> 1 | E80: =COUNTIF('Year 2'!$P$6:$P$1005,E$78) -> 2 | F80: =COUNTIF('Year 2'!$P$6:$P$1005,F$78) -> 1 | G80: =COUNTIF('Year 2'!$P$6:$P$1005,G$78) -> 0 | H80: =SUM(C80:G80) -> 5
B81: Year 3 | C81: =COUNTIF('Year 3'!$P$6:$P$1005,C$78) -> 3 | D81: =COUNTIF('Year 3'!$P$6:$P$1005,D$78) -> 1 | E81: =COUNTIF('Year 3'!$P$6:$P$1005,E$78) -> 1 | F81: =COUNTIF('Year 3'!$P$6:$P$1005,F$78) -> 2 | G81: =COUNTIF('Year 3'!$P$6:$P$1005,G$78) -> 0 | H81: =SUM(C81:G81) -> 7
B82: Year 4 | C82: =COUNTIF('Year 4'!$P$6:$P$1005,C$78) -> 1 | D82: =COUNTIF('Year 4'!$P$6:$P$1005,D$78) -> 3 | E82: =COUNTIF('Year 4'!$P$6:$P$1005,E$78) -> 2 | F82: =COUNTIF('Year 4'!$P$6:$P$1005,F$78) -> 0 | G82: =COUNTIF('Year 4'!$P$6:$P$1005,G$78) -> 0 | H82: =SUM(C82:G82) -> 6
B83: Year 5 | C83: =COUNTIF('Year 5'!$P$6:$P$1005,C$78) -> 1 | D83: =COUNTIF('Year 5'!$P$6:$P$1005,D$78) -> 3 | E83: =COUNTIF('Year 5'!$P$6:$P$1005,E$78) -> 2 | F83: =COUNTIF('Year 5'!$P$6:$P$1005,F$78) -> 1 | G83: =COUNTIF('Year 5'!$P$6:$P$1005,G$78) -> 0 | H83: =SUM(C83:G83) -> 7
B84: Year 6 | C84: =COUNTIF('Year 6'!$P$6:$P$1005,C$78) -> 0 | D84: =COUNTIF('Year 6'!$P$6:$P$1005,D$78) -> 3 | E84: =COUNTIF('Year 6'!$P$6:$P$1005,E$78) -> 3 | F84: =COUNTIF('Year 6'!$P$6:$P$1005,F$78) -> 1 | G84: =COUNTIF('Year 6'!$P$6:$P$1005,G$78) -> 0 | H84: =SUM(C84:G84) -> 7
B85: Year 7 | C85: =COUNTIF('Year 7'!$P$6:$P$1005,C$78) -> 1 | D85: =COUNTIF('Year 7'!$P$6:$P$1005,D$78) -> 3 | E85: =COUNTIF('Year 7'!$P$6:$P$1005,E$78) -> 1 | F85: =COUNTIF('Year 7'!$P$6:$P$1005,F$78) -> 1 | G85: =COUNTIF('Year 7'!$P$6:$P$1005,G$78) -> 0 | H85: =SUM(C85:G85) -> 6
B86: Year 8 | C86: =COUNTIF('Year 8'!$P$6:$P$1005,C$78) -> 2 | D86: =COUNTIF('Year 8'!$P$6:$P$1005,D$78) -> 1 | E86: =COUNTIF('Year 8'!$P$6:$P$1005,E$78) -> 1 | F86: =COUNTIF('Year 8'!$P$6:$P$1005,F$78) -> 2 | G86: =COUNTIF('Year 8'!$P$6:$P$1005,G$78) -> 0 | H86: =SUM(C86:G86) -> 6
B87: Year 9 | C87: =COUNTIF('Year 9'!$P$6:$P$1005,C$78) -> 0 | D87: =COUNTIF('Year 9'!$P$6:$P$1005,D$78) -> 3 | E87: =COUNTIF('Year 9'!$P$6:$P$1005,E$78) -> 1 | F87: =COUNTIF('Year 9'!$P$6:$P$1005,F$78) -> 2 | G87: =COUNTIF('Year 9'!$P$6:$P$1005,G$78) -> 0 | H87: =SUM(C87:G87) -> 6
B88: Year 10 | C88: =COUNTIF('Year 10'!$P$6:$P$1005,C$78) -> 0 | D88: =COUNTIF('Year 10'!$P$6:$P$1005,D$78) -> 1 | E88: =COUNTIF('Year 10'!$P$6:$P$1005,E$78) -> 3 | F88: =COUNTIF('Year 10'!$P$6:$P$1005,F$78) -> 1 | G88: =COUNTIF('Year 10'!$P$6:$P$1005,G$78) -> 0 | H88: =SUM(C88:G88) -> 5
B89: All years | C89: =SUM(C79:C88) -> 10 | D89: =SUM(D79:D88) -> 20 | E89: =SUM(E79:E88) -> 19 | F89: =SUM(F79:F88) -> 11 | G89: =SUM(G79:G88) -> 0 | H89: =SUM(H79:H88) -> 60
B92: Reading aloud (indicative) band, counts
B93: Year group | C93: A | D93: B | E93: C | F93: D | G93: E | H93: Banded
B94: Year 1 | C94: =COUNTIF('Year 1'!$S$6:$S$1005,C$93) -> 0 | D94: =COUNTIF('Year 1'!$S$6:$S$1005,D$93) -> 0 | E94: =COUNTIF('Year 1'!$S$6:$S$1005,E$93) -> 0 | F94: =COUNTIF('Year 1'!$S$6:$S$1005,F$93) -> 1 | G94: =COUNTIF('Year 1'!$S$6:$S$1005,G$93) -> 4 | H94: =SUM(C94:G94) -> 5
B95: Year 2 | C95: =COUNTIF('Year 2'!$S$6:$S$1005,C$93) -> 0 | D95: =COUNTIF('Year 2'!$S$6:$S$1005,D$93) -> 0 | E95: =COUNTIF('Year 2'!$S$6:$S$1005,E$93) -> 1 | F95: =COUNTIF('Year 2'!$S$6:$S$1005,F$93) -> 1 | G95: =COUNTIF('Year 2'!$S$6:$S$1005,G$93) -> 3 | H95: =SUM(C95:G95) -> 5
B96: Year 3 | C96: =COUNTIF('Year 3'!$S$6:$S$1005,C$93) -> 0 | D96: =COUNTIF('Year 3'!$S$6:$S$1005,D$93) -> 4 | E96: =COUNTIF('Year 3'!$S$6:$S$1005,E$93) -> 0 | F96: =COUNTIF('Year 3'!$S$6:$S$1005,F$93) -> 0 | G96: =COUNTIF('Year 3'!$S$6:$S$1005,G$93) -> 3 | H96: =SUM(C96:G96) -> 7
B97: Year 4 | C97: =COUNTIF('Year 4'!$S$6:$S$1005,C$93) -> 0 | D97: =COUNTIF('Year 4'!$S$6:$S$1005,D$93) -> 1 | E97: =COUNTIF('Year 4'!$S$6:$S$1005,E$93) -> 3 | F97: =COUNTIF('Year 4'!$S$6:$S$1005,F$93) -> 1 | G97: =COUNTIF('Year 4'!$S$6:$S$1005,G$93) -> 1 | H97: =SUM(C97:G97) -> 6
B98: Year 5 | C98: =COUNTIF('Year 5'!$S$6:$S$1005,C$93) -> 1 | D98: =COUNTIF('Year 5'!$S$6:$S$1005,D$93) -> 3 | E98: =COUNTIF('Year 5'!$S$6:$S$1005,E$93) -> 1 | F98: =COUNTIF('Year 5'!$S$6:$S$1005,F$93) -> 0 | G98: =COUNTIF('Year 5'!$S$6:$S$1005,G$93) -> 2 | H98: =SUM(C98:G98) -> 7
B99: Year 6 | C99: =COUNTIF('Year 6'!$S$6:$S$1005,C$93) -> 0 | D99: =COUNTIF('Year 6'!$S$6:$S$1005,D$93) -> 0 | E99: =COUNTIF('Year 6'!$S$6:$S$1005,E$93) -> 2 | F99: =COUNTIF('Year 6'!$S$6:$S$1005,F$93) -> 1 | G99: =COUNTIF('Year 6'!$S$6:$S$1005,G$93) -> 4 | H99: =SUM(C99:G99) -> 7
B100: Year 7 | C100: =COUNTIF('Year 7'!$S$6:$S$1005,C$93) -> 1 | D100: =COUNTIF('Year 7'!$S$6:$S$1005,D$93) -> 0 | E100: =COUNTIF('Year 7'!$S$6:$S$1005,E$93) -> 0 | F100: =COUNTIF('Year 7'!$S$6:$S$1005,F$93) -> 0 | G100: =COUNTIF('Year 7'!$S$6:$S$1005,G$93) -> 5 | H100: =SUM(C100:G100) -> 6
B101: Year 8 | C101: =COUNTIF('Year 8'!$S$6:$S$1005,C$93) -> 0 | D101: =COUNTIF('Year 8'!$S$6:$S$1005,D$93) -> 1 | E101: =COUNTIF('Year 8'!$S$6:$S$1005,E$93) -> 1 | F101: =COUNTIF('Year 8'!$S$6:$S$1005,F$93) -> 0 | G101: =COUNTIF('Year 8'!$S$6:$S$1005,G$93) -> 4 | H101: =SUM(C101:G101) -> 6
B102: Year 9 | C102: =COUNTIF('Year 9'!$S$6:$S$1005,C$93) -> 0 | D102: =COUNTIF('Year 9'!$S$6:$S$1005,D$93) -> 0 | E102: =COUNTIF('Year 9'!$S$6:$S$1005,E$93) -> 1 | F102: =COUNTIF('Year 9'!$S$6:$S$1005,F$93) -> 1 | G102: =COUNTIF('Year 9'!$S$6:$S$1005,G$93) -> 4 | H102: =SUM(C102:G102) -> 6
B103: Year 10 | C103: =COUNTIF('Year 10'!$S$6:$S$1005,C$93) -> 0 | D103: =COUNTIF('Year 10'!$S$6:$S$1005,D$93) -> 1 | E103: =COUNTIF('Year 10'!$S$6:$S$1005,E$93) -> 0 | F103: =COUNTIF('Year 10'!$S$6:$S$1005,F$93) -> 0 | G103: =COUNTIF('Year 10'!$S$6:$S$1005,G$93) -> 4 | H103: =SUM(C103:G103) -> 5
B104: All years | C104: =SUM(C94:C103) -> 2 | D104: =SUM(D94:D103) -> 10 | E104: =SUM(E94:E103) -> 9 | F104: =SUM(F94:F103) -> 5 | G104: =SUM(G94:G103) -> 34 | H104: =SUM(H94:H103) -> 60
B107: Writing band, counts
B108: Year group | C108: A | D108: B | E108: C | F108: D | G108: E | H108: Banded
B109: Year 1 | C109: =COUNTIF('Year 1'!$U$6:$U$1005,C$108) -> 2 | D109: =COUNTIF('Year 1'!$U$6:$U$1005,D$108) -> 0 | E109: =COUNTIF('Year 1'!$U$6:$U$1005,E$108) -> 3 | F109: =COUNTIF('Year 1'!$U$6:$U$1005,F$108) -> 0 | G109: =COUNTIF('Year 1'!$U$6:$U$1005,G$108) -> 0 | H109: =SUM(C109:G109) -> 5
B110: Year 2 | C110: =COUNTIF('Year 2'!$U$6:$U$1005,C$108) -> 1 | D110: =COUNTIF('Year 2'!$U$6:$U$1005,D$108) -> 0 | E110: =COUNTIF('Year 2'!$U$6:$U$1005,E$108) -> 3 | F110: =COUNTIF('Year 2'!$U$6:$U$1005,F$108) -> 1 | G110: =COUNTIF('Year 2'!$U$6:$U$1005,G$108) -> 0 | H110: =SUM(C110:G110) -> 5
B111: Year 3 | C111: =COUNTIF('Year 3'!$U$6:$U$1005,C$108) -> 0 | D111: =COUNTIF('Year 3'!$U$6:$U$1005,D$108) -> 3 | E111: =COUNTIF('Year 3'!$U$6:$U$1005,E$108) -> 2 | F111: =COUNTIF('Year 3'!$U$6:$U$1005,F$108) -> 2 | G111: =COUNTIF('Year 3'!$U$6:$U$1005,G$108) -> 0 | H111: =SUM(C111:G111) -> 7
B112: Year 4 | C112: =COUNTIF('Year 4'!$U$6:$U$1005,C$108) -> 0 | D112: =COUNTIF('Year 4'!$U$6:$U$1005,D$108) -> 3 | E112: =COUNTIF('Year 4'!$U$6:$U$1005,E$108) -> 3 | F112: =COUNTIF('Year 4'!$U$6:$U$1005,F$108) -> 0 | G112: =COUNTIF('Year 4'!$U$6:$U$1005,G$108) -> 0 | H112: =SUM(C112:G112) -> 6
B113: Year 5 | C113: =COUNTIF('Year 5'!$U$6:$U$1005,C$108) -> 2 | D113: =COUNTIF('Year 5'!$U$6:$U$1005,D$108) -> 1 | E113: =COUNTIF('Year 5'!$U$6:$U$1005,E$108) -> 3 | F113: =COUNTIF('Year 5'!$U$6:$U$1005,F$108) -> 1 | G113: =COUNTIF('Year 5'!$U$6:$U$1005,G$108) -> 0 | H113: =SUM(C113:G113) -> 7
...

Sheet Year 1
A1: Year 1 admissions tracker
A2: One row per candidate. Type in the white cells (blue text). Grey columns are not used in this year group. Blue-grey columns are calculated: do not type in them. Instructions: sheet How_To_Use.
B3: Maximum mark (Year 1 grading sheet) | K3: 10 | O3: not used | Q3: 72 | T3: 16 | W3: 15 | Y3: 3 | AA3: not used | AB3: not used
A4: Candidate | F4: Visit and status | K4: English | W4: Maths and science | AC4: Interview and follow-up | AG4: Decision and family | AM4: Calculated: do not type
A5: Candidate number | B5: Name (or initials) | C5: Date of birth | D5: Current school | E5: Boarding (Y/N) | F5: Date applied | G5: Date assessed | H5: Assessor (initials) | I5: Paper version sat | J5: Status | K5: Listening score | L5: Listening band | M5: Speaking band | N5: Early Reading Screen book band (Years 1 to 3) | O5: Reading paper score (Years 4 to 10) | P5: Reading band | Q5: Sentence reading points (of 72) | R5: Reading age (calculated) | S5: Reading aloud band (indicative) | T5: Writing score | U5: Writing band | V5: Overall English band | W5: Maths score | X5: Maths band (1 to 4) | Y5: Maths word problems score | Z5: English barrier in maths? | AA5: Science score | AB5: Science band (1 to 4) | AC5: Lowest suitability rating (1 to 4) | AD5: Learning needs follow-up (Y) | AE5: Wellbeing follow-up (Y) | AF5: Safeguarding referral made (Y) | AG5: Recommendation | AH5: English support level | AI5: Date decision confirmed | AJ5: Date family told | AK5: Date result and report given | AL5: Notes (no sensitive detail) | AM5: Age at assessment (months) | AN5: Reading age minus age (months) | AO5: Days from assessment to family told | AP5: Data check
A6: D01-001 | B6: Demo candidate Y01-01 | C6: 44221 | D6: Demo Bilingual School | E6: N | F6: 46276 | G6: 46310 | H6: EF | I6: v3.1 | J6: Enrolled | K6: 3 | L6: B | M6: B | N6: Pink | P6: B | Q6: 0 | R6: =IF(Q6="","",IF(Q6=0,"below 5:00",IF(Q6>=66,"16:00 or above",INT((60+2*Q6)/12)&":"&TEXT(MOD(60+2*Q6,12),"00")))) -> below 5:00 | S6: D | T6: 4 | U6: A | V6: B | W6: 7 | X6: 2 | Y6: 1 | AC6: 2 | AG6: Offer with English support | AH6: Timetabled support lessons | AI6: 46314 | AJ6: 46316 | AK6: 46316 | AM6: =IF(OR(C6="",G6=""),"",IFERROR(DATEDIF(C6,G6,"m"),"")) -> 68 | AN6: =IF(OR(Q6="",AM6=""),"",60+2*Q6-AM6) -> -8 | AO6: =IF(OR(G6="",AJ6=""),"",AJ6-G6) -> 6 | AP6: =IF(AND(A6="",B6=""),"",IF(J6="","Status needed",IF(OR(J6="Applied",J6="Visit booked",J6="Withdrawn"),"OK",IF(G6="","Date assessed needed",IF(C6="","Date of birth needed",IF(COUNTA(L6,M6,P6,U6,V6,X6)<6,"Band missing",IF(AND(OR(J6="Decision confirmed",J6="Family told",J6="Enrolled"),AG6=""),"Recommendation needed",IF(AND(OR(J6="Family told",J6="Enrolled"),AJ6=""),"Date family told needed","OK")))))))) -> OK
A7: D01-002 | B7: Demo candidate Y01-02 | C7: 44150 | D7: Demo International Kindergarten | E7: N | F7: 46263 | G7: 46276 | H7: EF | I7: v3.1 | J7: Decision confirmed | K7: 5 | L7: C | M7: C | N7: Red | P7: C | Q7: 11 | R7: =IF(Q7="","",IF(Q7=0,"below 5:00",IF(Q7>=66,"16:00 or above",INT((60+2*Q7)/12)&":"&TEXT(MOD(60+2*Q7,12),"00")))) -> 6:10 | S7: E | T7: 9 | U7: C | V7: C | W7: 11 | X7: 3 | Y7: 2 | AC7: 2 | AG7: Offer with English support | AH7: In-class support and monitoring | AI7: 46282 | AM7: =IF(OR(C7="",G7=""),"",IFERROR(DATEDIF(C7,G7,"m"),"")) -> 69 | AN7: =IF(OR(Q7="",AM7=""),"",60+2*Q7-AM7) -> 13 | AO7: =IF(OR(G7="",AJ7=""),"",AJ7-G7) | AP7: =IF(AND(A7="",B7=""),"",IF(J7="","Status needed",IF(OR(J7="Applied",J7="Visit booked",J7="Withdrawn"),"OK",IF(G7="","Date assessed needed",IF(C7="","Date of birth needed",IF(COUNTA(L7,M7,P7,U7,V7,X7)<6,"Band missing",IF(AND(OR(J7="Decision confirmed",J7="Family told",J7="Enrolled"),AG7=""),"Recommendation needed",IF(AND(OR(J7="Family told",J7="Enrolled"),AJ7=""),"Date family told needed","OK")))))))) -> OK
A8: D01-003 | B8: Demo candidate Y01-03 | C8: 44350 | D8: Demo Local Primary | E8: N | F8: 46273 | G8: 46307 | H8: EF | I8: v3.1 | J8: Enrolled | K8: 2 | L8: A | M8: A | N8: Not yet Pink | P8: A | Q8: 0 | R8: =IF(Q8="","",IF(Q8=0,"below 5:00",IF(Q8>=66,"16:00 or above",INT((60+2*Q8)/12)&":"&TEXT(MOD(60+2*Q8,12),"00")))) -> below 5:00 | S8: E | T8: 3 | U8: A | V8: A | W8: 9 | X8: 3 | Y8: 2 | AC8: 2 | AG8: Offer with English support | AH8: Intensive (new to English) | AI8: 46312 | AJ8: 46314 | AK8: 46314 | AM8: =IF(OR(C8="",G8=""),"",IFERROR(DATEDIF(C8,G8,"m"),"")) -> 64 | AN8: =IF(OR(Q8="",AM8=""),"",60+2*Q8-AM8) -> -4 | AO8: =IF(OR(G8="",AJ8=""),"",AJ8-G8) -> 7 | AP8: =IF(AND(A8="",B8=""),"",IF(J8="","Status needed",IF(OR(J8="Applied",J8="Visit booked",J8="Withdrawn"),"OK",IF(G8="","Date assessed needed",IF(C8="","Date of birth needed",IF(COUNTA(L8,M8,P8,U8,V8,X8)<6,"Band missing",IF(AND(OR(J8="Decision confirmed",J8="Family told",J8="Enrolled"),AG8=""),"Recommendation needed",IF(AND(OR(J8="Family told",J8="Enrolled"),AJ8=""),"Date family told needed","OK")))))))) -> OK
A9: D01-004 | B9: Demo candidate Y01-04 | C9: 44190 | D9: Demo International Kindergarten | E9: Y | F9: 46270 | G9: 46297 | H9: EF | I9: v3.1 | J9: Family told | K9: 5 | L9: C | M9: D | N9: Red | P9: C | Q9: 17 | R9: =IF(Q9="","",IF(Q9=0,"below 5:00",IF(Q9>=66,"16:00 or above",INT((60+2*Q9)/12)&":"&TEXT(MOD(60+2*Q9,12),"00")))) -> 7:10 | S9: E | T9: 7 | U9: C | V9: C | W9: 7 | X9: 2 | Y9: 2 | AC9: 3 | AD9: Y | AG9: Offer with English support | AH9: In-class support and monitoring | AI9: 46302 | AJ9: 46306 | AK9: 46306 | AM9: =IF(OR(C9="",G9=""),"",IFERROR(DATEDIF(C9,G9,"m"),"")) -> 69 | AN9: =IF(OR(Q9="",AM9=""),"",60+2*Q9-AM9) -> 25 | AO9: =IF(OR(G9="",AJ9=""),"",AJ9-G9) -> 9 | AP9: =IF(AND(A9="",B9=""),"",IF(J9="","Status needed",IF(OR(J9="Applied",J9="Visit booked",J9="Withdrawn"),"OK",IF(G9="","Date assessed needed",IF(C9="","Date of birth needed",IF(COUNTA(L9,M9,P9,U9,V9,X9)<6,"Band missing",IF(AND(OR(J9="Decision confirmed",J9="Family told",J9="Enrolled"),AG9=""),"Recommendation needed",IF(AND(OR(J9="Family told",J9="Enrolled"),AJ9=""),"Date family told needed","OK")))))))) -> OK
A10: D01-005 | B10: Demo candidate Y01-05 | C10: 44202 | D10: Demo Local Primary | E10: N | F10: 46297 | G10: 46307 | H10: CD | I10: v3.1 | J10: Family told | K10: 4 | L10: B | M10: C | N10: Red | P10: C | Q10: 6 | R10: =IF(Q10="","",IF(Q10=0,"below 5:00",IF(Q10>=66,"16:00 or above",INT((60+2*Q10)/12)&":"&TEXT(MOD(60+2*Q10,12),"00")))) -> 6:00 | S10: E | T10: 9 | U10: C | V10: C | W10: 4 | X10: 1 | Y10: 0 | AC10: 1 | AG10: Further assessment before a decision | AI10: 46312 | AJ10: 46315 | AK10: 46315 | AL10: Demo note: parents asked about the boarding timetable. | AM10: =IF(OR(C10="",G10=""),"",IFERROR(DATEDIF(C10,G10,"m"),"")) -> 69 | AN10: =IF(OR(Q10="",AM10=""),"",60+2*Q10-AM10) -> 3 | AO10: =IF(OR(G10="",AJ10=""),"",AJ10-G10) -> 8 | AP10: =IF(AND(A10="",B10=""),"",IF(J10="","Status needed",IF(OR(J10="Applied",J10="Visit booked",J10="Withdrawn"),"OK",IF(G10="","Date assessed needed",IF(C10="","Date of birth needed",IF(COUNTA(L10,M10,P10,U10,V10,X10)<6,"Band missing",IF(AND(OR(J10="Decision confirmed",J10="Family told",J10="Enrolled"),AG10=""),"Recommendation needed",IF(AND(OR(J10="Family told",J10="Enrolled"),AJ10=""),"Date family told needed","OK")))))))) -> OK
A11: D01-006 | B11: Demo candidate Y01-06 | C11: 44104 | D11: Demo Bilingual School | E11: N | F11: 46294 | I11: v3.1 | J11: Applied | R11: =IF(Q11="","",IF(Q11=0,"below 5:00",IF(Q11>=66,"16:00 or above",INT((60+2*Q11)/12)&":"&TEXT(MOD(60+2*Q11,12),"00")))) | AM11: =IF(OR(C11="",G11=""),"",IFERROR(DATEDIF(C11,G11,"m"),"")) | AN11: =IF(OR(Q11="",AM11=""),"",60+2*Q11-AM11) | AO11: =IF(OR(G11="",AJ11=""),"",AJ11-G11) | AP11: =IF(AND(A11="",B11=""),"",IF(J11="","Status needed",IF(OR(J11="Applied",J11="Visit booked",J11="Withdrawn"),"OK",IF(G11="","Date assessed needed",IF(C11="","Date of birth needed",IF(COUNTA(L11,M11,P11,U11,V11,X11)<6,"Band missing",IF(AND(OR(J11="Decision confirmed",J11="Family told",J11="Enrolled"),AG11=""),"Recommendation needed",IF(AND(OR(J11="Family told",J11="Enrolled"),AJ11=""),"Date family told needed","OK")))))))) -> OK
R12: =IF(Q12="","",IF(Q12=0,"below 5:00",IF(Q12>=66,"16:00 or above",INT((60+2*Q12)/12)&":"&TEXT(MOD(60+2*Q12,12),"00")))) | AM12: =IF(OR(C12="",G12=""),"",IFERROR(DATEDIF(C12,G12,"m"),"")) | AN12: =IF(OR(Q12="",AM12=""),"",60+2*Q12-AM12) | AO12: =IF(OR(G12="",AJ12=""),"",AJ12-G12) | AP12: =IF(AND(A12="",B12=""),"",IF(J12="","Status needed",IF(OR(J12="Applied",J12="Visit booked",J12="Withdrawn"),"OK",IF(G12="","Date assessed needed",IF(C12="","Date of birth needed",IF(COUNTA(L12,M12,P12,U12,V12,X12)<6,"Band missing",IF(AND(OR(J12="Decision confirmed",J12="Family told",J12="Enrolled"),AG12=""),"Recommendation needed",IF(AND(OR(J12="Family told",J12="Enrolled"),AJ12=""),"Date family told needed","OK"))))))))
R13: =IF(Q13="","",IF(Q13=0,"below 5:00",IF(Q13>=66,"16:00 or above",INT((60+2*Q13)/12)&":"&TEXT(MOD(60+2*Q13,12),"00")))) | AM13: =IF(OR(C13="",G13=""),"",IFERROR(DATEDIF(C13,G13,"m"),"")) | AN13: =IF(OR(Q13="",AM13=""),"",60+2*Q13-AM13) | AO13: =IF(OR(G13="",AJ13=""),"",AJ13-G13) | AP13: =IF(AND(A13="",B13=""),"",IF(J13="","Status needed",IF(OR(J13="Applied",J13="Visit booked",J13="Withdrawn"),"OK",IF(G13="","Date assessed needed",IF(C13="","Date of birth needed",IF(COUNTA(L13,M13,P13,U13,V13,X13)<6,"Band missing",IF(AND(OR(J13="Decision confirmed",J13="Family told",J13="Enrolled"),AG13=""),"Recommendation needed",IF(AND(OR(J13="Family told",J13="Enrolled"),AJ13=""),"Date family told needed","OK"))))))))
R14: =IF(Q14="","",IF(Q14=0,"below 5:00",IF(Q14>=66,"16:00 or above",INT((60+2*Q14)/12)&":"&TEXT(MOD(60+2*Q14,12),"00")))) | AM14: =IF(OR(C14="",G14=""),"",IFERROR(DATEDIF(C14,G14,"m"),"")) | AN14: =IF(OR(Q14="",AM14=""),"",60+2*Q14-AM14) | AO14: =IF(OR(G14="",AJ14=""),"",AJ14-G14) | AP14: =IF(AND(A14="",B14=""),"",IF(J14="","Status needed",IF(OR(J14="Applied",J14="Visit booked",J14="Withdrawn"),"OK",IF(G14="","Date assessed needed",IF(C14="","Date of birth needed",IF(COUNTA(L14,M14,P14,U14,V14,X14)<6,"Band missing",IF(AND(OR(J14="Decision confirmed",J14="Family told",J14="Enrolled"),AG14=""),"Recommendation needed",IF(AND(OR(J14="Family told",J14="Enrolled"),AJ14=""),"Date family told needed","OK"))))))))
R15: =IF(Q15="","",IF(Q15=0,"below 5:00",IF(Q15>=66,"16:00 or above",INT((60+2*Q15)/12)&":"&TEXT(MOD(60+2*Q15,12),"00")))) | AM15: =IF(OR(C15="",G15=""),"",IFERROR(DATEDIF(C15,G15,"m"),"")) | AN15: =IF(OR(Q15="",AM15=""),"",60+2*Q15-AM15) | AO15: =IF(OR(G15="",AJ15=""),"",AJ15-G15) | AP15: =IF(AND(A15="",B15=""),"",IF(J15="","Status needed",IF(OR(J15="Applied",J15="Visit booked",J15="Withdrawn"),"OK",IF(G15="","Date assessed needed",IF(C15="","Date of birth needed",IF(COUNTA(L15,M15,P15,U15,V15,X15)<6,"Band missing",IF(AND(OR(J15="Decision confirmed",J15="Family told",J15="Enrolled"),AG15=""),"Recommendation needed",IF(AND(OR(J15="Family told",J15="Enrolled"),AJ15=""),"Date family told needed","OK"))))))))
R16: =IF(Q16="","",IF(Q16=0,"below 5:00",IF(Q16>=66,"16:00 or above",INT((60+2*Q16)/12)&":"&TEXT(MOD(60+2*Q16,12),"00")))) | AM16: =IF(OR(C16="",G16=""),"",IFERROR(DATEDIF(C16,G16,"m"),"")) | AN16: =IF(OR(Q16="",AM16=""),"",60+2*Q16-AM16) | AO16: =IF(OR(G16="",AJ16=""),"",AJ16-G16) | AP16: =IF(AND(A16="",B16=""),"",IF(J16="","Status needed",IF(OR(J16="Applied",J16="Visit booked",J16="Withdrawn"),"OK",IF(G16="","Date assessed needed",IF(C16="","Date of birth needed",IF(COUNTA(L16,M16,P16,U16,V16,X16)<6,"Band missing",IF(AND(OR(J16="Decision confirmed",J16="Family told",J16="Enrolled"),AG16=""),"Recommendation needed",IF(AND(OR(J16="Family told",J16="Enrolled"),AJ16=""),"Date family told needed","OK"))))))))
R17: =IF(Q17="","",IF(Q17=0,"below 5:00",IF(Q17>=66,"16:00 or above",INT((60+2*Q17)/12)&":"&TEXT(MOD(60+2*Q17,12),"00")))) | AM17: =IF(OR(C17="",G17=""),"",IFERROR(DATEDIF(C17,G17,"m"),"")) | AN17: =IF(OR(Q17="",AM17=""),"",60+2*Q17-AM17) | AO17: =IF(OR(G17="",AJ17=""),"",AJ17-G17) | AP17: =IF(AND(A17="",B17=""),"",IF(J17="","Status needed",IF(OR(J17="Applied",J17="Visit booked",J17="Withdrawn"),"OK",IF(G17="","Date assessed needed",IF(C17="","Date of birth needed",IF(COUNTA(L17,M17,P17,U17,V17,X17)<6,"Band missing",IF(AND(OR(J17="Decision confirmed",J17="Family told",J17="Enrolled"),AG17=""),"Recommendation needed",IF(AND(OR(J17="Family told",J17="Enrolled"),AJ17=""),"Date family told needed","OK"))))))))
R18: =IF(Q18="","",IF(Q18=0,"below 5:00",IF(Q18>=66,"16:00 or above",INT((60+2*Q18)/12)&":"&TEXT(MOD(60+2*Q18,12),"00")))) | AM18: =IF(OR(C18="",G18=""),"",IFERROR(DATEDIF(C18,G18,"m"),"")) | AN18: =IF(OR(Q18="",AM18=""),"",60+2*Q18-AM18) | AO18: =IF(OR(G18="",AJ18=""),"",AJ18-G18) | AP18: =IF(AND(A18="",B18=""),"",IF(J18="","Status needed",IF(OR(J18="Applied",J18="Visit booked",J18="Withdrawn"),"OK",IF(G18="","Date assessed needed",IF(C18="","Date of birth needed",IF(COUNTA(L18,M18,P18,U18,V18,X18)<6,"Band missing",IF(AND(OR(J18="Decision confirmed",J18="Family told",J18="Enrolled"),AG18=""),"Recommendation needed",IF(AND(OR(J18="Family told",J18="Enrolled"),AJ18=""),"Date family told needed","OK"))))))))
R19: =IF(Q19="","",IF(Q19=0,"below 5:00",IF(Q19>=66,"16:00 or above",INT((60+2*Q19)/12)&":"&TEXT(MOD(60+2*Q19,12),"00")))) | AM19: =IF(OR(C19="",G19=""),"",IFERROR(DATEDIF(C19,G19,"m"),"")) | AN19: =IF(OR(Q19="",AM19=""),"",60+2*Q19-AM19) | AO19: =IF(OR(G19="",AJ19=""),"",AJ19-G19) | AP19: =IF(AND(A19="",B19=""),"",IF(J19="","Status needed",IF(OR(J19="Applied",J19="Visit booked",J19="Withdrawn"),"OK",IF(G19="","Date assessed needed",IF(C19="","Date of birth needed",IF(COUNTA(L19,M19,P19,U19,V19,X19)<6,"Band missing",IF(AND(OR(J19="Decision confirmed",J19="Family told",J19="Enrolled"),AG19=""),"Recommendation needed",IF(AND(OR(J19="Family told",J19="Enrolled"),AJ19=""),"Date family told needed","OK"))))))))
R20: =IF(Q20="","",IF(Q20=0,"below 5:00",IF(Q20>=66,"16:00 or above",INT((60+2*Q20)/12)&":"&TEXT(MOD(60+2*Q20,12),"00")))) | AM20: =IF(OR(C20="",G20=""),"",IFERROR(DATEDIF(C20,G20,"m"),"")) | AN20: =IF(OR(Q20="",AM20=""),"",60+2*Q20-AM20) | AO20: =IF(OR(G20="",AJ20=""),"",AJ20-G20) | AP20: =IF(AND(A20="",B20=""),"",IF(J20="","Status needed",IF(OR(J20="Applied",J20="Visit booked",J20="Withdrawn"),"OK",IF(G20="","Date assessed needed",IF(C20="","Date of birth needed",IF(COUNTA(L20,M20,P20,U20,V20,X20)<6,"Band missing",IF(AND(OR(J20="Decision confirmed",J20="Family told",J20="Enrolled"),AG20=""),"Recommendation needed",IF(AND(OR(J20="Family told",J20="Enrolled"),AJ20=""),"Date family told needed","OK"))))))))
R21: =IF(Q21="","",IF(Q21=0,"below 5:00",IF(Q21>=66,"16:00 or above",INT((60+2*Q21)/12)&":"&TEXT(MOD(60+2*Q21,12),"00")))) | AM21: =IF(OR(C21="",G21=""),"",IFERROR(DATEDIF(C21,G21,"m"),"")) | AN21: =IF(OR(Q21="",AM21=""),"",60+2*Q21-AM21) | AO21: =IF(OR(G21="",AJ21=""),"",AJ21-G21) | AP21: =IF(AND(A21="",B21=""),"",IF(J21="","Status needed",IF(OR(J21="Applied",J21="Visit booked",J21="Withdrawn"),"OK",IF(G21="","Date assessed needed",IF(C21="","Date of birth needed",IF(COUNTA(L21,M21,P21,U21,V21,X21)<6,"Band missing",IF(AND(OR(J21="Decision confirmed",J21="Family told",J21="Enrolled"),AG21=""),"Recommendation needed",IF(AND(OR(J21="Family told",J21="Enrolled"),AJ21=""),"Date family told needed","OK"))))))))
R22: =IF(Q22="","",IF(Q22=0,"below 5:00",IF(Q22>=66,"16:00 or above",INT((60+2*Q22)/12)&":"&TEXT(MOD(60+2*Q22,12),"00")))) | AM22: =IF(OR(C22="",G22=""),"",IFERROR(DATEDIF(C22,G22,"m"),"")) | AN22: =IF(OR(Q22="",AM22=""),"",60+2*Q22-AM22) | AO22: =IF(OR(G22="",AJ22=""),"",AJ22-G22) | AP22: =IF(AND(A22="",B22=""),"",IF(J22="","Status needed",IF(OR(J22="Applied",J22="Visit booked",J22="Withdrawn"),"OK",IF(G22="","Date assessed needed",IF(C22="","Date of birth needed",IF(COUNTA(L22,M22,P22,U22,V22,X22)<6,"Band missing",IF(AND(OR(J22="Decision confirmed",J22="Family told",J22="Enrolled"),AG22=""),"Recommendation needed",IF(AND(OR(J22="Family told",J22="Enrolled"),AJ22=""),"Date family told needed","OK"))))))))
R23: =IF(Q23="","",IF(Q23=0,"below 5:00",IF(Q23>=66,"16:00 or above",INT((60+2*Q23)/12)&":"&TEXT(MOD(60+2*Q23,12),"00")))) | AM23: =IF(OR(C23="",G23=""),"",IFERROR(DATEDIF(C23,G23,"m"),"")) | AN23: =IF(OR(Q23="",AM23=""),"",60+2*Q23-AM23) | AO23: =IF(OR(G23="",AJ23=""),"",AJ23-G23) | AP23: =IF(AND(A23="",B23=""),"",IF(J23="","Status needed",IF(OR(J23="Applied",J23="Visit booked",J23="Withdrawn"),"OK",IF(G23="","Date assessed needed",IF(C23="","Date of birth needed",IF(COUNTA(L23,M23,P23,U23,V23,X23)<6,"Band missing",IF(AND(OR(J23="Decision confirmed",J23="Family told",J23="Enrolled"),AG23=""),"Recommendation needed",IF(AND(OR(J23="Family told",J23="Enrolled"),AJ23=""),"Date family told needed","OK"))))))))
... R305: =IF(Q305="","",IF(Q305=0,"below 5:00",IF(Q305>=66,"16:00 or above",INT((60+2*Q305)/12)&":"&TEXT(MOD(60+2*Q305,12),"00")))) | AM305: =IF(OR(C305="",G305=""),"",IFERROR(DATEDIF(C305,G305,"m"),"")) | AN305: =IF(OR(Q305="",AM305=""),"",60+2*Q305-AM305) | AO305: =IF(OR(G305="",AJ305=""),"",AJ305-G305) | AP305: =IF(AND(A305="",B305=""),"",IF(J305="","Status needed",IF(OR(J305="Applied",J305="Visit booked",J305="Withdrawn"),"OK",IF(G305="","Date assessed needed",IF(C305="","Date of birth needed",IF(COUNTA(L305,M305,P305,U305,V305,X305)<6,"Band missing",IF(AND(OR(J305="Decision confirmed",J305="Family told",J305="Enrolled"),AG305=""),"Recommendation needed",IF(AND(OR(J305="Family told",J305="Enrolled"),AJ305=""),"Date family told needed","OK"))))))))

Sheet Year 2
A1: Year 2 admissions tracker
A2: One row per candidate. Type in the white cells (blue text). Grey columns are not used in this year group. Blue-grey columns are calculated: do not type in them. Instructions: sheet How_To_Use.
B3: Maximum mark (Year 2 grading sheet) | K3: 10 | O3: not used | Q3: 72 | T3: 16 | W3: 20 | Y3: 5 | AA3: not used | AB3: not used
A4: Candidate | F4: Visit and status | K4: English | W4: Maths and science | AC4: Interview and follow-up | AG4: Decision and family | AM4: Calculated: do not type
A5: Candidate number | B5: Name (or initials) | C5: Date of birth | D5: Current school | E5: Boarding (Y/N) | F5: Date applied | G5: Date assessed | H5: Assessor (initials) | I5: Paper version sat | J5: Status | K5: Listening score | L5: Listening band | M5: Speaking band | N5: Early Reading Screen book band (Years 1 to 3) | O5: Reading paper score (Years 4 to 10) | P5: Reading band | Q5: Sentence reading points (of 72) | R5: Reading age (calculated) | S5: Reading aloud band (indicative) | T5: Writing score | U5: Writing band | V5: Overall English band | W5: Maths score | X5: Maths band (1 to 4) | Y5: Maths word problems score | Z5: English barrier in maths? | AA5: Science score | AB5: Science band (1 to 4) | AC5: Lowest suitability rating (1 to 4) | AD5: Learning needs follow-up (Y) | AE5: Wellbeing follow-up (Y) | AF5: Safeguarding referral made (Y) | AG5: Recommendation | AH5: English support level | AI5: Date decision confirmed | AJ5: Date family told | AK5: Date result and report given | AL5: Notes (no sensitive detail) | AM5: Age at assessment (months) | AN5: Reading age minus age (months) | AO5: Days from assessment to family told | AP5: Data check
A6: D02-001 | B6: Demo candidate Y02-01 | C6: 43810 | D6: Demo International Kindergarten | E6: N | F6: 46284 | I6: v3.1 | J6: Applied | R6: =IF(Q6="","",IF(Q6=0,"below 5:00",IF(Q6>=66,"16:00 or above",INT((60+2*Q6)/12)&":"&TEXT(MOD(60+2*Q6,12),"00")))) | AM6: =IF(OR(C6="",G6=""),"",IFERROR(DATEDIF(C6,G6,"m"),"")) | AN6: =IF(OR(Q6="",AM6=""),"",60+2*Q6-AM6) | AO6: =IF(OR(G6="",AJ6=""),"",AJ6-G6) | AP6: =IF(AND(A6="",B6=""),"",IF(J6="","Status needed",IF(OR(J6="Applied",J6="Visit booked",J6="Withdrawn"),"OK",IF(G6="","Date assessed needed",IF(C6="","Date of birth needed",IF(COUNTA(L6,M6,P6,U6,V6,X6)<6,"Band missing",IF(AND(OR(J6="Decision confirmed",J6="Family told",J6="Enrolled"),AG6=""),"Recommendation needed",IF(AND(OR(J6="Family told",J6="Enrolled"),AJ6=""),"Date family told needed","OK")))))))) -> OK
A7: D02-002 | B7: Demo candidate Y02-02 | C7: 43853 | D7: Demo Local Primary | E7: N | F7: 46242 | G7: 46280 | H7: EF | I7: v3.1 | J7: Family told | K7: 7 | L7: D | M7: D | N7: Light Blue | P7: D | Q7: 17 | R7: =IF(Q7="","",IF(Q7=0,"below 5:00",IF(Q7>=66,"16:00 or above",INT((60+2*Q7)/12)&":"&TEXT(MOD(60+2*Q7,12),"00")))) -> 7:10 | S7: E | T7: 10 | U7: C | V7: D | W7: 10 | X7: 2 | Y7: 3 | AC7: 4 | AG7: Offer | AH7: None needed | AI7: 46285 | AJ7: 46287 | AK7: 46287 | AM7: =IF(OR(C7="",G7=""),"",IFERROR(DATEDIF(C7,G7,"m"),"")) -> 79 | AN7: =IF(OR(Q7="",AM7=""),"",60+2*Q7-AM7) -> 15 | AO7: =IF(OR(G7="",AJ7=""),"",AJ7-G7) -> 7 | AP7: =IF(AND(A7="",B7=""),"",IF(J7="","Status needed",IF(OR(J7="Applied",J7="Visit booked",J7="Withdrawn"),"OK",IF(G7="","Date assessed needed",IF(C7="","Date of birth needed",IF(COUNTA(L7,M7,P7,U7,V7,X7)<6,"Band missing",IF(AND(OR(J7="Decision confirmed",J7="Family told",J7="Enrolled"),AG7=""),"Recommendation needed",IF(AND(OR(J7="Family told",J7="Enrolled"),AJ7=""),"Date family told needed","OK")))))))) -> OK
A8: D02-003 | B8: Demo candidate Y02-03 | C8: 43957 | D8: Demo Bilingual School | E8: N | F8: 46257 | G8: 46314 | H8: AB | I8: v3.1 | J8: Assessed | K8: 7 | L8: D | M8: D | N8: Yellow | P8: C | Q8: 25 | R8: =IF(Q8="","",IF(Q8=0,"below 5:00",IF(Q8>=66,"16:00 or above",INT((60+2*Q8)/12)&":"&TEXT(MOD(60+2*Q8,12),"00")))) -> 9:02 | S8: E | T8: 9 | U8: C | V8: C | W8: 11 | X8: 3 | Y8: 2 | AC8: 4 | AM8: =IF(OR(C8="",G8=""),"",IFERROR(DATEDIF(C8,G8,"m"),"")) -> 77 | AN8: =IF(OR(Q8="",AM8=""),"",60+2*Q8-AM8) -> 33 | AO8: =IF(OR(G8="",AJ8=""),"",AJ8-G8) | AP8: =IF(AND(A8="",B8=""),"",IF(J8="","Status needed",IF(OR(J8="Applied",J8="Visit booked",J8="Withdrawn"),"OK",IF(G8="","Date assessed needed",IF(C8="","Date of birth needed",IF(COUNTA(L8,M8,P8,U8,V8,X8)<6,"Band missing",IF(AND(OR(J8="Decision confirmed",J8="Family told",J8="Enrolled"),AG8=""),"Recommendation needed",IF(AND(OR(J8="Family told",J8="Enrolled"),AJ8=""),"Date family told needed","OK")))))))) -> OK
A9: D02-004 | B9: Demo candidate Y02-04 | C9: 44039 | D9: Demo Bilingual School | E9: Y | F9: 46241 | G9: 46283 | H9: AB | I9: v3.1 | J9: Family told | K9: 7 | L9: D | M9: C | N9: Yellow | P9: C | Q9: 23 | R9: =IF(Q9="","",IF(Q9=0,"below 5:00",IF(Q9>=66,"16:00 or above",INT((60+2*Q9)/12)&":"&TEXT(MOD(60+2*Q9,12),"00")))) -> 8:10 | S9: E | T9: 10 | U9: D | V9: C | W9: 13 | X9: 3 | Y9: 3 | AC9: 3 | AG9: Offer with English support | AH9: In-class support and monitoring | AI9: 46286 | AJ9: 46288 | AK9: 46288 | AM9: =IF(OR(C9="",G9=""),"",IFERROR(DATEDIF(C9,G9,"m"),"")) -> 73 | AN9: =IF(OR(Q9="",AM9=""),"",60+2*Q9-AM9) -> 33 | AO9: =IF(OR(G9="",AJ9=""),"",AJ9-G9) -> 5 | AP9: =IF(AND(A9="",B9=""),"",IF(J9="","Status needed",IF(OR(J9="Applied",J9="Visit booked",J9="Withdrawn"),"OK",IF(G9="","Date assessed needed",IF(C9="","Date of birth needed",IF(COUNTA(L9,M9,P9,U9,V9,X9)<6,"Band missing",IF(AND(OR(J9="Decision confirmed",J9="Family told",J9="Enrolled"),AG9=""),"Recommendation needed",IF(AND(OR(J9="Family told",J9="Enrolled"),AJ9=""),"Date family told needed","OK")))))))) -> OK
A10: D02-005 | B10: Demo candidate Y02-05 | C10: 43892 | D10: Demo Local Primary | E10: Y | F10: 46244 | G10: 46301 | H10: CD | I10: v3.1 | J10: Decision confirmed | K10: 5 | L10: C | M10: C | N10: Red | P10: B | Q10: 4 | R10: =IF(Q10="","",IF(Q10=0,"below 5:00",IF(Q10>=66,"16:00 or above",INT((60+2*Q10)/12)&":"&TEXT(MOD(60+2*Q10,12),"00")))) -> 5:08 | S10: D | T10: 8 | U10: C | V10: C | W10: 12 | X10: 3 | Y10: 3 | AC10: 4 | AD10: Y | AE10: Y | AG10: Offer with English support | AH10: In-class support and monitoring | AI10: 46305 | AM10: =IF(OR(C10="",G10=""),"",IFERROR(DATEDIF(C10,G10,"m"),"")) -> 79 | AN10: =IF(OR(Q10="",AM10=""),"",60+2*Q10-AM10) -> -11 | AO10: =IF(OR(G10="",AJ10=""),"",AJ10-G10) | AP10: =IF(AND(A10="",B10=""),"",IF(J10="","Status needed",IF(OR(J10="Applied",J10="Visit booked",J10="Withdrawn"),"OK",IF(G10="","Date assessed needed",IF(C10="","Date of birth needed",IF(COUNTA(L10,M10,P10,U10,V10,X10)<6,"Band missing",IF(AND(OR(J10="Decision confirmed",J10="Family told",J10="Enrolled"),AG10=""),"Recommendation needed",IF(AND(OR(J10="Family told",J10="Enrolled"),AJ10=""),"Date family told needed","OK")))))))) -> OK
A11: D02-006 | B11: Demo candidate Y02-06 | C11: 43861 | D11: Demo Local Primary | E11: N | F11: 46250 | I11: v3.1 | J11: Withdrawn | R11: =IF(Q11="","",IF(Q11=0,"below 5:00",IF(Q11>=66,"16:00 or above",INT((60+2*Q11)/12)&":"&TEXT(MOD(60+2*Q11,12),"00")))) | AL11: Family chose another school. | AM11: =IF(OR(C11="",G11=""),"",IFERROR(DATEDIF(C11,G11,"m"),"")) | AN11: =IF(OR(Q11="",AM11=""),"",60+2*Q11-AM11) | AO11: =IF(OR(G11="",AJ11=""),"",AJ11-G11) | AP11: =IF(AND(A11="",B11=""),"",IF(J11="","Status needed",IF(OR(J11="Applied",J11="Visit booked",J11="Withdrawn"),"OK",IF(G11="","Date assessed needed",IF(C11="","Date of birth needed",IF(COUNTA(L11,M11,P11,U11,V11,X11)<6,"Band missing",IF(AND(OR(J11="Decision confirmed",J11="Family told",J11="Enrolled"),AG11=""),"Recommendation needed",IF(AND(OR(J11="Family told",J11="Enrolled"),AJ11=""),"Date family told needed","OK")))))))) -> OK
A12: D02-007 | B12: Demo candidate Y02-07 | C12: 43973 | D12: Demo International Kindergarten | E12: N | F12: 46283 | G12: 46308 | H12: EF | I12: v3.1 | J12: Decision confirmed | K12: 3 | L12: B | M12: A | N12: Pink | P12: A | Q12: 0 | R12: =IF(Q12="","",IF(Q12=0,"below 5:00",IF(Q12>=66,"16:00 or above",INT((60+2*Q12)/12)&":"&TEXT(MOD(60+2*Q12,12),"00")))) -> below 5:00 | S12: C | T12: 4 | U12: A | V12: A | W12: 11 | X12: 2 | Y12: 3 | AC12: 3 | AG12: Offer with English support | AH12: Intensive (new to English) | AI12: 46314 | AM12: =IF(OR(C12="",G12=""),"",IFERROR(DATEDIF(C12,G12,"m"),"")) -> 76 | AN12: =IF(OR(Q12="",AM12=""),"",60+2*Q12-AM12) -> -16 | AO12: =IF(OR(G12="",AJ12=""),"",AJ12-G12) | AP12: =IF(AND(A12="",B12=""),"",IF(J12="","Status needed",IF(OR(J12="Applied",J12="Visit booked",J12="Withdrawn"),"OK",IF(G12="","Date assessed needed",IF(C12="","Date of birth needed",IF(COUNTA(L12,M12,P12,U12,V12,X12)<6,"Band missing",IF(AND(OR(J12="Decision confirmed",J12="Family told",J12="Enrolled"),AG12=""),"Recommendation needed",IF(AND(OR(J12="Family told",J12="Enrolled"),AJ12=""),"Date family told needed","OK")))))))) -> OK
R13: =IF(Q13="","",IF(Q13=0,"below 5:00",IF(Q13>=66,"16:00 or above",INT((60+2*Q13)/12)&":"&TEXT(MOD(60+2*Q13,12),"00")))) | AM13: =IF(OR(C13="",G13=""),"",IFERROR(DATEDIF(C13,G13,"m"),"")) | AN13: =IF(OR(Q13="",AM13=""),"",60+2*Q13-AM13) | AO13: =IF(OR(G13="",AJ13=""),"",AJ13-G13) | AP13: =IF(AND(A13="",B13=""),"",IF(J13="","Status needed",IF(OR(J13="Applied",J13="Visit booked",J13="Withdrawn"),"OK",IF(G13="","Date assessed needed",IF(C13="","Date of birth needed",IF(COUNTA(L13,M13,P13,U13,V13,X13)<6,"Band missing",IF(AND(OR(J13="Decision confirmed",J13="Family told",J13="Enrolled"),AG13=""),"Recommendation needed",IF(AND(OR(J13="Family told",J13="Enrolled"),AJ13=""),"Date family told needed","OK"))))))))
R14: =IF(Q14="","",IF(Q14=0,"below 5:00",IF(Q14>=66,"16:00 or above",INT((60+2*Q14)/12)&":"&TEXT(MOD(60+2*Q14,12),"00")))) | AM14: =IF(OR(C14="",G14=""),"",IFERROR(DATEDIF(C14,G14,"m"),"")) | AN14: =IF(OR(Q14="",AM14=""),"",60+2*Q14-AM14) | AO14: =IF(OR(G14="",AJ14=""),"",AJ14-G14) | AP14: =IF(AND(A14="",B14=""),"",IF(J14="","Status needed",IF(OR(J14="Applied",J14="Visit booked",J14="Withdrawn"),"OK",IF(G14="","Date assessed needed",IF(C14="","Date of birth needed",IF(COUNTA(L14,M14,P14,U14,V14,X14)<6,"Band missing",IF(AND(OR(J14="Decision confirmed",J14="Family told",J14="Enrolled"),AG14=""),"Recommendation needed",IF(AND(OR(J14="Family told",J14="Enrolled"),AJ14=""),"Date family told needed","OK"))))))))
R15: =IF(Q15="","",IF(Q15=0,"below 5:00",IF(Q15>=66,"16:00 or above",INT((60+2*Q15)/12)&":"&TEXT(MOD(60+2*Q15,12),"00")))) | AM15: =IF(OR(C15="",G15=""),"",IFERROR(DATEDIF(C15,G15,"m"),"")) | AN15: =IF(OR(Q15="",AM15=""),"",60+2*Q15-AM15) | AO15: =IF(OR(G15="",AJ15=""),"",AJ15-G15) | AP15: =IF(AND(A15="",B15=""),"",IF(J15="","Status needed",IF(OR(J15="Applied",J15="Visit booked",J15="Withdrawn"),"OK",IF(G15="","Date assessed needed",IF(C15="","Date of birth needed",IF(COUNTA(L15,M15,P15,U15,V15,X15)<6,"Band missing",IF(AND(OR(J15="Decision confirmed",J15="Family told",J15="Enrolled"),AG15=""),"Recommendation needed",IF(AND(OR(J15="Family told",J15="Enrolled"),AJ15=""),"Date family told needed","OK"))))))))
R16: =IF(Q16="","",IF(Q16=0,"below 5:00",IF(Q16>=66,"16:00 or above",INT((60+2*Q16)/12)&":"&TEXT(MOD(60+2*Q16,12),"00")))) | AM16: =IF(OR(C16="",G16=""),"",IFERROR(DATEDIF(C16,G16,"m"),"")) | AN16: =IF(OR(Q16="",AM16=""),"",60+2*Q16-AM16) | AO16: =IF(OR(G16="",AJ16=""),"",AJ16-G16) | AP16: =IF(AND(A16="",B16=""),"",IF(J16="","Status needed",IF(OR(J16="Applied",J16="Visit booked",J16="Withdrawn"),"OK",IF(G16="","Date assessed needed",IF(C16="","Date of birth needed",IF(COUNTA(L16,M16,P16,U16,V16,X16)<6,"Band missing",IF(AND(OR(J16="Decision confirmed",J16="Family told",J16="Enrolled"),AG16=""),"Recommendation needed",IF(AND(OR(J16="Family told",J16="Enrolled"),AJ16=""),"Date family told needed","OK"))))))))
R17: =IF(Q17="","",IF(Q17=0,"below 5:00",IF(Q17>=66,"16:00 or above",INT((60+2*Q17)/12)&":"&TEXT(MOD(60+2*Q17,12),"00")))) | AM17: =IF(OR(C17="",G17=""),"",IFERROR(DATEDIF(C17,G17,"m"),"")) | AN17: =IF(OR(Q17="",AM17=""),"",60+2*Q17-AM17) | AO17: =IF(OR(G17="",AJ17=""),"",AJ17-G17) | AP17: =IF(AND(A17="",B17=""),"",IF(J17="","Status needed",IF(OR(J17="Applied",J17="Visit booked",J17="Withdrawn"),"OK",IF(G17="","Date assessed needed",IF(C17="","Date of birth needed",IF(COUNTA(L17,M17,P17,U17,V17,X17)<6,"Band missing",IF(AND(OR(J17="Decision confirmed",J17="Family told",J17="Enrolled"),AG17=""),"Recommendation needed",IF(AND(OR(J17="Family told",J17="Enrolled"),AJ17=""),"Date family told needed","OK"))))))))
R18: =IF(Q18="","",IF(Q18=0,"below 5:00",IF(Q18>=66,"16:00 or above",INT((60+2*Q18)/12)&":"&TEXT(MOD(60+2*Q18,12),"00")))) | AM18: =IF(OR(C18="",G18=""),"",IFERROR(DATEDIF(C18,G18,"m"),"")) | AN18: =IF(OR(Q18="",AM18=""),"",60+2*Q18-AM18) | AO18: =IF(OR(G18="",AJ18=""),"",AJ18-G18) | AP18: =IF(AND(A18="",B18=""),"",IF(J18="","Status needed",IF(OR(J18="Applied",J18="Visit booked",J18="Withdrawn"),"OK",IF(G18="","Date assessed needed",IF(C18="","Date of birth needed",IF(COUNTA(L18,M18,P18,U18,V18,X18)<6,"Band missing",IF(AND(OR(J18="Decision confirmed",J18="Family told",J18="Enrolled"),AG18=""),"Recommendation needed",IF(AND(OR(J18="Family told",J18="Enrolled"),AJ18=""),"Date family told needed","OK"))))))))
R19: =IF(Q19="","",IF(Q19=0,"below 5:00",IF(Q19>=66,"16:00 or above",INT((60+2*Q19)/12)&":"&TEXT(MOD(60+2*Q19,12),"00")))) | AM19: =IF(OR(C19="",G19=""),"",IFERROR(DATEDIF(C19,G19,"m"),"")) | AN19: =IF(OR(Q19="",AM19=""),"",60+2*Q19-AM19) | AO19: =IF(OR(G19="",AJ19=""),"",AJ19-G19) | AP19: =IF(AND(A19="",B19=""),"",IF(J19="","Status needed",IF(OR(J19="Applied",J19="Visit booked",J19="Withdrawn"),"OK",IF(G19="","Date assessed needed",IF(C19="","Date of birth needed",IF(COUNTA(L19,M19,P19,U19,V19,X19)<6,"Band missing",IF(AND(OR(J19="Decision confirmed",J19="Family told",J19="Enrolled"),AG19=""),"Recommendation needed",IF(AND(OR(J19="Family told",J19="Enrolled"),AJ19=""),"Date family told needed","OK"))))))))
R20: =IF(Q20="","",IF(Q20=0,"below 5:00",IF(Q20>=66,"16:00 or above",INT((60+2*Q20)/12)&":"&TEXT(MOD(60+2*Q20,12),"00")))) | AM20: =IF(OR(C20="",G20=""),"",IFERROR(DATEDIF(C20,G20,"m"),"")) | AN20: =IF(OR(Q20="",AM20=""),"",60+2*Q20-AM20) | AO20: =IF(OR(G20="",AJ20=""),"",AJ20-G20) | AP20: =IF(AND(A20="",B20=""),"",IF(J20="","Status needed",IF(OR(J20="Applied",J20="Visit booked",J20="Withdrawn"),"OK",IF(G20="","Date assessed needed",IF(C20="","Date of birth needed",IF(COUNTA(L20,M20,P20,U20,V20,X20)<6,"Band missing",IF(AND(OR(J20="Decision confirmed",J20="Family told",J20="Enrolled"),AG20=""),"Recommendation needed",IF(AND(OR(J20="Family told",J20="Enrolled"),AJ20=""),"Date family told needed","OK"))))))))
R21: =IF(Q21="","",IF(Q21=0,"below 5:00",IF(Q21>=66,"16:00 or above",INT((60+2*Q21)/12)&":"&TEXT(MOD(60+2*Q21,12),"00")))) | AM21: =IF(OR(C21="",G21=""),"",IFERROR(DATEDIF(C21,G21,"m"),"")) | AN21: =IF(OR(Q21="",AM21=""),"",60+2*Q21-AM21) | AO21: =IF(OR(G21="",AJ21=""),"",AJ21-G21) | AP21: =IF(AND(A21="",B21=""),"",IF(J21="","Status needed",IF(OR(J21="Applied",J21="Visit booked",J21="Withdrawn"),"OK",IF(G21="","Date assessed needed",IF(C21="","Date of birth needed",IF(COUNTA(L21,M21,P21,U21,V21,X21)<6,"Band missing",IF(AND(OR(J21="Decision confirmed",J21="Family told",J21="Enrolled"),AG21=""),"Recommendation needed",IF(AND(OR(J21="Family told",J21="Enrolled"),AJ21=""),"Date family told needed","OK"))))))))
R22: =IF(Q22="","",IF(Q22=0,"below 5:00",IF(Q22>=66,"16:00 or above",INT((60+2*Q22)/12)&":"&TEXT(MOD(60+2*Q22,12),"00")))) | AM22: =IF(OR(C22="",G22=""),"",IFERROR(DATEDIF(C22,G22,"m"),"")) | AN22: =IF(OR(Q22="",AM22=""),"",60+2*Q22-AM22) | AO22: =IF(OR(G22="",AJ22=""),"",AJ22-G22) | AP22: =IF(AND(A22="",B22=""),"",IF(J22="","Status needed",IF(OR(J22="Applied",J22="Visit booked",J22="Withdrawn"),"OK",IF(G22="","Date assessed needed",IF(C22="","Date of birth needed",IF(COUNTA(L22,M22,P22,U22,V22,X22)<6,"Band missing",IF(AND(OR(J22="Decision confirmed",J22="Family told",J22="Enrolled"),AG22=""),"Recommendation needed",IF(AND(OR(J22="Family told",J22="Enrolled"),AJ22=""),"Date family told needed","OK"))))))))
R23: =IF(Q23="","",IF(Q23=0,"below 5:00",IF(Q23>=66,"16:00 or above",INT((60+2*Q23)/12)&":"&TEXT(MOD(60+2*Q23,12),"00")))) | AM23: =IF(OR(C23="",G23=""),"",IFERROR(DATEDIF(C23,G23,"m"),"")) | AN23: =IF(OR(Q23="",AM23=""),"",60+2*Q23-AM23) | AO23: =IF(OR(G23="",AJ23=""),"",AJ23-G23) | AP23: =IF(AND(A23="",B23=""),"",IF(J23="","Status needed",IF(OR(J23="Applied",J23="Visit booked",J23="Withdrawn"),"OK",IF(G23="","Date assessed needed",IF(C23="","Date of birth needed",IF(COUNTA(L23,M23,P23,U23,V23,X23)<6,"Band missing",IF(AND(OR(J23="Decision confirmed",J23="Family told",J23="Enrolled"),AG23=""),"Recommendation needed",IF(AND(OR(J23="Family told",J23="Enrolled"),AJ23=""),"Date family told needed","OK"))))))))
R24: =IF(Q24="","",IF(Q24=0,"below 5:00",IF(Q24>=66,"16:00 or above",INT((60+2*Q24)/12)&":"&TEXT(MOD(60+2*Q24,12),"00")))) | AM24: =IF(OR(C24="",G24=""),"",IFERROR(DATEDIF(C24,G24,"m"),"")) | AN24: =IF(OR(Q24="",AM24=""),"",60+2*Q24-AM24) | AO24: =IF(OR(G24="",AJ24=""),"",AJ24-G24) | AP24: =IF(AND(A24="",B24=""),"",IF(J24="","Status needed",IF(OR(J24="Applied",J24="Visit booked",J24="Withdrawn"),"OK",IF(G24="","Date assessed needed",IF(C24="","Date of birth needed",IF(COUNTA(L24,M24,P24,U24,V24,X24)<6,"Band missing",IF(AND(OR(J24="Decision confirmed",J24="Family told",J24="Enrolled"),AG24=""),"Recommendation needed",IF(AND(OR(J24="Family told",J24="Enrolled"),AJ24=""),"Date family told needed","OK"))))))))
... R305: =IF(Q305="","",IF(Q305=0,"below 5:00",IF(Q305>=66,"16:00 or above",INT((60+2*Q305)/12)&":"&TEXT(MOD(60+2*Q305,12),"00")))) | AM305: =IF(OR(C305="",G305=""),"",IFERROR(DATEDIF(C305,G305,"m"),"")) | AN305: =IF(OR(Q305="",AM305=""),"",60+2*Q305-AM305) | AO305: =IF(OR(G305="",AJ305=""),"",AJ305-G305) | AP305: =IF(AND(A305="",B305=""),"",IF(J305="","Status needed",IF(OR(J305="Applied",J305="Visit booked",J305="Withdrawn"),"OK",IF(G305="","Date assessed needed",IF(C305="","Date of birth needed",IF(COUNTA(L305,M305,P305,U305,V305,X305)<6,"Band missing",IF(AND(OR(J305="Decision confirmed",J305="Family told",J305="Enrolled"),AG305=""),"Recommendation needed",IF(AND(OR(J305="Family told",J305="Enrolled"),AJ305=""),"Date family told needed","OK"))))))))

Sheet Year 3
A1: Year 3 admissions tracker
A2: One row per candidate. Type in the white cells (blue text). Grey columns are not used in this year group. Blue-grey columns are calculated: do not type in them. Instructions: sheet How_To_Use.
B3: Maximum mark (Year 3 grading sheet) | K3: 10 | O3: not used | Q3: 72 | T3: 16 | W3: 24 | Y3: 4 | AA3: not used | AB3: not used
A4: Candidate | F4: Visit and status | K4: English | W4: Maths and science | AC4: Interview and follow-up | AG4: Decision and family | AM4: Calculated: do not type
A5: Candidate number | B5: Name (or initials) | C5: Date of birth | D5: Current school | E5: Boarding (Y/N) | F5: Date applied | G5: Date assessed | H5: Assessor (initials) | I5: Paper version sat | J5: Status | K5: Listening score | L5: Listening band | M5: Speaking band | N5: Early Reading Screen book band (Years 1 to 3) | O5: Reading paper score (Years 4 to 10) | P5: Reading band | Q5: Sentence reading points (of 72) | R5: Reading age (calculated) | S5: Reading aloud band (indicative) | T5: Writing score | U5: Writing band | V5: Overall English band | W5: Maths score | X5: Maths band (1 to 4) | Y5: Maths word problems score | Z5: English barrier in maths? | AA5: Science score | AB5: Science band (1 to 4) | AC5: Lowest suitability rating (1 to 4) | AD5: Learning needs follow-up (Y) | AE5: Wellbeing follow-up (Y) | AF5: Safeguarding referral made (Y) | AG5: Recommendation | AH5: English support level | AI5: Date decision confirmed | AJ5: Date family told | AK5: Date result and report given | AL5: Notes (no sensitive detail) | AM5: Age at assessment (months) | AN5: Reading age minus age (months) | AO5: Days from assessment to family told | AP5: Data check
A6: D03-001 | B6: Demo candidate Y03-01 | C6: 43391 | D6: Demo Local Primary | E6: Y | F6: 46235 | G6: 46300 | H6: CD | I6: v3.1 | J6: Assessed | K6: 8 | L6: D | M6: D | N6: Green | P6: D | Q6: 46 | R6: =IF(Q6="","",IF(Q6=0,"below 5:00",IF(Q6>=66,"16:00 or above",INT((60+2*Q6)/12)&":"&TEXT(MOD(60+2*Q6,12),"00")))) -> 12:08 | S6: E | T6: 12 | U6: D | V6: D | W6: 21 | X6: 4 | Y6: 3 | AC6: 3 | AM6: =IF(OR(C6="",G6=""),"",IFERROR(DATEDIF(C6,G6,"m"),"")) -> 95 | AN6: =IF(OR(Q6="",AM6=""),"",60+2*Q6-AM6) -> 57 | AO6: =IF(OR(G6="",AJ6=""),"",AJ6-G6) | AP6: =IF(AND(A6="",B6=""),"",IF(J6="","Status needed",IF(OR(J6="Applied",J6="Visit booked",J6="Withdrawn"),"OK",IF(G6="","Date assessed needed",IF(C6="","Date of birth needed",IF(COUNTA(L6,M6,P6,U6,V6,X6)<6,"Band missing",IF(AND(OR(J6="Decision confirmed",J6="Family told",J6="Enrolled"),AG6=""),"Recommendation needed",IF(AND(OR(J6="Family told",J6="Enrolled"),AJ6=""),"Date family told needed","OK")))))))) -> OK
A7: D03-002 | B7: Demo candidate Y03-02 | C7: 43401 | D7: Demo Local Primary | E7: N | F7: 46264 | G7: 46315 | H7: CD | I7: v3.1 | J7: Assessed | K7: 2 | L7: A | M7: B | N7: Pink | P7: A | Q7: 0 | R7: =IF(Q7="","",IF(Q7=0,"below 5:00",IF(Q7>=66,"16:00 or above",INT((60+2*Q7)/12)&":"&TEXT(MOD(60+2*Q7,12),"00")))) -> below 5:00 | S7: B | T7: 6 | U7: B | V7: A | W7: 16 | X7: 3 | Y7: 2 | AC7: 3 | AE7: Y | AM7: =IF(OR(C7="",G7=""),"",IFERROR(DATEDIF(C7,G7,"m"),"")) -> 95 | AN7: =IF(OR(Q7="",AM7=""),"",60+2*Q7-AM7) -> -35 | AO7: =IF(OR(G7="",AJ7=""),"",AJ7-G7) | AP7: =IF(AND(A7="",B7=""),"",IF(J7="","Status needed",IF(OR(J7="Applied",J7="Visit booked",J7="Withdrawn"),"OK",IF(G7="","Date assessed needed",IF(C7="","Date of birth needed",IF(COUNTA(L7,M7,P7,U7,V7,X7)<6,"Band missing",IF(AND(OR(J7="Decision confirmed",J7="Family told",J7="Enrolled"),AG7=""),"Recommendation needed",IF(AND(OR(J7="Family told",J7="Enrolled"),AJ7=""),"Date family told needed","OK")))))))) -> OK
A8: D03-003 | B8: Demo candidate Y03-03 | C8: 43482 | D8: Demo Local Primary | E8: Y | F8: 46244 | H8: AB | I8: v3.1 | J8: Visit booked | R8: =IF(Q8="","",IF(Q8=0,"below 5:00",IF(Q8>=66,"16:00 or above",INT((60+2*Q8)/12)&":"&TEXT(MOD(60+2*Q8,12),"00")))) | AM8: =IF(OR(C8="",G8=""),"",IFERROR(DATEDIF(C8,G8,"m"),"")) | AN8: =IF(OR(Q8="",AM8=""),"",60+2*Q8-AM8) | AO8: =IF(OR(G8="",AJ8=""),"",AJ8-G8) | AP8: =IF(AND(A8="",B8=""),"",IF(J8="","Status needed",IF(OR(J8="Applied",J8="Visit booked",J8="Withdrawn"),"OK",IF(G8="","Date assessed needed",IF(C8="","Date of birth needed",IF(COUNTA(L8,M8,P8,U8,V8,X8)<6,"Band missing",IF(AND(OR(J8="Decision confirmed",J8="Family told",J8="Enrolled"),AG8=""),"Recommendation needed",IF(AND(OR(J8="Family told",J8="Enrolled"),AJ8=""),"Date family told needed","OK")))))))) -> OK
A9: D03-004 | B9: Demo candidate Y03-04 | C9: 43585 | D9: Demo Bilingual School | E9: Y | F9: 46258 | G9: 46307 | H9: EF | I9: v3.1 | J9: Family told | K9: 4 | L9: B | M9: C | N9: Yellow | P9: C | Q9: 2 | R9: =IF(Q9="","",IF(Q9=0,"below 5:00",IF(Q9>=66,"16:00 or above",INT((60+2*Q9)/12)&":"&TEXT(MOD(60+2*Q9,12),"00")))) -> 5:04 | S9: B | T9: 8 | U9: C | V9: C | W9: 12 | X9: 2 | Y9: 1 | AC9: 4 | AD9: Y | AG9: Offer with English support | AH9: In-class support and monitoring | AI9: 46313 | AJ9: 46317 | AK9: 46317 | AM9: =IF(OR(C9="",G9=""),"",IFERROR(DATEDIF(C9,G9,"m"),"")) -> 89 | AN9: =IF(OR(Q9="",AM9=""),"",60+2*Q9-AM9) -> -25 | AO9: =IF(OR(G9="",AJ9=""),"",AJ9-G9) -> 10 | AP9: =IF(AND(A9="",B9=""),"",IF(J9="","Status needed",IF(OR(J9="Applied",J9="Visit booked",J9="Withdrawn"),"OK",IF(G9="","Date assessed needed",IF(C9="","Date of birth needed",IF(COUNTA(L9,M9,P9,U9,V9,X9)<6,"Band missing",IF(AND(OR(J9="Decision confirmed",J9="Family told",J9="Enrolled"),AG9=""),"Recommendation needed",IF(AND(OR(J9="Family told",J9="Enrolled"),AJ9=""),"Date family told needed","OK")))))))) -> OK
A10: D03-005 | B10: Demo candidate Y03-05 | C10: 43650 | D10: Demo Local Primary | E10: Y | F10: 46245 | G10: 46293 | H10: EF | I10: v3.1 | J10: Family told | K10: 2 | L10: A | M10: A | N10: Pink | P10: A | Q10: 0 | R10: =IF(Q10="","",IF(Q10=0,"below 5:00",IF(Q10>=66,"16:00 or above",INT((60+2*Q10)/12)&":"&TEXT(MOD(60+2*Q10,12),"00")))) -> below 5:00 | S10: B | T10: 6 | U10: B | V10: A | W10: 12 | X10: 2 | Y10: 0 | AC10: 3 | AG10: Offer with English support | AH10: Intensive (new to English) | AI10: 46295 | AJ10: 46297 | AK10: 46297 | AM10: =IF(OR(C10="",G10=""),"",IFERROR(DATEDIF(C10,G10,"m"),"")) -> 86 | AN10: =IF(OR(Q10="",AM10=""),"",60+2*Q10-AM10) -> -26 | AO10: =IF(OR(G10="",AJ10=""),"",AJ10-G10) -> 4 | AP10: =IF(AND(A10="",B10=""),"",IF(J10="","Status needed",IF(OR(J10="Applied",J10="Visit booked",J10="Withdrawn"),"OK",IF(G10="","Date assessed needed",IF(C10="","Date of birth needed",IF(COUNTA(L10,M10,P10,U10,V10,X10)<6,"Band missing",IF(AND(OR(J10="Decision confirmed",J10="Family told",J10="Enrolled"),AG10=""),"Recommendation needed",IF(AND(OR(J10="Family told",J10="Enrolled"),AJ10=""),"Date family told needed","OK")))))))) -> OK
A11: D03-006 | B11: Demo candidate Y03-06 | C11: 43355 | D11: Demo Local Primary | E11: N | F11: 46273 | G11: 46295 | H11: EF | I11: v3.1 | J11: Enrolled | K11: 3 | L11: B | M11: A | N11: Red | P11: B | Q11: 0 | R11: =IF(Q11="","",IF(Q11=0,"below 5:00",IF(Q11>=66,"16:00 or above",INT((60+2*Q11)/12)&":"&TEXT(MOD(60+2*Q11,12),"00")))) -> below 5:00 | S11: B | T11: 6 | U11: B | V11: B | W11: 2 | X11: 1 | Y11: 0 | AC11: 3 | AG11: Offer with a learning plan | AH11: Timetabled support lessons | AI11: 46297 | AJ11: 46300 | AK11: 46300 | AM11: =IF(OR(C11="",G11=""),"",IFERROR(DATEDIF(C11,G11,"m"),"")) -> 96 | AN11: =IF(OR(Q11="",AM11=""),"",60+2*Q11-AM11) -> -36 | AO11: =IF(OR(G11="",AJ11=""),"",AJ11-G11) -> 5 | AP11: =IF(AND(A11="",B11=""),"",IF(J11="","Status needed",IF(OR(J11="Applied",J11="Visit booked",J11="Withdrawn"),"OK",IF(G11="","Date assessed needed",IF(C11="","Date of birth needed",IF(COUNTA(L11,M11,P11,U11,V11,X11)<6,"Band missing",IF(AND(OR(J11="Decision confirmed",J11="Family told",J11="Enrolled"),AG11=""),"Recommendation needed",IF(AND(OR(J11="Family told",J11="Enrolled"),AJ11=""),"Date family told needed","OK")))))))) -> OK
A12: D03-007 | B12: Demo candidate Y03-07 | C12: 43447 | D12: Demo Bilingual School | E12: Y | F12: 46291 | G12: 46307 | H12: EF | I12: v3.1 | J12: Family told | K12: 4 | L12: B | M12: C | N12: Pink | P12: A | Q12: 16 | R12: =IF(Q12="","",IF(Q12=0,"below 5:00",IF(Q12>=66,"16:00 or above",INT((60+2*Q12)/12)&":"&TEXT(MOD(60+2*Q12,12),"00")))) -> 7:08 | S12: E | T12: 9 | U12: C | V12: B | W12: 12 | X12: 2 | Y12: 1 | AC12: 3 | AG12: Offer with English support | AH12: Timetabled support lessons | AI12: 46313 | AJ12: 46315 | AK12: 46315 | AM12: =IF(OR(C12="",G12=""),"",IFERROR(DATEDIF(C12,G12,"m"),"")) -> 93 | AN12: =IF(OR(Q12="",AM12=""),"",60+2*Q12-AM12) -> -1 | AO12: =IF(OR(G12="",AJ12=""),"",AJ12-G12) -> 8 | AP12: =IF(AND(A12="",B12=""),"",IF(J12="","Status needed",IF(OR(J12="Applied",J12="Visit booked",J12="Withdrawn"),"OK",IF(G12="","Date assessed needed",IF(C12="","Date of birth needed",IF(COUNTA(L12,M12,P12,U12,V12,X12)<6,"Band missing",IF(AND(OR(J12="Decision confirmed",J12="Family told",J12="Enrolled"),AG12=""),"Recommendation needed",IF(AND(OR(J12="Family told",J12="Enrolled"),AJ12=""),"Date family told needed","OK")))))))) -> OK
A13: D03-008 | B13: Demo candidate Y03-08 | C13: 43474 | D13: Demo Local Primary | E13: Y | F13: 46289 | G13: 46309 | H13: AB | I13: v3.1 | J13: Family told | K13: 7 | L13: D | M13: C | N13: Light Blue | P13: D | Q13: 20 | R13: =IF(Q13="","",IF(Q13=0,"below 5:00",IF(Q13>=66,"16:00 or above",INT((60+2*Q13)/12)&":"&TEXT(MOD(60+2*Q13,12),"00")))) -> 8:04 | S13: E | T13: 11 | U13: D | V13: D | W13: 21 | X13: 4 | Y13: 3 | AC13: 3 | AG13: Offer | AH13: None needed | AI13: 46315 | AJ13: 46317 | AK13: 46317 | AM13: =IF(OR(C13="",G13=""),"",IFERROR(DATEDIF(C13,G13,"m"),"")) -> 93 | AN13: =IF(OR(Q13="",AM13=""),"",60+2*Q13-AM13) -> 7 | AO13: =IF(OR(G13="",AJ13=""),"",AJ13-G13) -> 8 | AP13: =IF(AND(A13="",B13=""),"",IF(J13="","Status needed",IF(OR(J13="Applied",J13="Visit booked",J13="Withdrawn"),"OK",IF(G13="","Date assessed needed",IF(C13="","Date of birth needed",IF(COUNTA(L13,M13,P13,U13,V13,X13)<6,"Band missing",IF(AND(OR(J13="Decision confirmed",J13="Family told",J13="Enrolled"),AG13=""),"Recommendation needed",IF(AND(OR(J13="Family told",J13="Enrolled"),AJ13=""),"Date family told needed","OK")))))))) -> OK
R14: =IF(Q14="","",IF(Q14=0,"below 5:00",IF(Q14>=66,"16:00 or above",INT((60+2*Q14)/12)&":"&TEXT(MOD(60+2*Q14,12),"00")))) | AM14: =IF(OR(C14="",G14=""),"",IFERROR(DATEDIF(C14,G14,"m"),"")) | AN14: =IF(OR(Q14="",AM14=""),"",60+2*Q14-AM14) | AO14: =IF(OR(G14="",AJ14=""),"",AJ14-G14) | AP14: =IF(AND(A14="",B14=""),"",IF(J14="","Status needed",IF(OR(J14="Applied",J14="Visit booked",J14="Withdrawn"),"OK",IF(G14="","Date assessed needed",IF(C14="","Date of birth needed",IF(COUNTA(L14,M14,P14,U14,V14,X14)<6,"Band missing",IF(AND(OR(J14="Decision confirmed",J14="Family told",J14="Enrolled"),AG14=""),"Recommendation needed",IF(AND(OR(J14="Family told",J14="Enrolled"),AJ14=""),"Date family told needed","OK"))))))))
R15: =IF(Q15="","",IF(Q15=0,"below 5:00",IF(Q15>=66,"16:00 or above",INT((60+2*Q15)/12)&":"&TEXT(MOD(60+2*Q15,12),"00")))) | AM15: =IF(OR(C15="",G15=""),"",IFERROR(DATEDIF(C15,G15,"m"),"")) | AN15: =IF(OR(Q15="",AM15=""),"",60+2*Q15-AM15) | AO15: =IF(OR(G15="",AJ15=""),"",AJ15-G15) | AP15: =IF(AND(A15="",B15=""),"",IF(J15="","Status needed",IF(OR(J15="Applied",J15="Visit booked",J15="Withdrawn"),"OK",IF(G15="","Date assessed needed",IF(C15="","Date of birth needed",IF(COUNTA(L15,M15,P15,U15,V15,X15)<6,"Band missing",IF(AND(OR(J15="Decision confirmed",J15="Family told",J15="Enrolled"),AG15=""),"Recommendation needed",IF(AND(OR(J15="Family told",J15="Enrolled"),AJ15=""),"Date family told needed","OK"))))))))
R16: =IF(Q16="","",IF(Q16=0,"below 5:00",IF(Q16>=66,"16:00 or above",INT((60+2*Q16)/12)&":"&TEXT(MOD(60+2*Q16,12),"00")))) | AM16: =IF(OR(C16="",G16=""),"",IFERROR(DATEDIF(C16,G16,"m"),"")) | AN16: =IF(OR(Q16="",AM16=""),"",60+2*Q16-AM16) | AO16: =IF(OR(G16="",AJ16=""),"",AJ16-G16) | AP16: =IF(AND(A16="",B16=""),"",IF(J16="","Status needed",IF(OR(J16="Applied",J16="Visit booked",J16="Withdrawn"),"OK",IF(G16="","Date assessed needed",IF(C16="","Date of birth needed",IF(COUNTA(L16,M16,P16,U16,V16,X16)<6,"Band missing",IF(AND(OR(J16="Decision confirmed",J16="Family told",J16="Enrolled"),AG16=""),"Recommendation needed",IF(AND(OR(J16="Family told",J16="Enrolled"),AJ16=""),"Date family told needed","OK"))))))))
R17: =IF(Q17="","",IF(Q17=0,"below 5:00",IF(Q17>=66,"16:00 or above",INT((60+2*Q17)/12)&":"&TEXT(MOD(60+2*Q17,12),"00")))) | AM17: =IF(OR(C17="",G17=""),"",IFERROR(DATEDIF(C17,G17,"m"),"")) | AN17: =IF(OR(Q17="",AM17=""),"",60+2*Q17-AM17) | AO17: =IF(OR(G17="",AJ17=""),"",AJ17-G17) | AP17: =IF(AND(A17="",B17=""),"",IF(J17="","Status needed",IF(OR(J17="Applied",J17="Visit booked",J17="Withdrawn"),"OK",IF(G17="","Date assessed needed",IF(C17="","Date of birth needed",IF(COUNTA(L17,M17,P17,U17,V17,X17)<6,"Band missing",IF(AND(OR(J17="Decision confirmed",J17="Family told",J17="Enrolled"),AG17=""),"Recommendation needed",IF(AND(OR(J17="Family told",J17="Enrolled"),AJ17=""),"Date family told needed","OK"))))))))
R18: =IF(Q18="","",IF(Q18=0,"below 5:00",IF(Q18>=66,"16:00 or above",INT((60+2*Q18)/12)&":"&TEXT(MOD(60+2*Q18,12),"00")))) | AM18: =IF(OR(C18="",G18=""),"",IFERROR(DATEDIF(C18,G18,"m"),"")) | AN18: =IF(OR(Q18="",AM18=""),"",60+2*Q18-AM18) | AO18: =IF(OR(G18="",AJ18=""),"",AJ18-G18) | AP18: =IF(AND(A18="",B18=""),"",IF(J18="","Status needed",IF(OR(J18="Applied",J18="Visit booked",J18="Withdrawn"),"OK",IF(G18="","Date assessed needed",IF(C18="","Date of birth needed",IF(COUNTA(L18,M18,P18,U18,V18,X18)<6,"Band missing",IF(AND(OR(J18="Decision confirmed",J18="Family told",J18="Enrolled"),AG18=""),"Recommendation needed",IF(AND(OR(J18="Family told",J18="Enrolled"),AJ18=""),"Date family told needed","OK"))))))))
R19: =IF(Q19="","",IF(Q19=0,"below 5:00",IF(Q19>=66,"16:00 or above",INT((60+2*Q19)/12)&":"&TEXT(MOD(60+2*Q19,12),"00")))) | AM19: =IF(OR(C19="",G19=""),"",IFERROR(DATEDIF(C19,G19,"m"),"")) | AN19: =IF(OR(Q19="",AM19=""),"",60+2*Q19-AM19) | AO19: =IF(OR(G19="",AJ19=""),"",AJ19-G19) | AP19: =IF(AND(A19="",B19=""),"",IF(J19="","Status needed",IF(OR(J19="Applied",J19="Visit booked",J19="Withdrawn"),"OK",IF(G19="","Date assessed needed",IF(C19="","Date of birth needed",IF(COUNTA(L19,M19,P19,U19,V19,X19)<6,"Band missing",IF(AND(OR(J19="Decision confirmed",J19="Family told",J19="Enrolled"),AG19=""),"Recommendation needed",IF(AND(OR(J19="Family told",J19="Enrolled"),AJ19=""),"Date family told needed","OK"))))))))
R20: =IF(Q20="","",IF(Q20=0,"below 5:00",IF(Q20>=66,"16:00 or above",INT((60+2*Q20)/12)&":"&TEXT(MOD(60+2*Q20,12),"00")))) | AM20: =IF(OR(C20="",G20=""),"",IFERROR(DATEDIF(C20,G20,"m"),"")) | AN20: =IF(OR(Q20="",AM20=""),"",60+2*Q20-AM20) | AO20: =IF(OR(G20="",AJ20=""),"",AJ20-G20) | AP20: =IF(AND(A20="",B20=""),"",IF(J20="","Status needed",IF(OR(J20="Applied",J20="Visit booked",J20="Withdrawn"),"OK",IF(G20="","Date assessed needed",IF(C20="","Date of birth needed",IF(COUNTA(L20,M20,P20,U20,V20,X20)<6,"Band missing",IF(AND(OR(J20="Decision confirmed",J20="Family told",J20="Enrolled"),AG20=""),"Recommendation needed",IF(AND(OR(J20="Family told",J20="Enrolled"),AJ20=""),"Date family told needed","OK"))))))))
R21: =IF(Q21="","",IF(Q21=0,"below 5:00",IF(Q21>=66,"16:00 or above",INT((60+2*Q21)/12)&":"&TEXT(MOD(60+2*Q21,12),"00")))) | AM21: =IF(OR(C21="",G21=""),"",IFERROR(DATEDIF(C21,G21,"m"),"")) | AN21: =IF(OR(Q21="",AM21=""),"",60+2*Q21-AM21) | AO21: =IF(OR(G21="",AJ21=""),"",AJ21-G21) | AP21: =IF(AND(A21="",B21=""),"",IF(J21="","Status needed",IF(OR(J21="Applied",J21="Visit booked",J21="Withdrawn"),"OK",IF(G21="","Date assessed needed",IF(C21="","Date of birth needed",IF(COUNTA(L21,M21,P21,U21,V21,X21)<6,"Band missing",IF(AND(OR(J21="Decision confirmed",J21="Family told",J21="Enrolled"),AG21=""),"Recommendation needed",IF(AND(OR(J21="Family told",J21="Enrolled"),AJ21=""),"Date family told needed","OK"))))))))
R22: =IF(Q22="","",IF(Q22=0,"below 5:00",IF(Q22>=66,"16:00 or above",INT((60+2*Q22)/12)&":"&TEXT(MOD(60+2*Q22,12),"00")))) | AM22: =IF(OR(C22="",G22=""),"",IFERROR(DATEDIF(C22,G22,"m"),"")) | AN22: =IF(OR(Q22="",AM22=""),"",60+2*Q22-AM22) | AO22: =IF(OR(G22="",AJ22=""),"",AJ22-G22) | AP22: =IF(AND(A22="",B22=""),"",IF(J22="","Status needed",IF(OR(J22="Applied",J22="Visit booked",J22="Withdrawn"),"OK",IF(G22="","Date assessed needed",IF(C22="","Date of birth needed",IF(COUNTA(L22,M22,P22,U22,V22,X22)<6,"Band missing",IF(AND(OR(J22="Decision confirmed",J22="Family told",J22="Enrolled"),AG22=""),"Recommendation needed",IF(AND(OR(J22="Family told",J22="Enrolled"),AJ22=""),"Date family told needed","OK"))))))))
R23: =IF(Q23="","",IF(Q23=0,"below 5:00",IF(Q23>=66,"16:00 or above",INT((60+2*Q23)/12)&":"&TEXT(MOD(60+2*Q23,12),"00")))) | AM23: =IF(OR(C23="",G23=""),"",IFERROR(DATEDIF(C23,G23,"m"),"")) | AN23: =IF(OR(Q23="",AM23=""),"",60+2*Q23-AM23) | AO23: =IF(OR(G23="",AJ23=""),"",AJ23-G23) | AP23: =IF(AND(A23="",B23=""),"",IF(J23="","Status needed",IF(OR(J23="Applied",J23="Visit booked",J23="Withdrawn"),"OK",IF(G23="","Date assessed needed",IF(C23="","Date of birth needed",IF(COUNTA(L23,M23,P23,U23,V23,X23)<6,"Band missing",IF(AND(OR(J23="Decision confirmed",J23="Family told",J23="Enrolled"),AG23=""),"Recommendation needed",IF(AND(OR(J23="Family told",J23="Enrolled"),AJ23=""),"Date family told needed","OK"))))))))
R24: =IF(Q24="","",IF(Q24=0,"below 5:00",IF(Q24>=66,"16:00 or above",INT((60+2*Q24)/12)&":"&TEXT(MOD(60+2*Q24,12),"00")))) | AM24: =IF(OR(C24="",G24=""),"",IFERROR(DATEDIF(C24,G24,"m"),"")) | AN24: =IF(OR(Q24="",AM24=""),"",60+2*Q24-AM24) | AO24: =IF(OR(G24="",AJ24=""),"",AJ24-G24) | AP24: =IF(AND(A24="",B24=""),"",IF(J24="","Status needed",IF(OR(J24="Applied",J24="Visit booked",J24="Withdrawn"),"OK",IF(G24="","Date assessed needed",IF(C24="","Date of birth needed",IF(COUNTA(L24,M24,P24,U24,V24,X24)<6,"Band missing",IF(AND(OR(J24="Decision confirmed",J24="Family told",J24="Enrolled"),AG24=""),"Recommendation needed",IF(AND(OR(J24="Family told",J24="Enrolled"),AJ24=""),"Date family told needed","OK"))))))))
R25: =IF(Q25="","",IF(Q25=0,"below 5:00",IF(Q25>=66,"16:00 or above",INT((60+2*Q25)/12)&":"&TEXT(MOD(60+2*Q25,12),"00")))) | AM25: =IF(OR(C25="",G25=""),"",IFERROR(DATEDIF(C25,G25,"m"),"")) | AN25: =IF(OR(Q25="",AM25=""),"",60+2*Q25-AM25) | AO25: =IF(OR(G25="",AJ25=""),"",AJ25-G25) | AP25: =IF(AND(A25="",B25=""),"",IF(J25="","Status needed",IF(OR(J25="Applied",J25="Visit booked",J25="Withdrawn"),"OK",IF(G25="","Date assessed needed",IF(C25="","Date of birth needed",IF(COUNTA(L25,M25,P25,U25,V25,X25)<6,"Band missing",IF(AND(OR(J25="Decision confirmed",J25="Family told",J25="Enrolled"),AG25=""),"Recommendation needed",IF(AND(OR(J25="Family told",J25="Enrolled"),AJ25=""),"Date family told needed","OK"))))))))
... R305: =IF(Q305="","",IF(Q305=0,"below 5:00",IF(Q305>=66,"16:00 or above",INT((60+2*Q305)/12)&":"&TEXT(MOD(60+2*Q305,12),"00")))) | AM305: =IF(OR(C305="",G305=""),"",IFERROR(DATEDIF(C305,G305,"m"),"")) | AN305: =IF(OR(Q305="",AM305=""),"",60+2*Q305-AM305) | AO305: =IF(OR(G305="",AJ305=""),"",AJ305-G305) | AP305: =IF(AND(A305="",B305=""),"",IF(J305="","Status needed",IF(OR(J305="Applied",J305="Visit booked",J305="Withdrawn"),"OK",IF(G305="","Date assessed needed",IF(C305="","Date of birth needed",IF(COUNTA(L305,M305,P305,U305,V305,X305)<6,"Band missing",IF(AND(OR(J305="Decision confirmed",J305="Family told",J305="Enrolled"),AG305=""),"Recommendation needed",IF(AND(OR(J305="Family told",J305="Enrolled"),AJ305=""),"Date family told needed","OK"))))))))

Sheet Year 4
A1: Year 4 admissions tracker
A2: One row per candidate. Type in the white cells (blue text). Grey columns are not used in this year group. Blue-grey columns are calculated: do not type in them. Instructions: sheet How_To_Use.
B3: Maximum mark (Year 4 grading sheet) | K3: 8 | N3: not used | O3: 24 | Q3: 72 | T3: 16 | W3: 25 | Y3: 5 | AA3: not used | AB3: not used
A4: Candidate | F4: Visit and status | K4: English | W4: Maths and science | AC4: Interview and follow-up | AG4: Decision and family | AM4: Calculated: do not type
A5: Candidate number | B5: Name (or initials) | C5: Date of birth | D5: Current school | E5: Boarding (Y/N) | F5: Date applied | G5: Date assessed | H5: Assessor (initials) | I5: Paper version sat | J5: Status | K5: Listening score | L5: Listening band | M5: Speaking band | N5: Early Reading Screen book band (Years 1 to 3) | O5: Reading paper score (Years 4 to 10) | P5: Reading band | Q5: Sentence reading points (of 72) | R5: Reading age (calculated) | S5: Reading aloud band (indicative) | T5: Writing score | U5: Writing band | V5: Overall English band | W5: Maths score | X5: Maths band (1 to 4) | Y5: Maths word problems score | Z5: English barrier in maths? | AA5: Science score | AB5: Science band (1 to 4) | AC5: Lowest suitability rating (1 to 4) | AD5: Learning needs follow-up (Y) | AE5: Wellbeing follow-up (Y) | AF5: Safeguarding referral made (Y) | AG5: Recommendation | AH5: English support level | AI5: Date decision confirmed | AJ5: Date family told | AK5: Date result and report given | AL5: Notes (no sensitive detail) | AM5: Age at assessment (months) | AN5: Reading age minus age (months) | AO5: Days from assessment to family told | AP5: Data check
A6: D04-001 | B6: Demo candidate Y04-01 | C6: 43076 | D6: Demo Bilingual School | E6: N | F6: 46253 | I6: v3.1 | J6: Applied | R6: =IF(Q6="","",IF(Q6=0,"below 5:00",IF(Q6>=66,"16:00 or above",INT((60+2*Q6)/12)&":"&TEXT(MOD(60+2*Q6,12),"00")))) | AM6: =IF(OR(C6="",G6=""),"",IFERROR(DATEDIF(C6,G6,"m"),"")) | AN6: =IF(OR(Q6="",AM6=""),"",60+2*Q6-AM6) | AO6: =IF(OR(G6="",AJ6=""),"",AJ6-G6) | AP6: =IF(AND(A6="",B6=""),"",IF(J6="","Status needed",IF(OR(J6="Applied",J6="Visit booked",J6="Withdrawn"),"OK",IF(G6="","Date assessed needed",IF(C6="","Date of birth needed",IF(COUNTA(L6,M6,P6,U6,V6,X6)<6,"Band missing",IF(AND(OR(J6="Decision confirmed",J6="Family told",J6="Enrolled"),AG6=""),"Recommendation needed",IF(AND(OR(J6="Family told",J6="Enrolled"),AJ6=""),"Date family told needed","OK")))))))) -> OK
A7: D04-002 | B7: Demo candidate Y04-02 | C7: 42961 | D7: Demo Language School | E7: Y | F7: 46240 | G7: 46279 | H7: AB | I7: v3.1 | J7: Assessed | K7: 5 | L7: D | M7: D | O7: 13 | P7: C | Q7: 41 | R7: =IF(Q7="","",IF(Q7=0,"below 5:00",IF(Q7>=66,"16:00 or above",INT((60+2*Q7)/12)&":"&TEXT(MOD(60+2*Q7,12),"00")))) -> 11:10 | S7: E | T7: 9 | U7: C | V7: C | W7: 12 | X7: 2 | Y7: 2 | AC7: 2 | AM7: =IF(OR(C7="",G7=""),"",IFERROR(DATEDIF(C7,G7,"m"),"")) -> 109 | AN7: =IF(OR(Q7="",AM7=""),"",60+2*Q7-AM7) -> 33 | AO7: =IF(OR(G7="",AJ7=""),"",AJ7-G7) | AP7: =IF(AND(A7="",B7=""),"",IF(J7="","Status needed",IF(OR(J7="Applied",J7="Visit booked",J7="Withdrawn"),"OK",IF(G7="","Date assessed needed",IF(C7="","Date of birth needed",IF(COUNTA(L7,M7,P7,U7,V7,X7)<6,"Band missing",IF(AND(OR(J7="Decision confirmed",J7="Family told",J7="Enrolled"),AG7=""),"Recommendation needed",IF(AND(OR(J7="Family told",J7="Enrolled"),AJ7=""),"Date family told needed","OK")))))))) -> OK
A8: D04-003 | B8: Demo candidate Y04-03 | C8: 43238 | D8: Demo Bilingual School | E8: N | F8: 46243 | H8: AB | I8: v3.1 | J8: Visit booked | R8: =IF(Q8="","",IF(Q8=0,"below 5:00",IF(Q8>=66,"16:00 or above",INT((60+2*Q8)/12)&":"&TEXT(MOD(60+2*Q8,12),"00")))) | AM8: =IF(OR(C8="",G8=""),"",IFERROR(DATEDIF(C8,G8,"m"),"")) | AN8: =IF(OR(Q8="",AM8=""),"",60+2*Q8-AM8) | AO8: =IF(OR(G8="",AJ8=""),"",AJ8-G8) | AP8: =IF(AND(A8="",B8=""),"",IF(J8="","Status needed",IF(OR(J8="Applied",J8="Visit booked",J8="Withdrawn"),"OK",IF(G8="","Date assessed needed",IF(C8="","Date of birth needed",IF(COUNTA(L8,M8,P8,U8,V8,X8)<6,"Band missing",IF(AND(OR(J8="Decision confirmed",J8="Family told",J8="Enrolled"),AG8=""),"Recommendation needed",IF(AND(OR(J8="Family told",J8="Enrolled"),AJ8=""),"Date family told needed","OK")))))))) -> OK
A9: D04-004 | B9: Demo candidate Y04-04 | C9: 43198 | D9: Demo Language School | E9: N | F9: 46284 | G9: 46303 | H9: AB | I9: v3.1 | J9: Decision confirmed | K9: 3 | L9: B | M9: B | O9: 8 | P9: B | Q9: 12 | R9: =IF(Q9="","",IF(Q9=0,"below 5:00",IF(Q9>=66,"16:00 or above",INT((60+2*Q9)/12)&":"&TEXT(MOD(60+2*Q9,12),"00")))) -> 7:00 | S9: C | T9: 5 | U9: B | V9: B | W9: 13 | X9: 2 | Y9: 2 | AC9: 4 | AG9: Offer with English support | AH9: Timetabled support lessons | AI9: 46307 | AM9: =IF(OR(C9="",G9=""),"",IFERROR(DATEDIF(C9,G9,"m"),"")) -> 102 | AN9: =IF(OR(Q9="",AM9=""),"",60+2*Q9-AM9) -> -18 | AO9: =IF(OR(G9="",AJ9=""),"",AJ9-G9) | AP9: =IF(AND(A9="",B9=""),"",IF(J9="","Status needed",IF(OR(J9="Applied",J9="Visit booked",J9="Withdrawn"),"OK",IF(G9="","Date assessed needed",IF(C9="","Date of birth needed",IF(COUNTA(L9,M9,P9,U9,V9,X9)<6,"Band missing",IF(AND(OR(J9="Decision confirmed",J9="Family told",J9="Enrolled"),AG9=""),"Recommendation needed",IF(AND(OR(J9="Family told",J9="Enrolled"),AJ9=""),"Date family told needed","OK")))))))) -> OK
A10: D04-005 | B10: Demo candidate Y04-05 | C10: 43207 | D10: Demo Language School | E10: N | F10: 46269 | G10: 46286 | H10: EF | I10: v3.1 | J10: Assessed | K10: 4 | L10: C | M10: B | O10: 8 | P10: B | Q10: 10 | R10: =IF(Q10="","",IF(Q10=0,"below 5:00",IF(Q10>=66,"16:00 or above",INT((60+2*Q10)/12)&":"&TEXT(MOD(60+2*Q10,12),"00")))) -> 6:08 | S10: C | T10: 5 | U10: B | V10: B | W10: 10 | X10: 2 | Y10: 2 | AC10: 3 | AE10: Y | AM10: =IF(OR(C10="",G10=""),"",IFERROR(DATEDIF(C10,G10,"m"),"")) -> 101 | AN10: =IF(OR(Q10="",AM10=""),"",60+2*Q10-AM10) -> -21 | AO10: =IF(OR(G10="",AJ10=""),"",AJ10-G10) | AP10: =IF(AND(A10="",B10=""),"",IF(J10="","Status needed",IF(OR(J10="Applied",J10="Visit booked",J10="Withdrawn"),"OK",IF(G10="","Date assessed needed",IF(C10="","Date of birth needed",IF(COUNTA(L10,M10,P10,U10,V10,X10)<6,"Band missing",IF(AND(OR(J10="Decision confirmed",J10="Family told",J10="Enrolled"),AG10=""),"Recommendation needed",IF(AND(OR(J10="Family told",J10="Enrolled"),AJ10=""),"Date family told needed","OK")))))))) -> OK
A11: D04-006 | B11: Demo candidate Y04-06 | C11: 43213 | D11: Demo Language School | E11: N | F11: 46271 | G11: 46300 | H11: AB | I11: v3.1 | J11: Enrolled | K11: 4 | L11: C | M11: B | O11: 14 | P11: C | Q11: 17 | R11: =IF(Q11="","",IF(Q11=0,"below 5:00",IF(Q11>=66,"16:00 or above",INT((60+2*Q11)/12)&":"&TEXT(MOD(60+2*Q11,12),"00")))) -> 7:10 | S11: D | T11: 8 | U11: C | V11: C | W11: 9 | X11: 2 | Y11: 1 | AC11: 3 | AG11: Offer with English support | AH11: In-class support and monitoring | AI11: 46302 | AJ11: 46304 | AK11: 46304 | AM11: =IF(OR(C11="",G11=""),"",IFERROR(DATEDIF(C11,G11,"m"),"")) -> 101 | AN11: =IF(OR(Q11="",AM11=""),"",60+2*Q11-AM11) -> -7 | AO11: =IF(OR(G11="",AJ11=""),"",AJ11-G11) -> 4 | AP11: =IF(AND(A11="",B11=""),"",IF(J11="","Status needed",IF(OR(J11="Applied",J11="Visit booked",J11="Withdrawn"),"OK",IF(G11="","Date assessed needed",IF(C11="","Date of birth needed",IF(COUNTA(L11,M11,P11,U11,V11,X11)<6,"Band missing",IF(AND(OR(J11="Decision confirmed",J11="Family told",J11="Enrolled"),AG11=""),"Recommendation needed",IF(AND(OR(J11="Family told",J11="Enrolled"),AJ11=""),"Date family told needed","OK")))))))) -> OK
A12: D04-007 | B12: Demo candidate Y04-07 | C12: 43123 | D12: Demo Local Primary | E12: N | F12: 46298 | G12: 46311 | H12: EF | I12: v3.1 | J12: Family told | K12: 2 | L12: B | M12: B | O12: 5 | P12: A | Q12: 6 | R12: =IF(Q12="","",IF(Q12=0,"below 5:00",IF(Q12>=66,"16:00 or above",INT((60+2*Q12)/12)&":"&TEXT(MOD(60+2*Q12,12),"00")))) -> 6:00 | S12: B | T12: 6 | U12: B | V12: B | W12: 15 | X12: 3 | Y12: 3 | AC12: 3 | AG12: Offer with English support | AH12: Timetabled support lessons | AI12: 46317 | AJ12: 46321 | AK12: 46321 | AM12: =IF(OR(C12="",G12=""),"",IFERROR(DATEDIF(C12,G12,"m"),"")) -> 104 | AN12: =IF(OR(Q12="",AM12=""),"",60+2*Q12-AM12) -> -32 | AO12: =IF(OR(G12="",AJ12=""),"",AJ12-G12) -> 10 | AP12: =IF(AND(A12="",B12=""),"",IF(J12="","Status needed",IF(OR(J12="Applied",J12="Visit booked",J12="Withdrawn"),"OK",IF(G12="","Date assessed needed",IF(C12="","Date of birth needed",IF(COUNTA(L12,M12,P12,U12,V12,X12)<6,"Band missing",IF(AND(OR(J12="Decision confirmed",J12="Family told",J12="Enrolled"),AG12=""),"Recommendation needed",IF(AND(OR(J12="Family told",J12="Enrolled"),AJ12=""),"Date family told needed","OK")))))))) -> OK
A13: D04-008 | B13: Demo candidate Y04-08 | C13: 43081 | D13: Demo Local Primary | E13: Y | F13: 46285 | G13: 46307 | H13: CD | I13: v3.1 | J13: Decision confirmed | K13: 3 | L13: B | M13: B | O13: 7 | P13: B | Q13: 11 | R13: =IF(Q13="","",IF(Q13=0,"below 5:00",IF(Q13>=66,"16:00 or above",INT((60+2*Q13)/12)&":"&TEXT(MOD(60+2*Q13,12),"00")))) -> 6:10 | S13: C | T13: 7 | U13: C | V13: B | W13: 15 | X13: 3 | Y13: 2 | AC13: 3 | AD13: Y | AG13: Offer with English support | AH13: Timetabled support lessons | AI13: 46312 | AM13: =IF(OR(C13="",G13=""),"",IFERROR(DATEDIF(C13,G13,"m"),"")) -> 106 | AN13: =IF(OR(Q13="",AM13=""),"",60+2*Q13-AM13) -> -24 | AO13: =IF(OR(G13="",AJ13=""),"",AJ13-G13) | AP13: =IF(AND(A13="",B13=""),"",IF(J13="","Status needed",IF(OR(J13="Applied",J13="Visit booked",J13="Withdrawn"),"OK",IF(G13="","Date assessed needed",IF(C13="","Date of birth needed",IF(COUNTA(L13,M13,P13,U13,V13,X13)<6,"Band missing",IF(AND(OR(J13="Decision confirmed",J13="Family told",J13="Enrolled"),AG13=""),"Recommendation needed",IF(AND(OR(J13="Family told",J13="Enrolled"),AJ13=""),"Date family told needed","OK")))))))) -> OK
R14: =IF(Q14="","",IF(Q14=0,"below 5:00",IF(Q14>=66,"16:00 or above",INT((60+2*Q14)/12)&":"&TEXT(MOD(60+2*Q14,12),"00")))) | AM14: =IF(OR(C14="",G14=""),"",IFERROR(DATEDIF(C14,G14,"m"),"")) | AN14: =IF(OR(Q14="",AM14=""),"",60+2*Q14-AM14) | AO14: =IF(OR(G14="",AJ14=""),"",AJ14-G14) | AP14: =IF(AND(A14="",B14=""),"",IF(J14="","Status needed",IF(OR(J14="Applied",J14="Visit booked",J14="Withdrawn"),"OK",IF(G14="","Date assessed needed",IF(C14="","Date of birth needed",IF(COUNTA(L14,M14,P14,U14,V14,X14)<6,"Band missing",IF(AND(OR(J14="Decision confirmed",J14="Family told",J14="Enrolled"),AG14=""),"Recommendation needed",IF(AND(OR(J14="Family told",J14="Enrolled"),AJ14=""),"Date family told needed","OK"))))))))
R15: =IF(Q15="","",IF(Q15=0,"below 5:00",IF(Q15>=66,"16:00 or above",INT((60+2*Q15)/12)&":"&TEXT(MOD(60+2*Q15,12),"00")))) | AM15: =IF(OR(C15="",G15=""),"",IFERROR(DATEDIF(C15,G15,"m"),"")) | AN15: =IF(OR(Q15="",AM15=""),"",60+2*Q15-AM15) | AO15: =IF(OR(G15="",AJ15=""),"",AJ15-G15) | AP15: =IF(AND(A15="",B15=""),"",IF(J15="","Status needed",IF(OR(J15="Applied",J15="Visit booked",J15="Withdrawn"),"OK",IF(G15="","Date assessed needed",IF(C15="","Date of birth needed",IF(COUNTA(L15,M15,P15,U15,V15,X15)<6,"Band missing",IF(AND(OR(J15="Decision confirmed",J15="Family told",J15="Enrolled"),AG15=""),"Recommendation needed",IF(AND(OR(J15="Family told",J15="Enrolled"),AJ15=""),"Date family told needed","OK"))))))))
R16: =IF(Q16="","",IF(Q16=0,"below 5:00",IF(Q16>=66,"16:00 or above",INT((60+2*Q16)/12)&":"&TEXT(MOD(60+2*Q16,12),"00")))) | AM16: =IF(OR(C16="",G16=""),"",IFERROR(DATEDIF(C16,G16,"m"),"")) | AN16: =IF(OR(Q16="",AM16=""),"",60+2*Q16-AM16) | AO16: =IF(OR(G16="",AJ16=""),"",AJ16-G16) | AP16: =IF(AND(A16="",B16=""),"",IF(J16="","Status needed",IF(OR(J16="Applied",J16="Visit booked",J16="Withdrawn"),"OK",IF(G16="","Date assessed needed",IF(C16="","Date of birth needed",IF(COUNTA(L16,M16,P16,U16,V16,X16)<6,"Band missing",IF(AND(OR(J16="Decision confirmed",J16="Family told",J16="Enrolled"),AG16=""),"Recommendation needed",IF(AND(OR(J16="Family told",J16="Enrolled"),AJ16=""),"Date family told needed","OK"))))))))
R17: =IF(Q17="","",IF(Q17=0,"below 5:00",IF(Q17>=66,"16:00 or above",INT((60+2*Q17)/12)&":"&TEXT(MOD(60+2*Q17,12),"00")))) | AM17: =IF(OR(C17="",G17=""),"",IFERROR(DATEDIF(C17,G17,"m"),"")) | AN17: =IF(OR(Q17="",AM17=""),"",60+2*Q17-AM17) | AO17: =IF(OR(G17="",AJ17=""),"",AJ17-G17) | AP17: =IF(AND(A17="",B17=""),"",IF(J17="","Status needed",IF(OR(J17="Applied",J17="Visit booked",J17="Withdrawn"),"OK",IF(G17="","Date assessed needed",IF(C17="","Date of birth needed",IF(COUNTA(L17,M17,P17,U17,V17,X17)<6,"Band missing",IF(AND(OR(J17="Decision confirmed",J17="Family told",J17="Enrolled"),AG17=""),"Recommendation needed",IF(AND(OR(J17="Family told",J17="Enrolled"),AJ17=""),"Date family told needed","OK"))))))))
R18: =IF(Q18="","",IF(Q18=0,"below 5:00",IF(Q18>=66,"16:00 or above",INT((60+2*Q18)/12)&":"&TEXT(MOD(60+2*Q18,12),"00")))) | AM18: =IF(OR(C18="",G18=""),"",IFERROR(DATEDIF(C18,G18,"m"),"")) | AN18: =IF(OR(Q18="",AM18=""),"",60+2*Q18-AM18) | AO18: =IF(OR(G18="",AJ18=""),"",AJ18-G18) | AP18: =IF(AND(A18="",B18=""),"",IF(J18="","Status needed",IF(OR(J18="Applied",J18="Visit booked",J18="Withdrawn"),"OK",IF(G18="","Date assessed needed",IF(C18="","Date of birth needed",IF(COUNTA(L18,M18,P18,U18,V18,X18)<6,"Band missing",IF(AND(OR(J18="Decision confirmed",J18="Family told",J18="Enrolled"),AG18=""),"Recommendation needed",IF(AND(OR(J18="Family told",J18="Enrolled"),AJ18=""),"Date family told needed","OK"))))))))
R19: =IF(Q19="","",IF(Q19=0,"below 5:00",IF(Q19>=66,"16:00 or above",INT((60+2*Q19)/12)&":"&TEXT(MOD(60+2*Q19,12),"00")))) | AM19: =IF(OR(C19="",G19=""),"",IFERROR(DATEDIF(C19,G19,"m"),"")) | AN19: =IF(OR(Q19="",AM19=""),"",60+2*Q19-AM19) | AO19: =IF(OR(G19="",AJ19=""),"",AJ19-G19) | AP19: =IF(AND(A19="",B19=""),"",IF(J19="","Status needed",IF(OR(J19="Applied",J19="Visit booked",J19="Withdrawn"),"OK",IF(G19="","Date assessed needed",IF(C19="","Date of birth needed",IF(COUNTA(L19,M19,P19,U19,V19,X19)<6,"Band missing",IF(AND(OR(J19="Decision confirmed",J19="Family told",J19="Enrolled"),AG19=""),"Recommendation needed",IF(AND(OR(J19="Family told",J19="Enrolled"),AJ19=""),"Date family told needed","OK"))))))))
R20: =IF(Q20="","",IF(Q20=0,"below 5:00",IF(Q20>=66,"16:00 or above",INT((60+2*Q20)/12)&":"&TEXT(MOD(60+2*Q20,12),"00")))) | AM20: =IF(OR(C20="",G20=""),"",IFERROR(DATEDIF(C20,G20,"m"),"")) | AN20: =IF(OR(Q20="",AM20=""),"",60+2*Q20-AM20) | AO20: =IF(OR(G20="",AJ20=""),"",AJ20-G20) | AP20: =IF(AND(A20="",B20=""),"",IF(J20="","Status needed",IF(OR(J20="Applied",J20="Visit booked",J20="Withdrawn"),"OK",IF(G20="","Date assessed needed",IF(C20="","Date of birth needed",IF(COUNTA(L20,M20,P20,U20,V20,X20)<6,"Band missing",IF(AND(OR(J20="Decision confirmed",J20="Family told",J20="Enrolled"),AG20=""),"Recommendation needed",IF(AND(OR(J20="Family told",J20="Enrolled"),AJ20=""),"Date family told needed","OK"))))))))
R21: =IF(Q21="","",IF(Q21=0,"below 5:00",IF(Q21>=66,"16:00 or above",INT((60+2*Q21)/12)&":"&TEXT(MOD(60+2*Q21,12),"00")))) | AM21: =IF(OR(C21="",G21=""),"",IFERROR(DATEDIF(C21,G21,"m"),"")) | AN21: =IF(OR(Q21="",AM21=""),"",60+2*Q21-AM21) | AO21: =IF(OR(G21="",AJ21=""),"",AJ21-G21) | AP21: =IF(AND(A21="",B21=""),"",IF(J21="","Status needed",IF(OR(J21="Applied",J21="Visit booked",J21="Withdrawn"),"OK",IF(G21="","Date assessed needed",IF(C21="","Date of birth needed",IF(COUNTA(L21,M21,P21,U21,V21,X21)<6,"Band missing",IF(AND(OR(J21="Decision confirmed",J21="Family told",J21="Enrolled"),AG21=""),"Recommendation needed",IF(AND(OR(J21="Family told",J21="Enrolled"),AJ21=""),"Date family told needed","OK"))))))))
R22: =IF(Q22="","",IF(Q22=0,"below 5:00",IF(Q22>=66,"16:00 or above",INT((60+2*Q22)/12)&":"&TEXT(MOD(60+2*Q22,12),"00")))) | AM22: =IF(OR(C22="",G22=""),"",IFERROR(DATEDIF(C22,G22,"m"),"")) | AN22: =IF(OR(Q22="",AM22=""),"",60+2*Q22-AM22) | AO22: =IF(OR(G22="",AJ22=""),"",AJ22-G22) | AP22: =IF(AND(A22="",B22=""),"",IF(J22="","Status needed",IF(OR(J22="Applied",J22="Visit booked",J22="Withdrawn"),"OK",IF(G22="","Date assessed needed",IF(C22="","Date of birth needed",IF(COUNTA(L22,M22,P22,U22,V22,X22)<6,"Band missing",IF(AND(OR(J22="Decision confirmed",J22="Family told",J22="Enrolled"),AG22=""),"Recommendation needed",IF(AND(OR(J22="Family told",J22="Enrolled"),AJ22=""),"Date family told needed","OK"))))))))
R23: =IF(Q23="","",IF(Q23=0,"below 5:00",IF(Q23>=66,"16:00 or above",INT((60+2*Q23)/12)&":"&TEXT(MOD(60+2*Q23,12),"00")))) | AM23: =IF(OR(C23="",G23=""),"",IFERROR(DATEDIF(C23,G23,"m"),"")) | AN23: =IF(OR(Q23="",AM23=""),"",60+2*Q23-AM23) | AO23: =IF(OR(G23="",AJ23=""),"",AJ23-G23) | AP23: =IF(AND(A23="",B23=""),"",IF(J23="","Status needed",IF(OR(J23="Applied",J23="Visit booked",J23="Withdrawn"),"OK",IF(G23="","Date assessed needed",IF(C23="","Date of birth needed",IF(COUNTA(L23,M23,P23,U23,V23,X23)<6,"Band missing",IF(AND(OR(J23="Decision confirmed",J23="Family told",J23="Enrolled"),AG23=""),"Recommendation needed",IF(AND(OR(J23="Family told",J23="Enrolled"),AJ23=""),"Date family told needed","OK"))))))))
R24: =IF(Q24="","",IF(Q24=0,"below 5:00",IF(Q24>=66,"16:00 or above",INT((60+2*Q24)/12)&":"&TEXT(MOD(60+2*Q24,12),"00")))) | AM24: =IF(OR(C24="",G24=""),"",IFERROR(DATEDIF(C24,G24,"m"),"")) | AN24: =IF(OR(Q24="",AM24=""),"",60+2*Q24-AM24) | AO24: =IF(OR(G24="",AJ24=""),"",AJ24-G24) | AP24: =IF(AND(A24="",B24=""),"",IF(J24="","Status needed",IF(OR(J24="Applied",J24="Visit booked",J24="Withdrawn"),"OK",IF(G24="","Date assessed needed",IF(C24="","Date of birth needed",IF(COUNTA(L24,M24,P24,U24,V24,X24)<6,"Band missing",IF(AND(OR(J24="Decision confirmed",J24="Family told",J24="Enrolled"),AG24=""),"Recommendation needed",IF(AND(OR(J24="Family told",J24="Enrolled"),AJ24=""),"Date family told needed","OK"))))))))
R25: =IF(Q25="","",IF(Q25=0,"below 5:00",IF(Q25>=66,"16:00 or above",INT((60+2*Q25)/12)&":"&TEXT(MOD(60+2*Q25,12),"00")))) | AM25: =IF(OR(C25="",G25=""),"",IFERROR(DATEDIF(C25,G25,"m"),"")) | AN25: =IF(OR(Q25="",AM25=""),"",60+2*Q25-AM25) | AO25: =IF(OR(G25="",AJ25=""),"",AJ25-G25) | AP25: =IF(AND(A25="",B25=""),"",IF(J25="","Status needed",IF(OR(J25="Applied",J25="Visit booked",J25="Withdrawn"),"OK",IF(G25="","Date assessed needed",IF(C25="","Date of birth needed",IF(COUNTA(L25,M25,P25,U25,V25,X25)<6,"Band missing",IF(AND(OR(J25="Decision confirmed",J25="Family told",J25="Enrolled"),AG25=""),"Recommendation needed",IF(AND(OR(J25="Family told",J25="Enrolled"),AJ25=""),"Date family told needed","OK"))))))))
... R305: =IF(Q305="","",IF(Q305=0,"below 5:00",IF(Q305>=66,"16:00 or above",INT((60+2*Q305)/12)&":"&TEXT(MOD(60+2*Q305,12),"00")))) | AM305: =IF(OR(C305="",G305=""),"",IFERROR(DATEDIF(C305,G305,"m"),"")) | AN305: =IF(OR(Q305="",AM305=""),"",60+2*Q305-AM305) | AO305: =IF(OR(G305="",AJ305=""),"",AJ305-G305) | AP305: =IF(AND(A305="",B305=""),"",IF(J305="","Status needed",IF(OR(J305="Applied",J305="Visit booked",J305="Withdrawn"),"OK",IF(G305="","Date assessed needed",IF(C305="","Date of birth needed",IF(COUNTA(L305,M305,P305,U305,V305,X305)<6,"Band missing",IF(AND(OR(J305="Decision confirmed",J305="Family told",J305="Enrolled"),AG305=""),"Recommendation needed",IF(AND(OR(J305="Family told",J305="Enrolled"),AJ305=""),"Date family told needed","OK"))))))))

Sheet Year 5
A1: Year 5 admissions tracker
A2: One row per candidate. Type in the white cells (blue text). Grey columns are not used in this year group. Blue-grey columns are calculated: do not type in them. Instructions: sheet How_To_Use.
B3: Maximum mark (Year 5 grading sheet) | K3: 8 | N3: not used | O3: 24 | Q3: 72 | T3: 16 | W3: 25 | Y3: 5 | AA3: 10
A4: Candidate | F4: Visit and status | K4: English | W4: Maths and science | AC4: Interview and follow-up | AG4: Decision and family | AM4: Calculated: do not type
A5: Candidate number | B5: Name (or initials) | C5: Date of birth | D5: Current school | E5: Boarding (Y/N) | F5: Date applied | G5: Date assessed | H5: Assessor (initials) | I5: Paper version sat | J5: Status | K5: Listening score | L5: Listening band | M5: Speaking band | N5: Early Reading Screen book band (Years 1 to 3) | O5: Reading paper score (Years 4 to 10) | P5: Reading band | Q5: Sentence reading points (of 72) | R5: Reading age (calculated) | S5: Reading aloud band (indicative) | T5: Writing score | U5: Writing band | V5: Overall English band | W5: Maths score | X5: Maths band (1 to 4) | Y5: Maths word problems score | Z5: English barrier in maths? | AA5: Science score | AB5: Science band (1 to 4) | AC5: Lowest suitability rating (1 to 4) | AD5: Learning needs follow-up (Y) | AE5: Wellbeing follow-up (Y) | AF5: Safeguarding referral made (Y) | AG5: Recommendation | AH5: English support level | AI5: Date decision confirmed | AJ5: Date family told | AK5: Date result and report given | AL5: Notes (no sensitive detail) | AM5: Age at assessment (months) | AN5: Reading age minus age (months) | AO5: Days from assessment to family told | AP5: Data check
A6: D05-001 | B6: Demo candidate Y05-01 | C6: 42688 | D6: Demo Bilingual School | E6: N | F6: 46227 | G6: 46276 | H6: EF | I6: v3.1 | J6: Assessed | K6: 4 | L6: C | O6: 12 | P6: C | Q6: 20 | R6: =IF(Q6="","",IF(Q6=0,"below 5:00",IF(Q6>=66,"16:00 or above",INT((60+2*Q6)/12)&":"&TEXT(MOD(60+2*Q6,12),"00")))) -> 8:04 | S6: C | T6: 11 | U6: D | V6: C | W6: 14 | X6: 3 | Y6: 2 | Z6: No | AA6: 5 | AB6: 2 | AC6: 3 | AE6: Y | AM6: =IF(OR(C6="",G6=""),"",IFERROR(DATEDIF(C6,G6,"m"),"")) -> 117 | AN6: =IF(OR(Q6="",AM6=""),"",60+2*Q6-AM6) -> -17 | AO6: =IF(OR(G6="",AJ6=""),"",AJ6-G6) | AP6: =IF(AND(A6="",B6=""),"",IF(J6="","Status needed",IF(OR(J6="Applied",J6="Visit booked",J6="Withdrawn"),"OK",IF(G6="","Date assessed needed",IF(C6="","Date of birth needed",IF(COUNTA(L6,M6,P6,U6,V6,X6,AB6)<7,"Band missing",IF(AND(OR(J6="Decision confirmed",J6="Family told",J6="Enrolled"),AG6=""),"Recommendation needed",IF(AND(OR(J6="Family told",J6="Enrolled"),AJ6=""),"Date family told needed","OK")))))))) -> Band missing
A7: D05-002 | B7: Demo candidate Y05-02 | C7: 42742 | D7: Demo Language School | E7: N | F7: 46229 | I7: v3.1 | J7: Withdrawn | R7: =IF(Q7="","",IF(Q7=0,"below 5:00",IF(Q7>=66,"16:00 or above",INT((60+2*Q7)/12)&":"&TEXT(MOD(60+2*Q7,12),"00")))) | AL7: Family chose another school. | AM7: =IF(OR(C7="",G7=""),"",IFERROR(DATEDIF(C7,G7,"m"),"")) | AN7: =IF(OR(Q7="",AM7=""),"",60+2*Q7-AM7) | AO7: =IF(OR(G7="",AJ7=""),"",AJ7-G7) | AP7: =IF(AND(A7="",B7=""),"",IF(J7="","Status needed",IF(OR(J7="Applied",J7="Visit booked",J7="Withdrawn"),"OK",IF(G7="","Date assessed needed",IF(C7="","Date of birth needed",IF(COUNTA(L7,M7,P7,U7,V7,X7,AB7)<7,"Band missing",IF(AND(OR(J7="Decision confirmed",J7="Family told",J7="Enrolled"),AG7=""),"Recommendation needed",IF(AND(OR(J7="Family told",J7="Enrolled"),AJ7=""),"Date family told needed","OK")))))))) -> OK
A8: D05-003 | B8: Demo candidate Y05-03 | C8: 42769 | D8: Demo Language School | E8: N | F8: 46222 | G8: 46280 | H8: CD | I8: v3.1 | J8: Assessed | K8: 1 | L8: A | M8: A | O8: 1 | P8: A | Q8: 0 | R8: =IF(Q8="","",IF(Q8=0,"below 5:00",IF(Q8>=66,"16:00 or above",INT((60+2*Q8)/12)&":"&TEXT(MOD(60+2*Q8,12),"00")))) -> below 5:00 | S8: A | T8: 2 | U8: A | V8: A | W8: 11 | X8: 2 | Y8: 0 | Z8: Yes | AA8: 2 | AB8: 1 | AC8: 4 | AM8: =IF(OR(C8="",G8=""),"",IFERROR(DATEDIF(C8,G8,"m"),"")) -> 115 | AN8: =IF(OR(Q8="",AM8=""),"",60+2*Q8-AM8) -> -55 | AO8: =IF(OR(G8="",AJ8=""),"",AJ8-G8) | AP8: =IF(AND(A8="",B8=""),"",IF(J8="","Status needed",IF(OR(J8="Applied",J8="Visit booked",J8="Withdrawn"),"OK",IF(G8="","Date assessed needed",IF(C8="","Date of birth needed",IF(COUNTA(L8,M8,P8,U8,V8,X8,AB8)<7,"Band missing",IF(AND(OR(J8="Decision confirmed",J8="Family told",J8="Enrolled"),AG8=""),"Recommendation needed",IF(AND(OR(J8="Family told",J8="Enrolled"),AJ8=""),"Date family told needed","OK")))))))) -> OK
A9: D05-004 | B9: Demo candidate Y05-04 | C9: 42677 | D9: Demo Language School | E9: N | F9: 46221 | G9: 46289 | H9: AB | I9: v3.1 | J9: Family told | K9: 3 | L9: B | M9: C | O9: 16 | P9: D | Q9: 27 | R9: =IF(Q9="","",IF(Q9=0,"below 5:00",IF(Q9>=66,"16:00 or above",INT((60+2*Q9)/12)&":"&TEXT(MOD(60+2*Q9,12),"00")))) -> 9:06 | S9: E | T9: 8 | U9: C | V9: C | W9: 17 | X9: 3 | Y9: 4 | Z9: No | AA9: 6 | AB9: 3 | AC9: 3 | AG9: Offer with English support | AH9: In-class support and monitoring | AI9: 46295 | AJ9: 46298 | AK9: 46298 | AM9: =IF(OR(C9="",G9=""),"",IFERROR(DATEDIF(C9,G9,"m"),"")) -> 118 | AN9: =IF(OR(Q9="",AM9=""),"",60+2*Q9-AM9) -> -4 | AO9: =IF(OR(G9="",AJ9=""),"",AJ9-G9) -> 9 | AP9: =IF(AND(A9="",B9=""),"",IF(J9="","Status needed",IF(OR(J9="Applied",J9="Visit booked",J9="Withdrawn"),"OK",IF(G9="","Date assessed needed",IF(C9="","Date of birth needed",IF(COUNTA(L9,M9,P9,U9,V9,X9,AB9)<7,"Band missing",IF(AND(OR(J9="Decision confirmed",J9="Family told",J9="Enrolled"),AG9=""),"Recommendation needed",IF(AND(OR(J9="Family told",J9="Enrolled"),AJ9=""),"Date family told needed","OK")))))))) -> OK
A10: D05-005 | B10: Demo candidate Y05-05 | C10: 42779 | D10: Demo Bilingual School | E10: N | F10: 46263 | G10: 46274 | H10: AB | I10: v3.1 | J10: Enrolled | K10: 3 | L10: B | M10: B | O10: 13 | P10: C | Q10: 11 | R10: =IF(Q10="","",IF(Q10=0,"below 5:00",IF(Q10>=66,"16:00 or above",INT((60+2*Q10)/12)&":"&TEXT(MOD(60+2*Q10,12),"00")))) -> 6:10 | S10: B | T10: 6 | U10: B | V10: B | W10: 11 | X10: 2 | Y10: 2 | Z10: No | AA10: 4 | AB10: 2 | AC10: 3 | AG10: Offer with English support | AH10: Timetabled support lessons | AI10: 46279 | AJ10: 46281 | AK10: 46281 | AM10: =IF(OR(C10="",G10=""),"",IFERROR(DATEDIF(C10,G10,"m"),"")) -> 114 | AN10: =IF(OR(Q10="",AM10=""),"",60+2*Q10-AM10) -> -32 | AO10: =IF(OR(G10="",AJ10=""),"",AJ10-G10) -> 7 | AP10: =IF(AND(A10="",B10=""),"",IF(J10="","Status needed",IF(OR(J10="Applied",J10="Visit booked",J10="Withdrawn"),"OK",IF(G10="","Date assessed needed",IF(C10="","Date of birth needed",IF(COUNTA(L10,M10,P10,U10,V10,X10,AB10)<7,"Band missing",IF(AND(OR(J10="Decision confirmed",J10="Family told",J10="Enrolled"),AG10=""),"Recommendation needed",IF(AND(OR(J10="Family told",J10="Enrolled"),AJ10=""),"Date family told needed","OK")))))))) -> OK
A11: D05-006 | B11: Demo candidate Y05-06 | C11: 42740 | D11: Demo Local Primary | E11: N | F11: 46257 | G11: 46293 | H11: EF | I11: v3.1 | J11: Family told | K11: 2 | L11: B | M11: B | O11: 9 | P11: B | Q11: 14 | R11: =IF(Q11="","",IF(Q11=0,"below 5:00",IF(Q11>=66,"16:00 or above",INT((60+2*Q11)/12)&":"&TEXT(MOD(60+2*Q11,12),"00")))) -> 7:04 | S11: B | T11: 8 | U11: C | V11: B | W11: 18 | X11: 3 | Y11: 3 | Z11: No | AA11: 6 | AB11: 3 | AC11: 4 | AG11: Offer with English support | AH11: Timetabled support lessons | AI11: 46298 | AJ11: 46299 | AK11: 46299 | AM11: =IF(OR(C11="",G11=""),"",IFERROR(DATEDIF(C11,G11,"m"),"")) -> 116 | AN11: =IF(OR(Q11="",AM11=""),"",60+2*Q11-AM11) -> -28 | AO11: =IF(OR(G11="",AJ11=""),"",AJ11-G11) -> 6 | AP11: =IF(AND(A11="",B11=""),"",IF(J11="","Status needed",IF(OR(J11="Applied",J11="Visit booked",J11="Withdrawn"),"OK",IF(G11="","Date assessed needed",IF(C11="","Date of birth needed",IF(COUNTA(L11,M11,P11,U11,V11,X11,AB11)<7,"Band missing",IF(AND(OR(J11="Decision confirmed",J11="Family told",J11="Enrolled"),AG11=""),"Recommendation needed",IF(AND(OR(J11="Family told",J11="Enrolled"),AJ11=""),"Date family told needed","OK")))))))) -> OK
A12: D05-007 | B12: Demo candidate Y05-07 | C12: 42775 | D12: Demo Language School | E12: N | F12: 46235 | G12: 46272 | H12: CD | I12: v3.1 | J12: Assessed | K12: 3 | L12: B | M12: C | O12: 10 | P12: B | Q12: 34 | R12: =IF(Q12="","",IF(Q12=0,"below 5:00",IF(Q12>=66,"16:00 or above",INT((60+2*Q12)/12)&":"&TEXT(MOD(60+2*Q12,12),"00")))) -> 10:08 | S12: E | T12: 9 | U12: C | V12: C | W12: 15 | X12: 3 | Y12: 2 | Z12: No | AA12: 6 | AB12: 3 | AC12: 2 | AM12: =IF(OR(C12="",G12=""),"",IFERROR(DATEDIF(C12,G12,"m"),"")) -> 114 | AN12: =IF(OR(Q12="",AM12=""),"",60+2*Q12-AM12) -> 14 | AO12: =IF(OR(G12="",AJ12=""),"",AJ12-G12) | AP12: =IF(AND(A12="",B12=""),"",IF(J12="","Status needed",IF(OR(J12="Applied",J12="Visit booked",J12="Withdrawn"),"OK",IF(G12="","Date assessed needed",IF(C12="","Date of birth needed",IF(COUNTA(L12,M12,P12,U12,V12,X12,AB12)<7,"Band missing",IF(AND(OR(J12="Decision confirmed",J12="Family told",J12="Enrolled"),AG12=""),"Recommendation needed",IF(AND(OR(J12="Family told",J12="Enrolled"),AJ12=""),"Date family told needed","OK")))))))) -> OK
A13: D05-008 | B13: Demo candidate Y05-08 | C13: 42659 | D13: Demo Language School | E13: N | F13: 46253 | G13: 46279 | H13: AB | I13: v3.1 | J13: Enrolled | K13: 3 | L13: B | M13: B | O13: 7 | P13: B | Q13: 11 | R13: =IF(Q13="","",IF(Q13=0,"below 5:00",IF(Q13>=66,"16:00 or above",INT((60+2*Q13)/12)&":"&TEXT(MOD(60+2*Q13,12),"00")))) -> 6:10 | S13: B | T13: 4 | U13: A | V13: B | W13: 10 | X13: 2 | Y13: 2 | Z13: No | AA13: 4 | AB13: 2 | AC13: 3 | AG13: Offer with English support | AH13: Timetabled support lessons | AI13: 46284 | AJ13: 46285 | AK13: 46285 | AM13: =IF(OR(C13="",G13=""),"",IFERROR(DATEDIF(C13,G13,"m"),"")) -> 118 | AN13: =IF(OR(Q13="",AM13=""),"",60+2*Q13-AM13) -> -36 | AO13: =IF(OR(G13="",AJ13=""),"",AJ13-G13) -> 6 | AP13: =IF(AND(A13="",B13=""),"",IF(J13="","Status needed",IF(OR(J13="Applied",J13="Visit booked",J13="Withdrawn"),"OK",IF(G13="","Date assessed needed",IF(C13="","Date of birth needed",IF(COUNTA(L13,M13,P13,U13,V13,X13,AB13)<7,"Band missing",IF(AND(OR(J13="Decision confirmed",J13="Family told",J13="Enrolled"),AG13=""),"Recommendation needed",IF(AND(OR(J13="Family told",J13="Enrolled"),AJ13=""),"Date family told needed","OK")))))))) -> OK
A14: D05-009 | B14: Demo candidate Y05-09 | C14: 42708 | D14: Demo Language School | E14: N | F14: 46266 | I14: v3.1 | J14: Withdrawn | R14: =IF(Q14="","",IF(Q14=0,"below 5:00",IF(Q14>=66,"16:00 or above",INT((60+2*Q14)/12)&":"&TEXT(MOD(60+2*Q14,12),"00")))) | AL14: Family chose another school. | AM14: =IF(OR(C14="",G14=""),"",IFERROR(DATEDIF(C14,G14,"m"),"")) | AN14: =IF(OR(Q14="",AM14=""),"",60+2*Q14-AM14) | AO14: =IF(OR(G14="",AJ14=""),"",AJ14-G14) | AP14: =IF(AND(A14="",B14=""),"",IF(J14="","Status needed",IF(OR(J14="Applied",J14="Visit booked",J14="Withdrawn"),"OK",IF(G14="","Date assessed needed",IF(C14="","Date of birth needed",IF(COUNTA(L14,M14,P14,U14,V14,X14,AB14)<7,"Band missing",IF(AND(OR(J14="Decision confirmed",J14="Family told",J14="Enrolled"),AG14=""),"Recommendation needed",IF(AND(OR(J14="Family told",J14="Enrolled"),AJ14=""),"Date family told needed","OK")))))))) -> OK
R15: =IF(Q15="","",IF(Q15=0,"below 5:00",IF(Q15>=66,"16:00 or above",INT((60+2*Q15)/12)&":"&TEXT(MOD(60+2*Q15,12),"00")))) | AM15: =IF(OR(C15="",G15=""),"",IFERROR(DATEDIF(C15,G15,"m"),"")) | AN15: =IF(OR(Q15="",AM15=""),"",60+2*Q15-AM15) | AO15: =IF(OR(G15="",AJ15=""),"",AJ15-G15) | AP15: =IF(AND(A15="",B15=""),"",IF(J15="","Status needed",IF(OR(J15="Applied",J15="Visit booked",J15="Withdrawn"),"OK",IF(G15="","Date assessed needed",IF(C15="","Date of birth needed",IF(COUNTA(L15,M15,P15,U15,V15,X15,AB15)<7,"Band missing",IF(AND(OR(J15="Decision confirmed",J15="Family told",J15="Enrolled"),AG15=""),"Recommendation needed",IF(AND(OR(J15="Family told",J15="Enrolled"),AJ15=""),"Date family told needed","OK"))))))))
R16: =IF(Q16="","",IF(Q16=0,"below 5:00",IF(Q16>=66,"16:00 or above",INT((60+2*Q16)/12)&":"&TEXT(MOD(60+2*Q16,12),"00")))) | AM16: =IF(OR(C16="",G16=""),"",IFERROR(DATEDIF(C16,G16,"m"),"")) | AN16: =IF(OR(Q16="",AM16=""),"",60+2*Q16-AM16) | AO16: =IF(OR(G16="",AJ16=""),"",AJ16-G16) | AP16: =IF(AND(A16="",B16=""),"",IF(J16="","Status needed",IF(OR(J16="Applied",J16="Visit booked",J16="Withdrawn"),"OK",IF(G16="","Date assessed needed",IF(C16="","Date of birth needed",IF(COUNTA(L16,M16,P16,U16,V16,X16,AB16)<7,"Band missing",IF(AND(OR(J16="Decision confirmed",J16="Family told",J16="Enrolled"),AG16=""),"Recommendation needed",IF(AND(OR(J16="Family told",J16="Enrolled"),AJ16=""),"Date family told needed","OK"))))))))
R17: =IF(Q17="","",IF(Q17=0,"below 5:00",IF(Q17>=66,"16:00 or above",INT((60+2*Q17)/12)&":"&TEXT(MOD(60+2*Q17,12),"00")))) | AM17: =IF(OR(C17="",G17=""),"",IFERROR(DATEDIF(C17,G17,"m"),"")) | AN17: =IF(OR(Q17="",AM17=""),"",60+2*Q17-AM17) | AO17: =IF(OR(G17="",AJ17=""),"",AJ17-G17) | AP17: =IF(AND(A17="",B17=""),"",IF(J17="","Status needed",IF(OR(J17="Applied",J17="Visit booked",J17="Withdrawn"),"OK",IF(G17="","Date assessed needed",IF(C17="","Date of birth needed",IF(COUNTA(L17,M17,P17,U17,V17,X17,AB17)<7,"Band missing",IF(AND(OR(J17="Decision confirmed",J17="Family told",J17="Enrolled"),AG17=""),"Recommendation needed",IF(AND(OR(J17="Family told",J17="Enrolled"),AJ17=""),"Date family told needed","OK"))))))))
R18: =IF(Q18="","",IF(Q18=0,"below 5:00",IF(Q18>=66,"16:00 or above",INT((60+2*Q18)/12)&":"&TEXT(MOD(60+2*Q18,12),"00")))) | AM18: =IF(OR(C18="",G18=""),"",IFERROR(DATEDIF(C18,G18,"m"),"")) | AN18: =IF(OR(Q18="",AM18=""),"",60+2*Q18-AM18) | AO18: =IF(OR(G18="",AJ18=""),"",AJ18-G18) | AP18: =IF(AND(A18="",B18=""),"",IF(J18="","Status needed",IF(OR(J18="Applied",J18="Visit booked",J18="Withdrawn"),"OK",IF(G18="","Date assessed needed",IF(C18="","Date of birth needed",IF(COUNTA(L18,M18,P18,U18,V18,X18,AB18)<7,"Band missing",IF(AND(OR(J18="Decision confirmed",J18="Family told",J18="Enrolled"),AG18=""),"Recommendation needed",IF(AND(OR(J18="Family told",J18="Enrolled"),AJ18=""),"Date family told needed","OK"))))))))
R19: =IF(Q19="","",IF(Q19=0,"below 5:00",IF(Q19>=66,"16:00 or above",INT((60+2*Q19)/12)&":"&TEXT(MOD(60+2*Q19,12),"00")))) | AM19: =IF(OR(C19="",G19=""),"",IFERROR(DATEDIF(C19,G19,"m"),"")) | AN19: =IF(OR(Q19="",AM19=""),"",60+2*Q19-AM19) | AO19: =IF(OR(G19="",AJ19=""),"",AJ19-G19) | AP19: =IF(AND(A19="",B19=""),"",IF(J19="","Status needed",IF(OR(J19="Applied",J19="Visit booked",J19="Withdrawn"),"OK",IF(G19="","Date assessed needed",IF(C19="","Date of birth needed",IF(COUNTA(L19,M19,P19,U19,V19,X19,AB19)<7,"Band missing",IF(AND(OR(J19="Decision confirmed",J19="Family told",J19="Enrolled"),AG19=""),"Recommendation needed",IF(AND(OR(J19="Family told",J19="Enrolled"),AJ19=""),"Date family told needed","OK"))))))))
R20: =IF(Q20="","",IF(Q20=0,"below 5:00",IF(Q20>=66,"16:00 or above",INT((60+2*Q20)/12)&":"&TEXT(MOD(60+2*Q20,12),"00")))) | AM20: =IF(OR(C20="",G20=""),"",IFERROR(DATEDIF(C20,G20,"m"),"")) | AN20: =IF(OR(Q20="",AM20=""),"",60+2*Q20-AM20) | AO20: =IF(OR(G20="",AJ20=""),"",AJ20-G20) | AP20: =IF(AND(A20="",B20=""),"",IF(J20="","Status needed",IF(OR(J20="Applied",J20="Visit booked",J20="Withdrawn"),"OK",IF(G20="","Date assessed needed",IF(C20="","Date of birth needed",IF(COUNTA(L20,M20,P20,U20,V20,X20,AB20)<7,"Band missing",IF(AND(OR(J20="Decision confirmed",J20="Family told",J20="Enrolled"),AG20=""),"Recommendation needed",IF(AND(OR(J20="Family told",J20="Enrolled"),AJ20=""),"Date family told needed","OK"))))))))
R21: =IF(Q21="","",IF(Q21=0,"below 5:00",IF(Q21>=66,"16:00 or above",INT((60+2*Q21)/12)&":"&TEXT(MOD(60+2*Q21,12),"00")))) | AM21: =IF(OR(C21="",G21=""),"",IFERROR(DATEDIF(C21,G21,"m"),"")) | AN21: =IF(OR(Q21="",AM21=""),"",60+2*Q21-AM21) | AO21: =IF(OR(G21="",AJ21=""),"",AJ21-G21) | AP21: =IF(AND(A21="",B21=""),"",IF(J21="","Status needed",IF(OR(J21="Applied",J21="Visit booked",J21="Withdrawn"),"OK",IF(G21="","Date assessed needed",IF(C21="","Date of birth needed",IF(COUNTA(L21,M21,P21,U21,V21,X21,AB21)<7,"Band missing",IF(AND(OR(J21="Decision confirmed",J21="Family told",J21="Enrolled"),AG21=""),"Recommendation needed",IF(AND(OR(J21="Family told",J21="Enrolled"),AJ21=""),"Date family told needed","OK"))))))))
R22: =IF(Q22="","",IF(Q22=0,"below 5:00",IF(Q22>=66,"16:00 or above",INT((60+2*Q22)/12)&":"&TEXT(MOD(60+2*Q22,12),"00")))) | AM22: =IF(OR(C22="",G22=""),"",IFERROR(DATEDIF(C22,G22,"m"),"")) | AN22: =IF(OR(Q22="",AM22=""),"",60+2*Q22-AM22) | AO22: =IF(OR(G22="",AJ22=""),"",AJ22-G22) | AP22: =IF(AND(A22="",B22=""),"",IF(J22="","Status needed",IF(OR(J22="Applied",J22="Visit booked",J22="Withdrawn"),"OK",IF(G22="","Date assessed needed",IF(C22="","Date of birth needed",IF(COUNTA(L22,M22,P22,U22,V22,X22,AB22)<7,"Band missing",IF(AND(OR(J22="Decision confirmed",J22="Family told",J22="Enrolled"),AG22=""),"Recommendation needed",IF(AND(OR(J22="Family told",J22="Enrolled"),AJ22=""),"Date family told needed","OK"))))))))
R23: =IF(Q23="","",IF(Q23=0,"below 5:00",IF(Q23>=66,"16:00 or above",INT((60+2*Q23)/12)&":"&TEXT(MOD(60+2*Q23,12),"00")))) | AM23: =IF(OR(C23="",G23=""),"",IFERROR(DATEDIF(C23,G23,"m"),"")) | AN23: =IF(OR(Q23="",AM23=""),"",60+2*Q23-AM23) | AO23: =IF(OR(G23="",AJ23=""),"",AJ23-G23) | AP23: =IF(AND(A23="",B23=""),"",IF(J23="","Status needed",IF(OR(J23="Applied",J23="Visit booked",J23="Withdrawn"),"OK",IF(G23="","Date assessed needed",IF(C23="","Date of birth needed",IF(COUNTA(L23,M23,P23,U23,V23,X23,AB23)<7,"Band missing",IF(AND(OR(J23="Decision confirmed",J23="Family told",J23="Enrolled"),AG23=""),"Recommendation needed",IF(AND(OR(J23="Family told",J23="Enrolled"),AJ23=""),"Date family told needed","OK"))))))))
R24: =IF(Q24="","",IF(Q24=0,"below 5:00",IF(Q24>=66,"16:00 or above",INT((60+2*Q24)/12)&":"&TEXT(MOD(60+2*Q24,12),"00")))) | AM24: =IF(OR(C24="",G24=""),"",IFERROR(DATEDIF(C24,G24,"m"),"")) | AN24: =IF(OR(Q24="",AM24=""),"",60+2*Q24-AM24) | AO24: =IF(OR(G24="",AJ24=""),"",AJ24-G24) | AP24: =IF(AND(A24="",B24=""),"",IF(J24="","Status needed",IF(OR(J24="Applied",J24="Visit booked",J24="Withdrawn"),"OK",IF(G24="","Date assessed needed",IF(C24="","Date of birth needed",IF(COUNTA(L24,M24,P24,U24,V24,X24,AB24)<7,"Band missing",IF(AND(OR(J24="Decision confirmed",J24="Family told",J24="Enrolled"),AG24=""),"Recommendation needed",IF(AND(OR(J24="Family told",J24="Enrolled"),AJ24=""),"Date family told needed","OK"))))))))
R25: =IF(Q25="","",IF(Q25=0,"below 5:00",IF(Q25>=66,"16:00 or above",INT((60+2*Q25)/12)&":"&TEXT(MOD(60+2*Q25,12),"00")))) | AM25: =IF(OR(C25="",G25=""),"",IFERROR(DATEDIF(C25,G25,"m"),"")) | AN25: =IF(OR(Q25="",AM25=""),"",60+2*Q25-AM25) | AO25: =IF(OR(G25="",AJ25=""),"",AJ25-G25) | AP25: =IF(AND(A25="",B25=""),"",IF(J25="","Status needed",IF(OR(J25="Applied",J25="Visit booked",J25="Withdrawn"),"OK",IF(G25="","Date assessed needed",IF(C25="","Date of birth needed",IF(COUNTA(L25,M25,P25,U25,V25,X25,AB25)<7,"Band missing",IF(AND(OR(J25="Decision confirmed",J25="Family told",J25="Enrolled"),AG25=""),"Recommendation needed",IF(AND(OR(J25="Family told",J25="Enrolled"),AJ25=""),"Date family told needed","OK"))))))))
R26: =IF(Q26="","",IF(Q26=0,"below 5:00",IF(Q26>=66,"16:00 or above",INT((60+2*Q26)/12)&":"&TEXT(MOD(60+2*Q26,12),"00")))) | AM26: =IF(OR(C26="",G26=""),"",IFERROR(DATEDIF(C26,G26,"m"),"")) | AN26: =IF(OR(Q26="",AM26=""),"",60+2*Q26-AM26) | AO26: =IF(OR(G26="",AJ26=""),"",AJ26-G26) | AP26: =IF(AND(A26="",B26=""),"",IF(J26="","Status needed",IF(OR(J26="Applied",J26="Visit booked",J26="Withdrawn"),"OK",IF(G26="","Date assessed needed",IF(C26="","Date of birth needed",IF(COUNTA(L26,M26,P26,U26,V26,X26,AB26)<7,"Band missing",IF(AND(OR(J26="Decision confirmed",J26="Family told",J26="Enrolled"),AG26=""),"Recommendation needed",IF(AND(OR(J26="Family told",J26="Enrolled"),AJ26=""),"Date family told needed","OK"))))))))
... R305: =IF(Q305="","",IF(Q305=0,"below 5:00",IF(Q305>=66,"16:00 or above",INT((60+2*Q305)/12)&":"&TEXT(MOD(60+2*Q305,12),"00")))) | AM305: =IF(OR(C305="",G305=""),"",IFERROR(DATEDIF(C305,G305,"m"),"")) | AN305: =IF(OR(Q305="",AM305=""),"",60+2*Q305-AM305) | AO305: =IF(OR(G305="",AJ305=""),"",AJ305-G305) | AP305: =IF(AND(A305="",B305=""),"",IF(J305="","Status needed",IF(OR(J305="Applied",J305="Visit booked",J305="Withdrawn"),"OK",IF(G305="","Date assessed needed",IF(C305="","Date of birth needed",IF(COUNTA(L305,M305,P305,U305,V305,X305,AB305)<7,"Band missing",IF(AND(OR(J305="Decision confirmed",J305="Family told",J305="Enrolled"),AG305=""),"Recommendation needed",IF(AND(OR(J305="Family told",J305="Enrolled"),AJ305=""),"Date family told needed","OK"))))))))

Sheet Year 6
A1: Year 6 admissions tracker
A2: One row per candidate. Type in the white cells (blue text). Grey columns are not used in this year group. Blue-grey columns are calculated: do not type in them. Instructions: sheet How_To_Use.
B3: Maximum mark (Year 6 grading sheet) | K3: 8 | N3: not used | O3: 24 | Q3: 72 | T3: 16 | W3: 25 | Y3: 5 | AA3: 10
A4: Candidate | F4: Visit and status | K4: English | W4: Maths and science | AC4: Interview and follow-up | AG4: Decision and family | AM4: Calculated: do not type
A5: Candidate number | B5: Name (or initials) | C5: Date of birth | D5: Current school | E5: Boarding (Y/N) | F5: Date applied | G5: Date assessed | H5: Assessor (initials) | I5: Paper version sat | J5: Status | K5: Listening score | L5: Listening band | M5: Speaking band | N5: Early Reading Screen book band (Years 1 to 3) | O5: Reading paper score (Years 4 to 10) | P5: Reading band | Q5: Sentence reading points (of 72) | R5: Reading age (calculated) | S5: Reading aloud band (indicative) | T5: Writing score | U5: Writing band | V5: Overall English band | W5: Maths score | X5: Maths band (1 to 4) | Y5: Maths word problems score | Z5: English barrier in maths? | AA5: Science score | AB5: Science band (1 to 4) | AC5: Lowest suitability rating (1 to 4) | AD5: Learning needs follow-up (Y) | AE5: Wellbeing follow-up (Y) | AF5: Safeguarding referral made (Y) | AG5: Recommendation | AH5: English support level | AI5: Date decision confirmed | AJ5: Date family told | AK5: Date result and report given | AL5: Notes (no sensitive detail) | AM5: Age at assessment (months) | AN5: Reading age minus age (months) | AO5: Days from assessment to family told | AP5: Data check
A6: D06-001 | B6: Demo candidate Y06-01 | C6: 42301 | D6: Demo Bilingual School | E6: N | F6: 46276 | G6: 46304 | H6: CD | I6: v3.1 | J6: Family told | K6: 4 | L6: C | M6: C | O6: 11 | P6: C | Q6: 34 | R6: =IF(Q6="","",IF(Q6=0,"below 5:00",IF(Q6>=66,"16:00 or above",INT((60+2*Q6)/12)&":"&TEXT(MOD(60+2*Q6,12),"00")))) -> 10:08 | S6: E | T6: 7 | U6: C | V6: C | W6: 15 | X6: 3 | Y6: 3 | Z6: No | AA6: 4 | AB6: 2 | AC6: 4 | AG6: Offer with English support | AH6: In-class support and monitoring | AI6: 46308 | AJ6: 46310 | AK6: 46310 | AM6: =IF(OR(C6="",G6=""),"",IFERROR(DATEDIF(C6,G6,"m"),"")) -> 131 | AN6: =IF(OR(Q6="",AM6=""),"",60+2*Q6-AM6) -> -3 | AO6: =IF(OR(G6="",AJ6=""),"",AJ6-G6) -> 6 | AP6: =IF(AND(A6="",B6=""),"",IF(J6="","Status needed",IF(OR(J6="Applied",J6="Visit booked",J6="Withdrawn"),"OK",IF(G6="","Date assessed needed",IF(C6="","Date of birth needed",IF(COUNTA(L6,M6,P6,U6,V6,X6,AB6)<7,"Band missing",IF(AND(OR(J6="Decision confirmed",J6="Family told",J6="Enrolled"),AG6=""),"Recommendation needed",IF(AND(OR(J6="Family told",J6="Enrolled"),AJ6=""),"Date family told needed","OK")))))))) -> OK
A7: D06-002 | B7: Demo candidate Y06-02 | C7: 42558 | D7: Demo Local Primary | E7: N | F7: 46266 | G7: 46307 | H7: AB | I7: v3.1 | J7: Family told | K7: 3 | L7: B | M7: B | O7: 11 | P7: C | Q7: 30 | R7: =IF(Q7="","",IF(Q7=0,"below 5:00",IF(Q7>=66,"16:00 or above",INT((60+2*Q7)/12)&":"&TEXT(MOD(60+2*Q7,12),"00")))) -> 10:00 | S7: E | T7: 7 | U7: B | V7: B | W7: 12 | X7: 2 | Y7: 3 | Z7: No | AA7: 6 | AB7: 3 | AC7: 1 | AE7: Y | AG7: Further assessment before a decision | AI7: 46311 | AJ7: 46314 | AK7: 46314 | AL7: Demo note: parents asked about the boarding timetable. | AM7: =IF(OR(C7="",G7=""),"",IFERROR(DATEDIF(C7,G7,"m"),"")) -> 123 | AN7: =IF(OR(Q7="",AM7=""),"",60+2*Q7-AM7) -> -3 | AO7: =IF(OR(G7="",AJ7=""),"",AJ7-G7) -> 7 | AP7: =IF(AND(A7="",B7=""),"",IF(J7="","Status needed",IF(OR(J7="Applied",J7="Visit booked",J7="Withdrawn"),"OK",IF(G7="","Date assessed needed",IF(C7="","Date of birth needed",IF(COUNTA(L7,M7,P7,U7,V7,X7,AB7)<7,"Band missing",IF(AND(OR(J7="Decision confirmed",J7="Family told",J7="Enrolled"),AG7=""),"Recommendation needed",IF(AND(OR(J7="Family told",J7="Enrolled"),AJ7=""),"Date family told needed","OK")))))))) -> OK
A8: D06-003 | B8: Demo candidate Y06-03 | C8: 42411 | D8: Demo Language School | E8: N | F8: 46290 | G8: 46300 | H8: CD | I8: v3.1 | J8: Enrolled | K8: 3 | L8: B | M8: C | O8: 8 | P8: B | Q8: 17 | R8: =IF(Q8="","",IF(Q8=0,"below 5:00",IF(Q8>=66,"16:00 or above",INT((60+2*Q8)/12)&":"&TEXT(MOD(60+2*Q8,12),"00")))) -> 7:10 | S8: C | T8: 6 | U8: B | V8: B | W8: 12 | X8: 2 | Y8: 2 | Z8: No | AA8: 7 | AB8: 3 | AC8: 3 | AE8: Y | AG8: Offer with English support | AH8: Timetabled support lessons | AI8: 46302 | AJ8: 46305 | AK8: 46305 | AM8: =IF(OR(C8="",G8=""),"",IFERROR(DATEDIF(C8,G8,"m"),"")) -> 127 | AN8: =IF(OR(Q8="",AM8=""),"",60+2*Q8-AM8) -> -33 | AO8: =IF(OR(G8="",AJ8=""),"",AJ8-G8) -> 5 | AP8: =IF(AND(A8="",B8=""),"",IF(J8="","Status needed",IF(OR(J8="Applied",J8="Visit booked",J8="Withdrawn"),"OK",IF(G8="","Date assessed needed",IF(C8="","Date of birth needed",IF(COUNTA(L8,M8,P8,U8,V8,X8,AB8)<7,"Band missing",IF(AND(OR(J8="Decision confirmed",J8="Family told",J8="Enrolled"),AG8=""),"Recommendation needed",IF(AND(OR(J8="Family told",J8="Enrolled"),AJ8=""),"Date family told needed","OK")))))))) -> OK
